Month,,,Port Authority Area,New York City,Bronx County,Kings County,Nassau County,New York County,Queens County,Richmond County,Rockland County,Suffolk County,Westchester County,Bergen County,Essex County,Hudson County,Middlesex County,Monmouth County,Morris County,Passaic County,Somerset County,Union County,PA.Moderate,PA.Protracted
1/1/96,1996,Q1,7412.376,3387.648102,272.7672725,498.3055515,571.7291861,1973.860682,546.9325088,95.7820878,95.62176449,511.6404286,378.8610687,435.738684,371.8866432,234.15469,375.5740436,220.5259953,254.4033169,180.8163617,157.7187732,236.0578419,7403.353364,7403.353364
4/1/96,,Q2,7464.167,3408.310007,274.5692219,501.4806006,576.2168233,1996.602884,538.2551446,97.4021554,96.85997907,518.0061031,383.0600809,440.4450845,371.5001544,235.6047586,377.8786184,223.2782391,256.8509307,180.0140937,159.9903485,236.1520786,7447.773484,7447.773484
7/1/96,,Q3,7496.019,3418.748068,271.4732673,502.3056344,578.9403055,2006.917462,539.7355866,98.3161171,98.01958169,520.384031,384.2389807,443.9931538,370.9744461,232.7701316,384.0797321,225.6433145,257.295725,180.3201128,164.5836754,236.026842,7492.460125,7492.460125
10/1/96,,Q4,7522.881,3428.525812,269.4649008,502.2161371,581.8270212,2018.085332,539.4388757,99.32056632,97.85741188,524.7930209,385.2402865,446.1551456,370.9682807,235.4399617,384.365591,224.1229683,259.3259442,180.2806705,167.0957077,236.8838783,7537.414886,7537.414886
1/1/97,1997,Q1,7549.184,3437.886039,269.5053383,500.4756523,580.5558211,2028.194726,540.3035149,99.40680692,97.87079129,524.8279336,385.984148,448.2842206,372.1092627,237.5616206,387.8842206,226.8769147,263.2762696,179.6197611,169.7833194,236.6634782,7582.639375,7582.639375
4/1/97,,Q2,7592.882,3459.375135,269.8251036,501.1002186,582.4071249,2043.376524,545.0478321,100.0254567,98.26956224,528.2237895,386.9362257,451.1839235,373.200945,236.6439961,390.9847022,229.2027329,263.3511979,181.8359266,171.8238028,239.4422355,7628.135212,7628.135212
7/1/97,,Q3,7651.591,3489.133996,271.8344657,503.9738646,588.7031875,2061.798715,550.7282365,100.7987148,98.7828056,531.5811781,393.4536428,454.0702424,373.5064555,237.1100234,392.8765536,231.3190388,265.7021606,183.4190424,172.6501648,239.2828082,7673.904023,7673.904023
10/1/97,,Q4,7700.786,3509.389295,273.0498562,505.9293901,589.3808464,2076.782842,552.2291668,101.3980396,100.7160657,538.033784,396.5400815,457.0015617,375.8673961,238.0649537,397.1405273,234.289352,267.394625,182.6978058,172.8007141,241.4688916,7719.947447,7719.947447
1/1/98,1998,Q1,7748.452,3527.85807,271.5539865,503.4754387,590.0475418,2091.428278,558.1784235,103.2219426,101.6343229,546.8049507,398.5277884,461.9012589,377.371602,239.8602599,393.4594509,234.1619208,270.952419,185.4884942,175.0028343,245.3818866,7766.267132,7766.267132
4/1/98,,Q2,7780.44,3545.427949,269.4672928,502.9653536,592.6408431,2111.253066,558.2827243,103.4595124,102.0940821,545.5396424,399.3648366,464.0252954,380.0409006,240.3721328,396.3755966,233.6312643,274.3637469,184.9394463,175.6807874,245.9435765,7812.864734,7812.864734
7/1/98,,Q3,7833.24,3580.851023,271.2926803,512.464265,595.4829195,2129.828568,563.0189035,104.2466067,103.7359452,550.935922,400.4643753,466.709691,380.9267309,243.0492976,395.2289562,234.5567668,276.5717988,184.4482888,174.185448,246.0919369,7859.741923,7859.741923
10/1/98,,Q4,7875.232,3595.603157,272.3476461,511.3462797,598.2826247,2139.203459,567.7053225,105.0004497,104.1136395,554.0500586,400.9857174,470.381638,381.5091494,241.8058538,402.4144954,236.9467519,280.2390913,186.3060281,175.0012245,247.5939704,7906.900374,7906.900374
1/1/99,1999,Q1,7967.975,3630.735371,274.5811471,522.8820245,604.9701448,2157.649866,568.2502129,107.3721202,106.4859178,566.0322777,408.5457225,472.84428,386.5672177,243.7333835,408.7401311,239.6775622,286.7035243,185.8375453,176.4296553,250.6716673,7954.341777,7954.341777
4/1/99,,Q2,7997.51,3638.588011,276.1539285,524.2807092,606.8851412,2158.091505,572.1443487,107.9175192,107.080552,570.0812837,411.1613497,473.7094846,387.781353,247.323751,410.1550203,240.6273662,288.4560343,187.1423479,176.8744215,251.6443836,8002.067827,8002.067827
7/1/99,,Q3,8045.999,3665.360392,277.1751874,525.4483845,605.6879093,2178.640515,575.4778793,108.6184258,107.6793313,574.3775028,412.0133266,474.2694091,388.6941048,246.6021675,418.5277784,242.171286,289.1395747,188.45336,180.4158061,252.6066517,8050.080234,8050.080234
10/1/99,,Q4,8079.877,3684.212413,277.7837109,528.7031808,603.4195398,2189.040839,579.8061845,108.8784986,107.0497363,575.6306041,410.4922596,474.9883982,391.2114605,248.9232551,420.3563521,243.5440532,294.0873704,189.9363985,181.706913,254.3188459,8098.380716,8098.380716
1/1/00,2000,Q1,8146.971,3713.300764,276.7157399,533.9267343,607.9135449,2219.789866,574.994013,107.8744104,106.8758978,578.9238879,412.1196013,477.3496167,393.3704271,253.6028977,423.6605335,246.2962495,296.2249416,192.1806626,187.7238668,257.4277089,8146.971,8146.971
4/1/00,,Q2,8209.422,3750.499066,281.752025,539.381589,611.1555051,2244.744852,575.683104,108.9374955,107.6717738,583.7011805,414.275169,482.4086095,392.8038085,256.5192961,423.8439722,248.6542594,300.1278425,191.7926326,189.5709519,256.3981331,8209.422,8209.422
7/1/00,,Q3,8208.328,3746.214375,279.6389358,533.760031,608.7290018,2249.378317,574.4616568,108.9754343,107.4846109,583.9110535,417.1016195,481.195984,393.9573625,258.8091369,422.7178954,247.6956194,301.7862012,190.9544008,188.5986622,259.1720769,8208.328,8208.328
10/1/00,,Q4,8248.498,3771.615918,281.6832453,532.0318748,609.9305475,2269.667581,578.6378648,109.5953529,107.9379727,589.4341277,421.0049442,480.8623721,397.0026395,258.8519683,422.267091,250.186554,299.176652,190.8219995,190.6435254,258.7614876,8248.498,8248.498
1/1/01,2001,Q1,8269.451,3780.489488,282.2930569,535.462662,615.8422614,2268.988562,583.4189052,110.326302,109.323139,596.6249101,423.0871189,484.5926308,391.7023178,252.0505543,429.8775778,252.9473712,297.7112291,188.6097135,190.0680899,256.5233984,8269.451,8269.451
4/1/01,,Q2,8245.729,3757.514001,282.1190508,535.6411754,610.2443681,2245.708497,584.3952985,109.6499795,109.6720038,596.5878568,422.4469519,484.4925526,393.0406501,252.5061531,428.8074857,254.2724416,298.6061199,188.6440856,191.2820623,257.6117677,8245.729,8245.729
7/1/01,,Q3,8225.9,3745.170932,285.4558696,540.2671052,614.8968043,2225.202702,584.5810098,109.6642447,110.1917015,601.5096769,422.1820308,480.1628765,390.6663435,252.6388762,423.4767704,256.226034,297.478714,187.0320069,189.5747445,254.6936888,8225.9,8225.9
10/1/01,,Q4,8103.954,3637.991239,282.3216132,531.3482119,610.417932,2145.569248,570.0664726,108.6856932,109.2882998,594.6837559,417.6023479,477.6474656,391.9189979,255.9644237,420.1780564,256.6029302,300.9300267,184.6049147,189.2341065,256.8893042,8103.954,8103.954
1/1/02,2002,Q1,8080.491,3615.694812,282.1407961,531.8191857,610.610216,2120.365045,573.8971397,107.4726454,110.1935499,596.0322385,416.9312111,477.9898131,392.1758441,257.0836311,421.4031951,256.2673328,300.9371423,185.9172105,185.279461,253.9745426,8080.491,8080.491
4/1/02,,Q2,8065.828,3619.22642,283.1000617,535.0417954,610.5228436,2118.119645,574.7641308,108.2007877,110.7400101,597.0349334,417.799768,471.8531589,390.436834,252.2050298,420.8103519,255.8194203,298.4329936,184.7324377,183.5537494,252.660849,8065.828,8065.828
7/1/02,,Q3,8043.13,3611.658028,284.0805459,537.7624729,612.1918259,2107.078234,574.8028285,107.9339468,111.2275154,599.3079887,416.9330702,470.5165987,387.7454084,251.0437831,415.5702982,253.8948688,296.5305968,182.6859233,182.7158711,251.109123,8043.13,8043.13
10/1/02,,Q4,8044.564,3605.349048,281.7696994,542.2362759,615.0031522,2097.54649,574.5411935,109.2553897,111.5788087,600.8434973,419.3620392,470.1302211,388.6134038,250.3006089,413.8433095,255.6045125,299.3221311,183.0512093,180.9752488,250.5870094,8044.564,8044.564
1/1/03,2003,Q1,8043.596,3605.672973,282.4559249,542.9449591,615.4799062,2090.669786,579.2521752,110.3501277,111.9739567,605.5044588,417.4604392,467.5749586,389.6553222,248.3000896,408.8156993,254.6704266,298.262087,182.8806029,179.8646644,257.4813153,8043.596,8043.596
4/1/03,,Q2,8019.986,3587.832807,279.3784936,542.372062,614.9799578,2075.898983,579.9795689,110.2036996,111.7413902,606.3170335,418.2558201,467.7712636,387.4227698,246.0609762,406.967597,255.8487302,297.5051378,183.1424416,178.0062392,258.1343363,8019.986,8019.986
7/1/03,,Q3,8025.094,3581.842915,277.319411,541.9650798,618.3405798,2079.688889,573.1766769,109.6928578,112.8789066,610.3991927,419.5515513,467.659657,385.6067805,243.891902,408.8929586,256.7429119,299.1797832,183.3676746,177.2078411,259.531546,8025.094,8025.094
10/1/03,,Q4,8034.631,3589.915324,278.1078709,544.0967566,618.5238828,2082.993971,574.9098746,109.8068504,113.0628853,614.528274,420.0591287,465.7020913,385.9395397,243.6955354,407.3521967,257.2511214,300.3702323,183.0469742,176.2252917,258.9580228,8034.631,8034.631
1/1/04,2004,Q1,8030.531,3589.179492,279.0706576,548.5790498,620.7183638,2073.466636,577.4267072,110.6364418,112.5534149,616.009075,421.9699998,464.2769585,383.499269,243.7256126,406.7928036,260.7210572,298.1630043,182.4961204,178.4234459,252.0016825,8030.531,8030.531
4/1/04,,Q2,8053.288,3604.963189,280.8507175,548.4279812,621.4855689,2086.146626,578.8384516,110.6994129,113.2026431,618.1826572,425.30696,465.5983842,383.8847944,243.1997761,406.7241665,261.4729283,299.7830727,183.2257667,176.2549518,250.0031409,8053.288,8053.288
7/1/04,,Q3,8068.95,3613.909543,281.5052859,553.3711974,622.8449429,2087.019543,581.0445906,110.9689255,113.4162534,622.8753462,425.9621787,464.5571774,382.5604201,242.4515255,407.9949903,262.0617529,300.7517417,184.837743,176.0948482,248.6323369,8068.95,8068.95
10/1/04,,Q4,8076.698,3617.765161,281.3315566,554.326966,621.9377481,2089.388783,581.6653662,111.0524898,114.1705419,622.8227952,427.1166648,464.4008543,383.5195123,243.5617835,408.6111685,263.9385016,300.0189925,183.4615812,177.6577797,247.714915,8076.698,8076.698
1/1/05,2005,Q1,8078.082,3621.74767,283.6914669,552.7725304,613.1970997,2096.09414,578.2336164,110.9559163,113.7012408,619.7834661,425.5084002,468.1767189,383.3130797,247.8307442,408.8857934,264.5666169,302.5058138,183.8657566,180.4631585,244.5378408,8078.082,8078.082
4/1/05,,Q2,8113.218,3642.998062,285.634107,555.565559,616.2630459,2107.337654,582.3726413,112.0881007,114.1260194,621.4653057,425.8237843,467.7529538,383.6161312,248.5931376,410.1239707,266.2869406,304.3382782,185.43872,181.7355317,244.6561187,8113.218,8113.218
7/1/05,,Q3,8143.707,3666.347668,286.7243887,561.0543392,616.2180178,2120.195193,586.3897326,111.9840142,114.0727708,624.4939156,426.2289213,468.199059,384.9297809,249.0009495,409.8019972,267.9177011,304.9613605,184.8748051,183.4095479,243.2506054,8143.707,8143.707
10/1/05,,Q4,8149.369,3674.093529,287.2405672,558.1567552,615.3264918,2132.85407,584.777984,111.0641523,113.8280598,623.3504065,426.3164921,468.7106038,384.2479679,247.733628,410.5677445,267.8780209,303.7566321,185.8602445,184.2475107,243.4512689,8149.369,8149.369
1/1/06,2006,Q1,8183.164,3692.972471,287.40244,560.7460813,614.247663,2147.687132,585.679093,111.4577247,114.9531913,622.7436104,426.8966631,469.0669782,385.0145872,246.8744233,415.3002915,267.9933772,308.5784897,187.5928112,185.1599589,245.7695842,8183.164,8183.164
4/1/06,,Q2,8206.009,3712.325685,287.2472409,563.4400373,615.0370293,2160.522598,588.7262515,112.3895576,115.1196181,625.0031003,426.2566951,468.3865312,385.7863739,246.020397,416.1381761,268.4243338,309.1793179,186.6037556,185.2898036,246.4376828,8206.009,8206.009
7/1/06,,Q3,8226.536,3725.892821,287.2462921,565.2193495,616.3741498,2169.725351,589.875787,113.8260408,115.0325266,625.9855325,427.5228495,469.3448551,387.072433,246.0815393,415.6227277,269.1835934,310.2190617,186.3549385,185.5722192,246.2778527,8226.536,8226.536
10/1/06,,Q4,8262.706,3744.757305,288.0400389,568.7557169,618.9599735,2177.848898,595.5584382,114.5542129,115.6065598,629.9554127,430.5819472,471.4402142,385.2908281,247.0865082,418.7817676,269.4027475,312.1696487,186.5635675,185.9187982,246.1910224,8262.706,8262.706
1/1/07,2007,Q1,8310.286,3775.246702,286.4540203,571.0706514,623.334174,2203.687299,598.4543915,115.5803408,116.2060189,637.879934,433.0571002,472.688898,385.2913872,243.9862325,425.9480301,267.7603637,309.0057215,185.6812609,184.990477,249.2093994,8310.286,8310.286
4/1/07,,Q2,8330.733,3784.596018,288.0090226,571.8399443,622.5232854,2211.565288,598.558637,114.6231252,116.9342307,637.5835838,434.0240149,473.2875862,386.4487175,245.7725979,428.1108432,268.1284402,310.039681,185.0191987,186.3082305,251.9566725,8330.733,8330.733
7/1/07,,Q3,8342.228,3801.603617,288.2969541,574.1652163,621.8275335,2223.322822,601.2963158,114.5223085,117.3663577,638.1545708,434.6726805,472.1800748,385.4188114,245.8022745,427.2678601,266.9674396,307.453993,184.5377825,186.7011741,252.2732307,8342.228,8342.228
10/1/07,,Q4,8375.233,3824.153846,290.437171,578.889905,621.4711247,2234.159904,605.3566179,115.3102473,118.1153569,640.7219433,435.886313,471.6663989,388.5875336,247.4337915,426.1427145,268.4198473,307.666019,185.0471928,186.8724925,253.0491263,8375.233,8375.233
1/1/08,2008,Q1,8405.926,3848.118847,293.0466281,584.067302,623.2241523,2244.179826,610.3641475,116.4609433,117.9794646,642.5403569,437.729261,469.7709447,389.5806694,248.1973046,423.5167247,270.8168841,308.5509394,185.5712954,186.9140021,253.4152539,8405.926,8405.926
4/1/08,,Q2,8384.408,3851.179395,293.3052447,585.1486202,621.0667416,2246.072669,610.5921377,116.0607235,117.8119032,639.241177,436.7781354,467.8718799,386.6127794,247.4181352,418.4773664,269.8459101,306.1948535,184.8568544,186.0355573,251.0177112,8384.408,8384.408
7/1/08,,Q3,8357.851,3851.376614,295.3202401,586.9206927,619.0482066,2242.41681,610.7496993,115.9691718,118.0858913,638.7687625,434.3120738,463.5604372,383.352636,246.2167599,416.524198,267.1111628,304.9188768,182.3704598,184.9146714,247.2904499,8357.851,8357.851
10/1/08,,Q4,8277.198,3825.828664,295.8684246,588.0895638,612.6475599,2218.182986,607.8817381,115.8059517,116.7388306,632.9940476,431.5153459,458.4433658,376.4902895,243.9824749,410.2283947,263.6854345,299.7874396,179.4995665,182.138261,243.2191255,8277.198,8277.198
1/1/09,2009,Q1,8182.962,3785.891018,299.7137264,586.9340112,607.6738431,2177.532932,606.2624488,115.4478992,114.9510852,625.7914614,422.2102716,453.8852673,373.7289522,243.9484028,402.9398786,260.5123251,297.0558087,176.3650143,181.3176033,236.6910683,8182.962,8182.962
4/1/09,,Q2,8086.158,3735.842041,296.7460048,584.7191038,601.0336665,2139.344188,600.4133482,114.619396,113.5780891,618.8167637,416.5689953,447.9854759,371.1758402,241.9599357,398.2020695,258.3759619,294.228091,174.8772574,179.4193363,234.0957764,8086.158,8086.158
7/1/09,,Q3,8059.766,3730.037396,299.1624014,589.9435588,600.6547969,2124.162545,601.9416549,114.827236,113.4800695,617.1570694,415.7895434,445.0982251,366.701884,240.8454479,396.9960147,257.7069964,289.3904722,174.9719089,177.5517376,233.3840376,8059.766,8059.766
10/1/09,,Q4,8040.325,3726.580397,298.6045514,591.4618672,599.50323,2122.197718,599.700118,114.6161424,113.6007752,617.4022277,413.4089451,441.3320403,366.1161469,238.4853102,394.6408642,255.4297458,288.4712453,174.9485344,177.808257,232.5988808,8040.325,8040.325
1/1/10,2010,Q1,8045.088,3741.004746,299.3475276,595.1776196,600.824668,2131.932093,600.488437,114.0590683,113.6128115,617.5331512,412.9932777,442.0969238,360.7114319,238.8787028,393.4354414,254.9667308,285.0751908,176.6399542,174.7243543,232.5909157,8045.088,8045.088
4/1/10,,Q2,8087.418,3769.868383,301.9773335,604.8121203,601.3981265,2142.268715,605.2167471,115.5934673,114.1980345,620.0909073,414.027917,441.8498954,362.8936734,239.3021247,393.1408314,254.5393035,287.2540041,177.1813591,176.2574899,235.4156503,8087.418,8087.418
7/1/10,,Q3,8054.822,3757.094791,299.8515178,601.5395401,599.6027875,2140.340645,600.0667826,115.2963058,113.4353446,618.804759,411.5801701,438.4827918,359.8770683,237.6350141,390.4038871,253.140469,286.9920772,176.5354558,175.823953,235.4127314,8054.822,8054.822
10/1/10,,Q4,8094.748,3787.207656,300.6447284,608.6131725,603.227805,2158.227547,603.9358654,115.7863422,114.117197,623.7126273,412.9301156,440.9591239,358.4562722,238.5078318,390.9838437,253.6774095,285.2807815,175.7594949,176.1895552,233.7381864,8094.748,8094.748
1/1/11,2011,Q1,8126.626,3813.99372,302.1448383,613.0929596,602.9777288,2181.330415,604.1915394,113.2339673,115.5214368,624.4461837,417.0727295,440.6981256,357.7118702,240.1595553,390.9471839,252.9534399,284.409079,176.7674172,177.6049975,231.3633328,8126.626,8126.626
4/1/11,,Q2,8167.984,3836.911488,301.6265165,616.5257489,605.7943125,2195.579749,609.6014571,113.5780161,116.0278939,628.0306538,418.507859,442.3960522,358.3369409,241.2520881,392.7016487,252.9926592,285.4851778,177.7494253,179.2031445,232.5947565,8167.984,8167.984
7/1/11,,Q3,8197.301,3853.678105,300.5766625,616.3677046,607.2993798,2210.867007,612.8779754,112.9887552,116.3050896,631.4328225,420.202263,443.4564748,359.8480309,241.57934,395.4261729,251.6722186,286.7018249,177.6792748,179.6294929,232.3905104,8197.301,8197.301
10/1/11,,Q4,8230.287,3874.60069,301.3927683,621.630405,608.6621187,2223.001703,615.7713146,112.804499,116.6811959,631.4189353,419.0814738,445.2201686,361.3855377,242.2492222,397.5866855,251.4150106,287.9934243,177.7996474,181.4198245,234.7735658,8230.287,8230.287
1/1/12,2012,Q1,8293.476,3906.35517,300.8427294,626.5538382,613.8066327,2241.966159,624.6944477,112.2979951,117.4651863,641.2320753,421.0413131,445.9676702,363.1978829,243.2200479,401.1590127,253.6079507,290.3341255,177.9543252,182.8654157,235.2690919,8293.476,8293.476
4/1/12,,Q2,8298.717,3922.022288,301.3370837,628.3862706,608.3573768,2253.582945,626.3899918,112.325997,116.5182987,636.6467862,420.6029017,445.7598529,361.8999044,244.6054437,403.5923048,252.9963982,289.9000025,177.5810144,183.2521847,234.9817427,8298.717,8298.717
7/1/12,,Q3,8323.316,3937.920082,301.4027645,630.4630813,610.3869548,2264.857573,628.678191,112.5184723,117.3288917,636.9316923,418.5732137,446.3931298,364.2306293,245.6784222,405.6991872,253.7499057,290.3404943,178.1209878,183.5308948,234.4313142,8323.316,8323.316
10/1/12,,Q4,8333.253,3946.846631,302.5570494,630.086599,608.640664,2267.627053,633.6499247,112.9260048,116.7128197,636.8969611,419.8766404,446.9231393,362.6781909,246.6044297,406.042643,252.8629683,292.0586098,178.2033716,184.1592504,234.7463812,8333.253,8333.253
1/1/13,2013,Q1,8383.179,3966.881215,305.1831835,633.6746827,611.4961333,2278.989836,634.7638582,114.2696552,117.344093,643.0714974,419.6783769,451.8353663,361.0506459,246.8829677,410.1415214,255.4723952,295.9644368,177.22881,187.3599476,238.7708932,8383.179,8383.179
4/1/13,,Q2,8434.324,4007.295179,308.6421236,644.3531254,616.0042318,2297.627601,640.9824484,115.6898811,118.3826007,648.6745715,421.1576542,453.2831209,358.6431805,248.2091859,408.5539391,255.4485964,296.9452702,176.0426493,188.5290295,237.1559909,8434.324,8434.324
7/1/13,,Q3,8466.774,4028.286172,309.6732951,649.4795095,615.5362614,2310.546708,641.6201694,116.96649,117.966379,649.2386537,422.2024358,456.9378384,356.6487698,249.4271803,409.7880677,257.6363968,298.2797282,177.8623079,189.9292605,237.0352486,8466.774,8466.774
10/1/13,,Q4,8516.855,4065.87944,311.439752,660.1268399,620.2381694,2329.424339,646.8647295,118.0237793,119.9545988,651.401756,422.8755009,458.0616716,357.1076123,249.0497616,410.9230643,258.1784917,300.382319,176.0756612,190.2389399,236.4887133,8516.855,8516.855
1/1/14,2014,Q1,8536.593,4088.295728,311.1760364,664.538135,621.0720606,2345.747289,648.4588246,118.3754429,119.033357,648.3455307,424.223003,459.6945008,355.4695163,248.8812613,412.552135,258.4244912,299.8155843,174.4583221,190.5430861,235.784124,8536.593,8536.593
4/1/14,,Q2,8596.174,4129.123433,313.88498,672.2657103,620.9696704,2365.925449,658.1733886,118.8739057,119.6382344,650.1051935,426.631655,460.7106943,357.9347925,250.4243108,414.8702546,260.0187312,301.4349896,174.445196,192.5853482,237.2810964,8596.174,8596.174
7/1/14,,Q3,8652.194,4172.156166,317.721311,680.729851,622.3548109,2389.56084,664.9507848,119.1933796,120.554756,653.6761661,429.8839816,461.5858684,356.3514295,252.2198431,415.4089403,260.8209712,301.5892078,174.5669116,193.8857205,237.1398269,8652.194,8652.194
10/1/14,,Q4,8696.585,4205.953529,319.3792909,693.2012141,624.3326765,2402.436621,670.9631144,119.9732888,121.9755207,654.8419759,431.0937149,460.6132891,357.9158655,253.4496717,416.2708422,262.2192002,301.2863855,174.532368,194.3326371,237.7673236,8696.585,8696.585
1/1/15,2015,Q1,8740.147,4238.096841,323.4291275,702.9574228,629.234383,2412.532308,677.577628,121.600355,121.644421,656.1066808,431.9271043,461.4067566,359.940278,254.5841369,419.6730693,261.931571,303.3375948,173.8467335,193.1216659,235.2959635,8740.147,8740.147
4/1/15,,Q2,8780.589,4260.969172,323.7021169,708.417648,631.8508289,2423.960345,682.8680575,122.0210039,122.62155,661.5254206,434.2119244,464.2817747,359.1214155,255.7757673,422.639654,264.1199155,304.6421307,172.8286797,193.8553421,232.145325,8780.589,8780.589
7/1/15,,Q3,8828.343,4287.842245,324.495568,716.2322738,636.3081233,2433.963696,690.4545111,122.6961958,123.2672189,664.3787608,436.5201142,465.641076,360.3313183,257.4878882,426.7148439,264.4515633,306.4839192,172.2592535,194.7348122,231.9220632,8828.343,8828.343
10/1/15,,Q4,8873.888,4320.764124,326.0910061,723.0886965,637.6521122,2454.702304,692.7618494,124.1202684,123.4714072,665.0806113,436.8840518,465.8742298,361.1075206,259.9741856,427.4904674,266.9165219,307.6066606,173.0376451,196.3774773,231.6503848,8873.888,8873.888
1/1/16,2016,Q1,8914.34,4342.032184,325.329689,732.7120639,640.3092242,2464.030364,696.2000959,123.7599709,125.0433411,669.1047398,437.8392979,466.4195906,361.9017937,262.9291042,431.2972664,268.4972313,306.779586,173.8213795,196.0271944,232.338967,8914.34,8914.34
4/1/16,,Q2,8938.195,4354.544947,325.0277075,738.2735805,643.4158765,2468.729328,698.1805746,124.3337561,125.4929997,669.6263654,437.79788,465.6615255,363.4143024,263.9625437,433.5714961,268.6486575,306.308156,174.305786,197.4796489,233.9650156,8938.195,8938.195
7/1/16,,Q3,9001.503,4387.217642,326.2696171,744.140002,647.4009844,2486.925466,704.502099,125.3804579,126.6759354,673.0552067,439.9637086,468.0082364,364.0234206,268.8799673,438.8776352,270.5059847,307.5492702,175.101573,198.1557571,236.0878779,9001.503,9001.503
10/1/16,,Q4,9027.199,4399.526324,325.0723781,747.1210573,647.8745305,2493.575006,708.4010899,125.356793,126.9669647,675.6863488,440.521535,469.2565684,363.6469492,271.9030213,443.0165787,270.78826,308.4814342,175.6717787,198.789569,235.0692374,9027.199,9027.199
1/1/17,2017,Q1,9081.673,4436.84595,325.5789195,756.8722916,648.4850106,2514.631009,714.2628303,125.5008994,128.2008946,679.88635,443.1341179,467.3663738,367.0832388,273.5634057,444.5844344,270.87935,309.0078305,176.1846815,200.860073,235.5899894,9081.673,9081.673
4/1/17,,Q2,9105.442,4450.839443,326.9629102,761.3330745,648.8186598,2521.173533,716.0648549,125.3050704,128.4000571,679.3397484,443.4730882,467.8300825,368.8666987,275.5537614,445.0254032,272.0817362,310.8221412,175.5804708,201.3721014,237.4394082,9105.442,9105.442
7/1/17,,Q3,9163.169,4487.730986,329.5305748,773.094298,652.9857025,2538.21813,720.8487606,126.0392224,129.8169551,682.8253741,444.4663285,468.2552686,370.5826681,276.3776893,447.9617237,273.5518737,312.806541,175.1965732,202.8191827,237.7918336,9163.169,9163.169
10/1/17,,Q4,9186.8,4504.809504,330.4424253,779.2656465,653.7715679,2544.791206,724.0283534,126.2818727,129.853793,682.0562494,445.4645799,469.0058734,369.6785066,275.6517064,451.2616116,273.7799352,313.5154485,174.9760203,203.0256141,239.9488895,9186.8,9186.8
1/1/18,2018,Q1,9210.258,4525.093662,332.7429641,785.6538376,656.9236308,2551.569678,728.1377569,126.9894256,130.638515,678.5763345,445.1441663,469.0042126,368.0544369,276.7713614,451.1951931,273.9607122,314.2241337,175.0787148,201.221093,244.3707334,9210.258,9210.258
4/1/18,,Q2,9246.159,4549.630026,333.236454,795.6625072,655.5607909,2562.008384,730.9490626,127.7736184,131.3229793,682.262961,446.3917769,468.3033046,368.5888807,277.5558552,454.2170756,275.1227918,314.681396,175.4766673,202.0951437,244.9508509,9246.159,9246.159
7/1/18,,Q3,9273.959,4575.266709,334.179852,803.8284909,654.2621794,2572.764379,736.3036529,128.1903336,131.3557975,683.5622379,447.1025346,468.1197336,369.8421899,279.2062714,453.9974522,275.3421601,313.7253282,175.2381883,202.2180043,244.7200139,9273.959,9273.959
10/1/18,,Q4,9316.517,4604.120736,336.5588871,813.2723652,654.4864583,2586.196745,738.4641198,129.6286188,133.254306,684.2558265,449.2812066,468.9557895,370.3613315,281.921472,457.7645223,275.453658,314.2587767,173.920543,202.9370645,245.5449096,9316.517,9316.517
1/1/19,2019,Q1,9352.361,4629.909231,336.6489732,812.7668781,653.8850597,2606.432924,741.9393269,132.1211284,133.6035179,685.7248701,450.3275636,469.3398305,371.3499199,283.4755397,455.4668553,277.6322658,316.663721,174.1983074,205.2204768,245.5639418,9352.361,9352.361
4/1/19,,Q2,9391.288,4665.136542,337.0657578,822.8706548,652.2232054,2626.638812,746.0220373,132.5392807,134.8554225,685.1181116,449.0837179,469.2583875,374.1080715,285.1680027,456.916488,277.9264383,317.4362259,173.802816,204.5920722,245.6629983,9391.288,9391.288
7/1/19,,Q3,9411.63,4681.833539,337.60655,831.8708878,651.703174,2631.463869,747.3373811,133.5548506,135.2143605,684.7713507,447.5760214,471.1188371,375.4986843,283.7064074,455.7882223,278.9468186,317.9760978,176.0342568,204.0621759,247.3996544,9411.63,9411.63
10/1/19,,Q4,9444.416,4691.40096,339.2604074,835.1467866,653.1445699,2634.373842,748.7041439,133.9157801,135.4459908,685.2555422,448.0335774,475.083173,377.8731296,285.9547413,459.7480615,281.5255482,319.6826196,177.3747365,205.0409408,248.8518087,9444.416,9444.416
1/1/20,2020,Q1,9428.288,4680.769499,338.4943532,833.8145464,651.1021778,2627.182941,747.4740865,133.8035711,135.2697548,682.589954,447.1032719,476.4664557,376.5231634,286.2436915,460.0073384,282.3523737,319.2156532,177.7603045,204.7706285,248.1131339,9428.288,9428.288
4/1/20,,Q2,7728.218,3838.940447,283.2062893,683.6904978,526.0140853,2164.526139,600.2208286,107.296692,108.9471673,547.5658488,359.4057113,386.867296,320.1886255,239.0337208,379.5578069,223.2478893,269.6445288,146.1619369,173.931007,208.7104293,7728.218,7728.218
7/1/20,,Q3,8030.909,3981.913361,293.7410245,714.0296202,547.6117887,2233.167573,628.5313096,112.443834,113.8564413,571.4538387,374.155625,403.3029643,331.9920489,247.5792016,395.04155,234.3534697,279.498725,152.3805977,180.4856062,217.2822817,8030.909,8030.836
10/1/20,,Q4,8298.747,4106.860966,301.3655742,738.6779661,566.5433436,2297.345986,652.919241,116.5521993,118.1019284,593.5877574,387.051652,418.2498578,341.7274018,255.046149,409.0896157,243.995295,289.0370585,157.7904716,186.6645991,225.0016038,8298.747,8257.063
1/1/21,2021,Q1,8559.917,4236.55096,309.9705628,763.0414847,584.7668967,2366.826799,676.2798553,120.4322583,121.9830167,614.5536535,399.1269335,431.0313288,351.6217037,262.613585,421.2009209,252.2510822,297.8779257,162.3248081,192.3095342,231.7026513,8559.917,8342.969
4/1/21,,Q2,8762.752,4339.250526,316.3157239,782.6288422,599.0122508,2421.832905,694.9597321,123.5133222,125.062905,630.640922,408.5244906,440.6291659,358.9133364,268.2030758,430.1562869,258.9057784,304.6273079,165.6039308,196.5191904,236.7034333,8762.752,8428.473
7/1/21,,Q3,8954.15,4436.71063,322.2416754,801.2573744,612.466359,2474.127206,712.6811269,126.4032477,127.9649649,645.9060635,417.288726,449.6021914,365.6821662,273.4382146,438.5300175,265.1161294,310.9687832,168.6222738,200.4817823,241.3716978,8954.15,8526.057
10/1/21,,Q4,9125.66,4525.16225,327.5634967,818.2535251,624.6261045,2521.568422,728.7645575,129.0122479,130.5593782,659.7254611,425.068331,457.375878,371.6200748,278.0255023,445.746896,270.6203547,316.5740555,171.181528,203.9703884,245.401898,9125.66,8617.096
1/1/22,2022,Q1,9204.635,4568.80429,330.0258288,826.9599638,629.5960879,2546.41268,735.4199392,129.9858789,131.6692677,665.1470919,428.0104598,460.6005824,374.1752577,280.220762,448.9017936,273.183583,319.3156558,172.1683391,205.7416062,247.1005225,9204.635,8627.99
4/1/22,,Q2,9254.897,4598.58522,332.1362965,834.5672295,632.8642731,2560.606675,740.5652885,130.7097298,132.4587617,668.4522222,429.624703,462.2672378,375.5865578,281.4886989,450.5687054,274.7139465,320.9104896,172.6415016,206.7553219,247.9798607,9254.897,8624.97
7/1/22,,Q3,9307.725,4629.333302,333.5501662,840.1609146,635.6672279,2579.678893,744.7188714,131.2244571,133.1659436,671.918301,431.2902129,464.0860696,377.1413546,282.9898859,452.7520745,276.0982046,322.9584697,173.1361388,208.1177566,249.0699577,9307.725,8631.44
10/1/22,,Q4,9336.221,4647.98403,334.3575653,844.0035028,636.9295166,2590.974168,747.1847387,131.4640553,133.5490648,673.6557223,431.83177,464.6305503,377.7493149,283.7603884,453.7268728,276.6982298,324.0916212,173.211749,208.8869817,249.5158886,9336.221,8626.567
1/1/23,2023,Q1,9353.147,4659.08699,334.9375889,847.0638704,637.4947727,2596.112024,749.3229624,131.6505445,133.753337,674.8131851,431.7894479,464.9140448,378.0737089,284.3481297,454.4346606,277.061933,324.8385089,173.2518027,209.4924071,249.7936717,9353.147,8621.971
4/1/23,,Q2,9368.295,4669.694479,335.4443848,849.9377866,637.9399615,2601.274613,751.2419991,131.7956955,133.9171542,675.7979715,431.6241846,465.0379556,378.3088862,284.9175479,455.0014395,277.3271017,325.4819117,173.2358923,210.0176832,249.9934312,9368.295,8625.218
7/1/23,,Q3,9382.73,4680.060531,335.9523658,852.8216765,638.3446446,2606.208845,753.1437225,131.9339204,134.0726829,676.7172889,431.4195855,465.1127485,378.516049,285.4602632,455.5084849,277.5583127,326.0860701,173.1977069,210.5129648,250.1641673,9382.73,8636.108
10/1/23,,Q4,9389.304,4686.494021,336.199664,854.974031,638.2096065,2608.936898,754.4231842,131.9602444,134.1095134,677.10972,430.8405277,464.7710888,378.4440668,285.8081643,455.6169289,277.5388,326.4031854,173.0159553,210.8203909,250.1215309,9389.304,8646.783
1/1/24,2024,Q1,9395.831,4692.880691,336.432637,857.0991376,638.0531967,2611.688148,755.6819579,131.9788106,134.1440482,677.5128118,430.248925,464.4347281,378.3731784,286.1625181,455.7374933,277.5129292,326.7190324,172.8380257,211.1314109,250.0818115,9395.831,8662.464
4/1/24,,Q2,9401.922,4698.864412,336.6674559,859.2330877,637.8804661,2614.005487,756.9590899,131.9992917,134.1833696,677.9376685,429.650136,464.1067311,378.2898807,286.4603193,455.8767151,277.4840695,327.026681,172.668215,211.4411891,250.0517468,9401.922,8682.345
7/1/24,,Q3,9407.865,4704.708167,336.8799955,861.3118626,637.6722063,2616.30393,758.2017252,132.0106534,134.2181205,678.3590606,429.0365884,463.7871131,378.2049585,286.7629776,456.0378489,277.4475574,327.3421688,172.5015643,211.7592097,250.028359,9407.865,8704.008
10/1/24,,Q4,9413.422,4710.364443,337.0867397,863.3741882,637.4344063,2618.474958,759.4110987,132.017459,134.2464952,678.7344514,428.4046141,463.4510021,378.1099421,287.0563348,456.1792649,277.4077173,327.6434822,172.3275441,212.0657771,249.9962251,9413.422,8727.095
1/1/25,2025,Q1,9418.311,4715.799977,337.3213875,865.5421514,637.1992681,2620.248029,760.6587266,132.0296822,134.2764329,679.0589666,427.7503112,463.0640805,377.970935,287.3036158,456.250978,277.3451394,327.8938703,172.1350714,212.3329345,249.9293194,9418.311,8749.785
4/1/25,,Q2,9423.312,4721.32598,337.5610016,867.7481688,636.9672564,2622.040061,761.9321659,132.0445832,134.3097996,679.3746231,427.1001659,462.68352,377.8333804,287.5539402,456.3330151,277.2840104,328.1436556,171.9436583,212.5972905,249.8636043,9423.312,8772.744
7/1/25,,Q3,9428.419,4726.894258,337.7898418,869.9313231,636.7287564,2623.908024,763.2074494,132.05762,134.3432172,679.6998821,426.452619,462.3080029,377.7012439,287.8119544,456.4317358,277.2225454,328.4013247,171.7529206,212.865841,249.8048984,9428.419,8794.434
10/1/25,,Q4,9433.516,4732.443812,338.018672,872.1187295,636.493737,2625.751342,764.4847214,132.0703471,134.3769432,680.0317109,425.8055778,461.9326272,377.5694274,288.0694195,456.530279,277.159943,328.658341,171.5627832,213.1337094,249.7477893,9433.516,8815.266
1/1/26,2026,Q1,9438.585,4737.983792,338.2470475,874.3134009,636.2578713,2627.578073,765.7629146,132.0823568,134.4090939,680.3576786,425.157428,461.555083,377.4407626,288.3266969,456.6252929,277.1005925,328.9133931,171.3714358,213.3972182,249.6896608,9438.585,8858.81
4/1/26,,Q2,9444.896,4744.142751,338.5126791,876.637416,636.0958732,2629.736526,767.1461029,132.1100278,134.460606,680.7589566,424.562521,461.2477875,377.358902,288.6240646,456.793178,277.0783458,329.2135351,171.2044985,213.6886782,249.6669022,9444.896,8912.766
7/1/26,,Q3,9452.032,4750.705345,338.8048394,879.0553449,635.9818901,2632.092043,768.6047756,132.1483426,134.5253748,681.209834,424.0020862,460.9897151,377.3069166,288.9464351,457.013963,277.0804459,329.5461181,171.0543278,214.0008041,249.6690439,9452.032,8979.018
10/1/26,,Q4,9459.536,4757.45517,339.1074098,881.5141904,635.8924896,2634.547291,770.0952445,132.1910344,134.5954433,681.6849684,423.4573562,460.7498893,377.2685998,289.2814624,457.2530649,277.0926687,329.8922945,170.9105132,214.3208478,249.6810321,9459.536,9046.021
1/1/27,2027,Q1,9467.812,4764.617607,339.4348482,884.0614823,635.8553805,2637.220842,771.6563376,132.2440964,134.6772187,682.2151199,422.9465064,460.5441466,377.2557192,289.6379584,457.5312342,277.1253538,330.2630365,170.778327,214.6549986,249.7099935,9467.812,9107.001
4/1/27,,Q2,9476.731,4772.113914,339.7835879,886.6846691,635.8608964,2640.063776,773.2760696,132.305811,134.7694523,682.7852447,422.4639858,460.3730639,377.2631266,290.0124821,457.8441722,277.1756756,330.6544653,170.6576725,215.0023532,249.7561953,9476.731,9165.799
7/1/27,,Q3,9486.2,4779.91383,340.1500046,889.3732843,635.9031078,2643.071778,774.944307,132.374456,134.8698713,683.3905313,422.0052334,460.2251479,377.2868707,290.4026247,458.1808672,277.2398165,331.0631541,170.543784,215.359844,249.8135172,9486.2,9222.208
10/1/27,,Q4,9496.04,4787.919752,340.5260764,892.1001501,635.9706595,2646.201204,776.6448889,132.4474324,134.9754861,684.0251847,421.562561,460.0926269,377.321684,290.8037545,458.5351057,277.3122221,331.4839717,170.4347335,215.7247723,249.8790859,9496.04,9276.471
1/1/28,2028,Q1,9506.15,4796.052755,340.9295745,894.9181297,636.0735916,2649.281006,778.3953912,132.5286542,135.0889384,684.678096,421.1339837,459.9743808,377.3632311,291.2075892,458.8974251,277.3960935,331.9088997,170.3326324,216.0907519,249.9505314,9506.15,9326.814
4/1/28,,Q2,9516.579,4804.340637,341.3343295,897.7492633,636.1946107,2652.478996,780.1659156,132.6121325,135.2063135,685.3630978,420.7187683,459.8711447,377.4146719,291.6227939,459.2793383,277.4866151,332.346629,170.2362719,216.4656578,250.0318507,9516.579,9377.181
7/1/28,,Q3,9527.234,4812.749973,341.7471308,900.6121706,636.3341697,2655.732318,781.9597225,132.6986314,135.3275812,686.0715792,420.3143716,459.775957,377.4708176,292.043494,459.669172,277.581427,332.7909391,170.1426842,216.844567,250.1177671,9527.234,9426.027
10/1/28,,Q4,9538.28,4821.363901,342.1722353,903.5230176,636.5017603,2659.089428,783.7891287,132.7900912,135.4547726,686.8089316,419.9264528,459.6986096,377.5383017,292.4752722,460.0777422,277.6862069,333.2477965,170.0555784,217.2314475,250.2132269,9538.28,9473.14
1/1/29,2029,Q1,9549.601,4830.136788,342.6067043,906.4768494,636.6878724,2662.519367,785.6485636,132.885304,135.5866292,687.56461,419.550057,459.632036,377.6116547,292.9130841,460.5003965,277.7972868,333.7111042,169.9715668,217.6214413,250.313373,9549.601,9515.345
4/1/29,,Q2,9561.22,4839.07535,343.0522584,909.4735491,636.896882,2666.02639,787.5386285,132.9845241,135.7234317,688.3439301,419.1866252,459.5783359,377.6926189,293.3581687,460.9373865,277.9156298,334.1835562,169.8917926,218.0168426,250.4201497,9561.22,9554.988
7/1/29,,Q3,9573.105,4848.15149,343.5048398,912.5016826,637.1229172,2669.607666,789.4509532,133.0863483,135.8641258,689.1456406,418.8338041,459.5367244,377.7803523,293.8109942,461.3863024,278.0398107,334.6655232,169.8162147,218.4185573,250.533543,9573.105,9573.105
10/1/29,,Q4,9585.318,4857.390639,343.9656817,915.5644296,637.3690672,2673.27892,791.3901473,133.19146,136.0093781,689.972491,418.4932834,459.5122644,377.8778345,294.2738505,461.8540504,278.1718516,335.1599445,169.7469667,218.8289043,250.6562744,9585.318,9585.318
1/1/30,2030,Q1,9597.824,4866.799819,344.4355791,918.6667878,637.6371242,2677.035544,793.3609475,133.3009611,136.1592874,690.8241148,418.1660715,459.4980183,377.9815858,294.743152,462.3353223,278.3092746,335.6621896,169.6804858,219.244091,250.7841632,9597.824,9597.824
4/1/30,,Q2,9610.625,4876.352572,344.9150764,921.8082513,637.9217765,2680.85978,795.3563203,133.4131445,136.313307,691.6925616,417.8486182,459.5013698,378.0957169,295.2225004,462.8341481,278.4565459,336.1768528,169.6204804,219.6669753,250.9210748,9610.625,9610.625
7/1/30,,Q3,9623.706,4886.059795,345.4022778,924.9830436,638.2234047,2684.772939,797.3736192,133.5279157,136.4708977,692.5801747,417.5413978,459.5165452,378.2179864,295.7122495,463.3450205,278.6106874,336.7020734,169.5645994,220.0967528,251.0645158,9623.706,9623.706
10/1/30,,Q4,9636.913,4895.847037,345.8928677,928.1902483,638.530452,2688.711689,799.4084763,133.6437559,136.6315052,693.4729582,417.2378758,459.5378235,378.340747,296.2052896,463.8643335,278.7671397,337.2289013,169.5111829,220.5267978,251.2100564,9636.913,9636.913
1/1/31,2031,Q1,9650.034,4905.563022,346.3911865,931.4261935,638.8599055,2692.507667,801.4730145,133.7649603,136.7964532,694.4065289,416.9396815,459.5474109,378.4534109,296.6846848,464.3695874,278.9168307,337.7400821,169.4577617,220.948001,251.3511394,9650.034,9650.034
4/1/31,,Q2,9663.518,4915.44748,346.9054756,934.7191271,639.20723,2696.364221,803.5684958,133.8901607,136.9667093,695.3531065,416.6561428,459.5861685,378.5776606,297.1698366,464.894432,279.0842543,338.2730468,169.4126528,221.3828199,251.50396,9663.518,9663.518
7/1/31,,Q3,9676.799,4925.222399,347.4183883,938.0114245,639.5490256,2700.117641,805.6606812,134.0142642,137.1344197,696.2909219,416.3649065,459.6129654,378.6959916,297.6490752,465.4052771,279.2460346,338.79891,169.3637812,221.811599,251.6517928,9676.799,9676.799
10/1/31,,Q4,9690.599,4935.266416,347.9489631,941.3714883,639.9260052,2703.997088,807.8032621,134.1456145,137.3105437,697.2669941,416.0960237,459.6652237,378.8296064,298.141994,465.9415204,279.4227107,339.3435647,169.3238804,222.2519773,251.8126394,9690.599,9690.599
1/1/32,2032,Q1,9704.509,4945.378831,348.4835891,944.7546388,640.3118057,2707.899235,809.9625484,134.2788198,137.4879815,698.2521015,415.8308858,459.7179327,378.9657454,298.6387363,466.4821816,279.6014375,339.8903372,169.2838227,222.6923721,251.9746286,9704.509,9704.509
4/1/32,,Q2,9718.53,4955.538921,349.0204998,948.1520032,640.7033566,2711.823654,812.1301696,134.4125937,137.6668614,699.2493859,415.5690375,459.7777814,379.1049122,299.1387174,467.0311244,279.7823847,340.4429912,169.2466169,223.1372463,252.1409634,9718.53,9718.53
7/1/32,,Q3,9732.245,4965.531884,349.5484748,951.5272903,641.0787963,2715.632028,814.2811844,134.5429068,137.8413122,700.2338939,415.2936555,459.8205384,379.233353,299.6304347,467.5647591,279.953927,340.9850592,169.2043036,223.5746404,252.3003428,9732.245,9732.245
10/1/32,,Q4,9745.778,4975.42,350.0709741,954.8881208,641.4443954,2719.373029,816.4175898,134.6702857,138.0133723,701.2165222,415.0106062,459.8546768,379.3528616,300.1138501,468.0893495,280.1176418,341.5216608,169.1591067,224.0094793,252.4558775,9745.778,9745.778
1/1/33,2033,Q1,9759.351,4985.346736,350.5979317,958.2716761,641.8189886,2723.107718,818.5697821,134.7996275,138.1863932,702.2058873,414.7297982,459.8835118,379.4708918,300.5974799,468.6111932,280.2813938,342.0566319,169.1117108,224.4415199,252.6095639,9759.351,9759.351
4/1/33,,Q2,9773.082,4995.350831,351.1293094,961.6767891,642.2027298,2726.879928,820.7344643,134.9303402,138.3616047,703.208157,414.4544724,459.9214193,379.5936568,301.0859654,469.1422155,280.4494862,342.5988917,169.0674379,224.8785233,252.7684091,9773.082,9773.082
7/1/33,,Q3,9786.591,5005.232738,351.6544949,965.0665797,642.5795113,2730.560444,822.8918731,135.0593454,138.5339033,704.2083091,414.1703969,459.9448577,379.7063083,301.5674602,469.6573017,280.6088995,343.1323639,169.0195844,225.3096479,252.9214182,9786.591,9786.591
10/1/33,,Q4,9799.902,5015.021132,352.1741327,968.441249,642.9479419,2734.188755,825.0317757,135.1852193,138.7030683,705.2035786,413.8783367,459.9546782,379.807912,302.0395776,470.1585947,280.759049,343.6578996,168.9666497,225.7363129,253.0679689,9799.902,9799.902
1/1/34,2034,Q1,9813.236,5024.827302,352.6967314,971.832565,643.3216585,2737.801736,827.1838014,135.3124683,138.8730296,706.2047739,413.5872892,459.9622416,379.9091936,302.5125111,470.658745,280.9095408,344.1830537,168.9127323,226.1616901,253.2140387,9813.236,9813.236
4/1/34,,Q2,9826.718,5034.704697,353.2236761,975.2452399,643.7037731,2741.447165,829.3476636,135.4409526,139.0448413,707.2159495,413.300768,459.9783778,380.014651,302.9892845,471.1673382,281.0639678,344.7148904,168.861823,226.591641,253.364897,9826.718,9826.718
7/1/34,,Q3,9839.872,5044.409833,353.741598,978.6331469,644.0705939,2744.975113,831.4940471,135.5659275,139.2119725,708.2152081,413.0008898,459.9750359,380.1081416,303.4568682,471.6575262,281.2073253,345.2343473,168.8047309,227.0130693,253.5074582,9839.872,9839.872
10/1/34,,Q4,9852.843,5054.015352,354.253534,982.0044502,644.4262463,2748.447621,833.6220375,135.6877087,139.3758743,709.2065824,412.6927871,459.9629475,380.1938847,303.9174935,472.1365409,281.3443801,345.7490313,168.7444766,227.4320912,253.6458124,9852.843,9852.843
1/1/35,2035,Q1,9865.863,5063.653046,354.7682373,985.3920412,644.7877728,2751.919992,835.7619463,135.8108288,139.5405505,710.2032917,412.3860514,459.9507838,380.2800636,304.3798169,472.6168647,281.4822093,346.2645581,168.6840963,227.8509275,253.7846673,9865.863,9865.863
4/1/35,,Q2,9878.977,5073.342688,355.2857673,988.7966599,645.1556886,2755.41413,837.911432,135.9346995,139.7064293,711.208688,412.0823148,459.9418269,380.367775,304.8436286,473.1010855,281.6216344,346.7833867,168.6244217,228.2716783,253.9254537,9878.977,9878.977
7/1/35,,Q3,9891.821,5082.883615,355.7954879,992.1793141,645.5099056,2758.808194,840.0451683,136.0554506,139.8680697,712.2030917,411.7669768,459.9183468,380.4463497,305.3005474,473.5711308,281.7522985,347.2931534,168.5604141,228.6864681,254.0603326,9891.821,9891.821
10/1/35,,Q4,9904.429,5092.300202,356.2972841,995.5381143,645.8501534,2762.136532,842.1560772,136.1721946,140.0258207,713.1891802,411.4416121,459.8834166,380.5144294,305.7475272,474.0277907,281.8737008,347.7957352,168.4920278,229.0976819,254.1892218,9904.429,9904.429