"","month","num_wkdayholminor","num_satholmajor","num_sun","weekdays","saturdays","sundays","dum_911_base","supersandy","summer_of_hell","end_close","mon","dummy_1","dummy_2","dummy_3","dummy_4","dummy_5","dummy_6","dummy_7","dummy_8","dummy_9","dummy_10","dummy_11","dummy_12","week","sat","sun","sat_alt","sun_alt","avg_wkdayholminor_tstile","avg_satholmajor_tstile","avg_sun_tstile","real_fare","man_hud_KEEP","man_hud_opt","man_hud_pess","population_hud_opt","population_hud_pess","real_fare_q1_KEEP","pop_hudson_KEEP"
"1",2000-01-01,20,6,5,20,6,5,0,0,0,0,1,1,0,0,0,0,0,0,0,0,0,0,0,NA,NA,NA,NA,NA,232710,85325.66667,60462,1.503485778,2472.42074,2472.402238,2472.42074,607.7674125,607.7674125,1.560475441,607.7674246
"2",2000-02-01,21,6,4,21,6,4,0,0,0,0,1,1,0,0,0,0,0,0,0,0,0,0,0,NA,NA,NA,NA,NA,258328,93508,64854,1.457950243,2521.120539,2521.103776,2521.120539,613.9991116,613.9991116,1.517173013,613.999111
"3",2000-03-01,21,6,4,21,6,4,1,0,0,0,1,1,0,0,0,0,0,0,0,0,0,0,0,181507,77547,54022,77547,54022,181507,75046.66667,54022,2.145159151,2376.919774,2376.902035,2376.919774,616.620514,616.620514,2.22383369,616.620524
"4",2000-04-01,21,6,4,21,6,4,1,0,0,0,1,1,0,0,0,0,0,0,0,0,0,0,0,160048,71488,51824,71488,51824,160170,71655.33333,51824,2.076848998,2337.961239,2337.950868,2337.961239,615.7622906,615.7622906,2.152942228,615.7622885
"5",2000-05-01,20,7,4,20,7,4,1,0,0,0,1,1,0,0,0,0,0,0,0,0,0,0,0,177570,74050,49634,74050,49634,177525.4,75804,49634,2.022823912,2315.847427,2315.833528,2315.847427,615.2786724,615.2786724,2.09321823,615.2786374
"6",2000-06-01,20,6,5,20,6,5,0,0,0,0,1,1,0,0,0,0,0,0,0,0,0,0,0,186923.55,70081.6,52942.67,70081.6,52942.67,191490.35,74210.5,53086.6,1.94311629,2342.908451,2342.900002,2342.908451,615.1225468,615.1225468,2.008065168,615.1225524
"7",2000-07-01,20,6,5,20,6,5,0,0,0,0,1,1,0,0,0,0,0,0,0,0,0,0,0,212332.3,82453,60693,82453,60693,212746,83670.33333,60693,1.872915702,2393.398149,2393.385797,2393.398149,614.6615844,614.6615844,1.941218096,614.6615733
"8",2000-08-01,21,6,4,21,6,4,0,0,0,0,1,1,0,0,0,0,0,0,0,0,0,0,0,229700,95844,68643,95844,68643,229699,94339.33333,68644,1.823366416,2446.780498,2446.771998,2446.780498,614.1807816,614.1807816,1.885019337,614.1808052
"9",2000-09-01,21,6,4,21,6,4,0,0,0,0,1,1,0,0,0,0,0,0,0,0,0,0,0,241865.05,99235,70768,99235,70768,241848,97627.66667,70768,1.759099748,2491.37943,2491.365688,2491.37943,617.1876556,617.1876556,1.81781872,617.1876905
"10",2000-10-01,20,7,4,20,7,4,0,0,0,0,1,1,0,0,0,0,0,0,0,0,0,0,0,237640.85,93801.8,68950.67,93801.8,68950.67,237641,94161.42857,68951,2.021217685,2420.37386,2420.361232,2420.37386,624.6095971,624.6095971,2.093260609,624.6095862
"11",2000-11-01,19,7,5,21,5,5,0,0,0,0,1,1,0,0,0,0,0,0,0,0,0,0,0,236940.0526,99284.14286,67567.4,97228,78098,236940.0526,99284.14286,67567.4,1.974123321,2369.549853,2369.545906,2369.549853,632.7342752,632.7342752,2.050737004,632.7342614
"12",2000-12-01,20,6,5,21,5,5,0,0,0,0,1,1,0,0,0,0,0,0,0,0,0,0,0,233686.95,103291,76760.2,101353,82797,233686.95,103291,76760.2,1.944272149,2420.464144,2420.470292,2420.464144,641.1028024,641.1028024,2.011340538,641.1027574
"13",2001-01-01,20,6,5,22,4,5,0,0,0,0,1,1,0,0,0,0,0,0,0,0,0,0,0,252769.35,106987.6667,86184,107208,92002,252769.35,106987.6667,86184,2.162464604,2484.667222,2484.682129,2484.667222,649.4988819,649.4988819,2.24412772,649.498875
"14",2001-02-01,21,6,4,23,4,4,0,0,0,1,1,1,0,0,0,0,0,0,0,0,0,0,0,217107.381,84610.16667,61876.5,NA,NA,217107.381,84610.16667,61876.5,2.380404581,2525.511511,2525.506551,2525.511511,655.3164949,655.3164949,2.472654452,655.3164998
"15",2001-03-01,21,6,4,23,4,4,0,0,0,1,1,1,0,0,0,0,0,0,0,0,0,0,0,231390.2857,95553.83333,72751.75,NA,NA,231390.2857,95553.83333,72751.75,2.59610125,2594.487985,2594.349401,2594.487985,659.3698732,659.3698732,2.709339904,659.3698353
"16",2001-04-01,20,7,4,22,5,4,0,0,0,0,1,1,0,0,0,0,0,0,0,0,0,0,0,227562.75,93332.85714,65719,88874,78640,227562.75,93332.85714,65719,2.869195475,2667.90955,2667.594102,2667.90955,663.1636279,663.1636279,2.985934139,663.1636174
"17",2001-05-01,19,7,5,21,5,5,0,0,0,0,1,1,0,0,0,0,0,0,0,0,0,0,0,250484.3684,93650.42857,67581.4,87875,79155,250484.3684,93650.42857,67581.4,2.847528443,2728.107779,2727.492886,2728.107779,667.3207036,667.3207036,2.965383075,667.3207136
"18",2001-06-01,20,6,5,22,4,5,0,0,0,0,1,1,0,0,0,0,0,0,0,0,0,0,0,266693.25,98820.16667,78604.8,97010,85415,266693.25,98820.16667,78604.8,2.777384917,2788.759168,2787.908065,2788.759168,671.4201152,671.4201152,2.893868759,671.4201322
"19",2001-07-01,21,6,4,23,4,4,0,0,0,0,1,1,0,0,0,0,0,0,0,0,0,0,0,266394.1905,98564.66667,70543,100394,78664,266394.1905,98564.66667,70543,2.75,2829.179589,2828.274357,2829.179589,674.8911731,674.8911731,2.848111691,674.8912681
"20",2001-08-01,21,6,4,23,4,4,0,0,0,1,1,1,0,0,0,0,0,0,0,0,0,0,0,272332.1429,85226.66667,62358.75,NA,NA,272332.1429,85226.66667,62358.75,2.75,2875.509994,2890.08903,2875.509994,678.5621026,678.5621026,2.806146185,678.5241714
"21",2001-09-01,21,6,4,21,4,6,0,0,0,1,1,1,0,0,0,0,0,0,0,0,0,0,0,NA,NA,NA,NA,NA,277230.0476,88876.83333,67356.75,2.75,2903.363949,2913.882951,2890.236844,682.9225828,682.9225828,2.753295972,683.0805679
"22",2001-10-01,19,7,5,19,5,7,0,0,0,0,1,1,0,0,0,0,0,0,0,0,0,0,0,NA,NA,NA,NA,NA,NA,NA,NA,2.75,2906.899879,2913.914939,2862.303334,687.5339613,687.5339613,2.75,687.8611354
"23",2001-11-01,20,6,5,20,5,6,0,0,0,0,1,1,0,0,0,0,0,0,0,0,0,0,0,NA,NA,NA,NA,NA,NA,NA,NA,2.75,2913.138495,2924.424604,2850.804904,692.4963158,692.4963158,2.75,692.8853172
"24",2001-12-01,20,6,5,20,4,7,0,0,0,0,1,1,0,0,0,0,0,0,0,0,0,0,0,NA,NA,NA,NA,NA,NA,NA,NA,2.75,2922.722454,2924.231762,2851.631774,697.5642084,697.5642084,2.75,697.9537864
"25",2002-01-01,21,6,4,21,4,6,0,0,0,0,1,1,0,0,0,0,0,0,0,0,0,0,0,NA,NA,NA,NA,NA,NA,NA,NA,2.75,2931.172228,2927.648112,2851.403552,702.6399351,702.6399351,2.75,703.0138649
"26",2002-02-01,21,6,4,21,4,6,0,0,0,0,1,1,0,0,0,0,0,0,0,0,0,0,0,NA,NA,NA,NA,NA,NA,NA,NA,2.75,2942.204335,2933.430819,2856.940585,707.7176138,707.7176138,2.75,708.0125712
"27",2002-03-01,20,7,4,20,4,7,0,0,0,0,1,1,0,0,0,0,0,0,0,0,0,0,0,NA,NA,NA,NA,NA,NA,NA,NA,2.75,2955.483329,2943.583425,2869.83476,712.6986032,712.6986032,2.75,712.8844377
"28",2002-04-01,19,7,5,19,5,7,0,0,0,0,1,1,0,0,0,0,0,0,0,0,0,0,0,NA,NA,NA,NA,NA,NA,NA,NA,2.75,2970.146638,2956.265163,2884.073133,717.5519645,717.5519645,2.75,717.69668
"29",2002-05-01,20,6,5,20,5,6,0,0,0,0,1,1,0,0,0,0,0,0,0,0,0,0,0,NA,NA,NA,NA,NA,NA,NA,NA,2.75,2985.302826,2970.928059,2898.790102,722.2857821,722.2857821,2.75,722.4365423
"30",2002-06-01,21,6,4,21,4,6,0,0,0,0,1,1,0,0,0,0,0,0,0,0,0,0,0,NA,NA,NA,NA,NA,NA,NA,NA,2.75,3000.940362,2988.434959,2913.974469,726.97243,726.97243,2.75,727.0699223
"31",2002-07-01,21,6,4,21,4,6,0,0,0,0,1,1,0,0,0,0,0,0,0,0,0,0,0,NA,NA,NA,NA,NA,NA,NA,NA,2.75,3017.56091,3008.692199,2930.113361,731.524658,731.524658,2.75,731.5162834
"32",2002-08-01,21,6,4,21,4,6,0,0,0,0,1,1,0,0,0,0,0,0,0,0,0,0,0,NA,NA,NA,NA,NA,NA,NA,NA,2.75,3034.837108,3031.022547,2946.888903,735.0732284,735.0732284,2.75,734.982371
"33",2002-09-01,20,7,4,21,4,6,0,0,0,0,1,1,0,0,0,0,0,0,0,0,0,0,0,NA,NA,NA,NA,NA,NA,NA,NA,2.75,3053.442759,3053.99858,2964.95537,737.5972187,737.5972187,2.75,737.4588454
"34",2002-10-01,20,6,5,21,4,6,0,0,0,0,1,1,0,0,0,0,0,0,0,0,0,0,0,NA,NA,NA,NA,NA,NA,NA,NA,2.75,3072.566068,3076.424899,2983.524494,739.8406167,739.8406167,2.75,739.6431812
"35",2002-11-01,20,6,5,21,4,6,0,0,0,0,1,1,0,0,0,0,0,0,0,0,0,0,0,NA,NA,NA,NA,NA,NA,NA,NA,2.75,3091.296305,3098.330705,3001.711938,741.6689614,741.6689614,2.75,741.4157045
"36",2002-12-01,21,6,4,21,4,6,0,0,0,0,1,1,0,0,0,0,0,0,0,0,0,0,0,NA,NA,NA,NA,NA,NA,NA,NA,2.75,3109.395997,3119.534718,3019.287109,743.0551686,743.0551686,2.75,742.7506689
"37",2003-01-01,21,6,4,21,4,6,0,0,0,0,1,1,0,0,0,0,0,0,0,0,0,0,0,NA,NA,NA,NA,NA,NA,NA,NA,2.75,3124.942977,3140.883845,3034.383545,746.7704445,746.7704445,2.75,744.088037
"38",2003-02-01,20,7,4,21,4,6,0,0,0,0,1,1,0,0,0,0,0,0,0,0,0,0,0,NA,NA,NA,NA,NA,NA,NA,NA,2.75,3143.308253,3162.379078,3052.216604,748.9358657,748.9358657,2.75,745.4278131
"39",2003-03-01,20,7,4,21,4,6,0,0,0,0,1,1,0,0,0,0,0,0,0,0,0,0,0,NA,NA,NA,NA,NA,NA,NA,NA,2.75,3161.781462,3184.021418,3070.154467,751.107566,751.107566,2.75,746.7700016
"40",2003-04-01,20,7,4,21,4,6,0,0,0,0,1,1,0,0,0,0,0,0,0,0,0,0,0,NA,NA,NA,NA,NA,NA,NA,NA,2.75,3180.363237,3205.811872,3088.197751,753.2855636,753.2855636,2.75,748.1146068
"41",2003-05-01,20,7,4,21,4,6,0,0,0,0,1,1,0,0,0,0,0,0,0,0,0,0,0,NA,NA,NA,NA,NA,NA,NA,NA,2.75,3199.054218,3227.751452,3106.347076,755.4698767,755.4698767,2.75,749.461633
"42",2003-06-01,22,4,5,22,4,5,0,0,0,0,10,0,0,0,0,0,0,0,0,0,1,0,0,NA,NA,NA,NA,NA,267080.9545,112181,78463,1.46031961,2527.458483,2527.442289,2527.458483,612.3413967,612.3413967,1.524112017,612.3413902
"43",2003-07-01,23,4,4,23,4,4,1,0,0,0,10,0,0,0,0,0,0,0,0,0,1,0,0,NA,NA,NA,NA,NA,208724.5652,89945,66140,2.153154952,2401.414833,2401.398671,2401.414833,616.8287192,616.8287192,2.246298388,616.8287541
"44",2003-08-01,23,4,4,23,4,4,1,0,0,0,10,0,0,0,0,0,0,0,0,0,1,0,0,170083,80731,63646,80731,63646,168429.5652,80731,63646,2.087570986,2347.855414,2347.83697,2347.855414,615.9778183,615.9778183,2.17849209,615.9778182
"45",2003-09-01,23,4,4,23,4,4,1,0,0,0,10,0,0,0,0,0,0,0,0,0,1,0,0,160130,81679,60482,81679,60482,159225.3043,81679,60430,2.0218125,2325.6907,2325.681223,2325.6907,615.3906044,615.3906044,2.110472542,615.3905631
"46",2003-10-01,21,5,5,21,5,5,0,0,0,0,10,0,0,0,0,0,0,0,0,0,1,0,0,200575,90672,69064,90672,69064,198391.8571,90672,69064,1.950615051,2332.098208,2332.085817,2332.098208,615.144306,615.144306,2.033313601,615.1443167
"47",2003-11-01,21,5,5,21,5,5,0,0,0,0,10,0,0,0,0,0,0,0,0,0,1,0,0,212579,90173,70018,90173,70018,210197.619,90173,70018,1.866862881,2379.437054,2379.418876,2379.437054,614.8844185,614.8844185,1.954877322,614.8844103
"48",2003-12-01,22,4,5,22,4,5,0,0,0,0,10,0,0,0,0,0,0,0,0,0,1,0,0,236989.19,100677,78676,100677,78676,235527.6818,100677,78676,1.823917456,2424.164076,2424.144576,2424.164076,614.1260402,614.1260402,1.902441975,614.1260395
"49",2004-01-01,23,4,4,23,4,4,0,0,0,0,10,0,0,0,0,0,0,0,0,0,1,0,0,256053,113290,87586,113290,87586,253604.7391,113290,87586,1.769236323,2480.423045,2480.400062,2480.423045,615.6968649,615.6968649,1.837225671,615.6968478
"50",2004-02-01,23,4,4,23,4,4,0,0,0,0,10,0,0,0,0,0,0,0,0,0,1,0,0,260640.91,117083,89883,117083,89883,258126.3478,117083,89883,1.978818429,2460.699446,2460.682718,2460.699446,622.3525842,622.3525842,2.087930784,622.3525684
"51",2004-03-01,22,5,4,22,5,4,0,0,0,0,10,0,0,0,0,0,0,0,0,0,1,0,0,249508.57,113373,86832,113373,86832,247210.0455,113373,86834,1.979009355,2359.428015,2359.417369,2359.428015,630.9218988,630.9218988,2.060204732,630.9219218
"52",2004-04-01,21,5,5,20,6,5,0,0,0,0,10,0,0,0,0,0,0,0,0,0,1,0,0,258095.1905,128413,100314.2,128413,116912,258095.1905,128413,100314.2,1.949559056,2395.383141,2395.382943,2395.383141,638.62359,638.62359,2.031823976,638.6236196
"53",2004-05-01,21,5,5,20,6,5,0,0,0,0,10,0,0,0,0,0,0,0,0,0,1,0,0,264716.6667,123129.8,100201.8,123130,117847,264716.6667,123129.8,100201.8,2.156160143,2464.074852,2464.113101,2464.074852,647.7616646,647.7616646,2.254491874,647.7616507
"54",2004-06-01,23,4,4,22,5,4,0,0,0,0,10,0,0,0,0,0,0,0,0,0,1,0,0,232578.5217,137725.25,92079.25,137725,115443,232578.5217,137725.25,92079.25,2.120325472,2513.300283,2513.426172,2513.300283,654.1616527,654.1616527,2.21062531,654.1616415
"55",2004-07-01,23,4,4,22,5,4,0,0,0,1,10,0,0,0,0,0,0,0,0,0,1,0,0,256562.5652,125494.5,93437.75,NA,NA,256562.5652,125494.5,93437.75,2.359458939,2577.46008,2577.812882,2577.46008,658.5291327,658.5291327,2.456097452,658.5291105
"56",2004-08-01,23,4,4,22,5,4,0,0,0,1,10,0,0,0,0,0,0,0,0,0,1,0,0,259577.7391,105930.25,85194,NA,NA,259577.7391,105930.25,85194,2.587092131,2654.891752,2655.525531,2654.891752,662.1279397,662.1279397,2.707347889,662.1279394
"57",2004-09-01,22,5,4,21,6,4,0,0,0,0,10,0,0,0,0,0,0,0,0,0,1,0,0,271628.8636,123323,93542.75,123323,117169,271628.8636,123323,93542.75,2.834756133,2713.512278,2714.579466,2713.512278,666.2897392,666.2897392,2.961546834,666.2897349
"58",2004-10-01,21,5,5,20,6,5,0,0,0,1,10,0,0,0,0,0,0,0,0,0,1,0,0,273053.9524,99278.6,76732.4,NA,NA,273053.9524,99278.6,76732.4,2.800244959,2763.941857,2765.374226,2763.941857,670.4003867,670.4003867,2.913857104,670.4004192
"59",2004-11-01,22,4,5,21,5,5,0,0,0,0,10,0,0,0,0,0,0,0,0,0,1,0,0,293285.6364,129132,89989.8,129132,110852,293285.6364,129132,89989.8,2.75,2817.851081,2819.7012,2817.851081,674.1090609,674.1090609,2.866694925,674.1090283
"60",2004-12-01,23,4,4,22,5,4,0,0,0,1,10,0,0,0,0,0,0,0,0,0,1,0,0,295574.1304,100914.75,78066.75,NA,NA,295574.1304,100914.75,78066.75,2.75,2863.536885,2867.856148,2863.536885,677.5068615,677.5068615,2.814755115,677.4890343
"61",2005-01-01,23,4,4,22,4,5,0,0,0,1,10,0,0,0,0,0,0,0,0,0,1,0,0,NA,NA,NA,NA,NA,294025.2609,116127.5,77290.75,2.75,2899.034166,2907.524094,2892.433579,681.8260602,681.8260602,2.76394465,681.9268961
"62",2005-02-01,22,5,4,21,5,5,0,0,0,0,10,0,0,0,0,0,0,0,0,0,1,0,0,NA,NA,NA,NA,NA,NA,NA,NA,2.75,2905.660963,2906.489557,2868.467364,686.3434572,686.3434572,2.75,686.6338913
"63",2005-03-01,21,5,5,20,5,6,0,0,0,0,10,0,0,0,0,0,0,0,0,0,1,0,0,NA,NA,NA,NA,NA,NA,NA,NA,2.75,2911.283775,2924.31414,2852.051185,691.2297972,691.2297972,2.75,691.621695
"64",2005-04-01,21,5,5,20,5,6,0,0,0,0,10,0,0,0,0,0,0,0,0,0,1,0,0,NA,NA,NA,NA,NA,NA,NA,NA,2.75,2920.096639,2923.814325,2850.913957,696.3173637,696.3173637,2.75,696.6996765
"65",2005-05-01,22,4,5,21,4,6,0,0,0,0,10,0,0,0,0,0,0,0,0,0,1,0,0,NA,NA,NA,NA,NA,NA,NA,NA,2.75,2929.345538,2926.75507,2851.593642,701.3584084,701.3584084,2.75,701.7445242
"66",2005-06-01,23,4,4,22,4,5,0,0,0,0,10,0,0,0,0,0,0,0,0,0,1,0,0,NA,NA,NA,NA,NA,NA,NA,NA,2.75,2939.176973,2931.841821,2854.000955,706.4698892,706.4698892,2.75,706.7894532
"67",2005-07-01,23,4,4,22,4,5,0,0,0,0,10,0,0,0,0,0,0,0,0,0,1,0,0,NA,NA,NA,NA,NA,NA,NA,NA,2.75,2952.041063,2940.923351,2866.492249,711.4615017,711.4615017,2.75,711.6748592
"68",2005-08-01,22,5,4,21,4,6,0,0,0,0,10,0,0,0,0,0,0,0,0,0,1,0,0,NA,NA,NA,NA,NA,NA,NA,NA,2.75,2966.427842,2952.979873,2880.462106,716.3643038,716.3643038,2.75,716.4995653
"69",2005-09-01,21,5,5,20,5,6,0,0,0,0,10,0,0,0,0,0,0,0,0,0,1,0,0,NA,NA,NA,NA,NA,NA,NA,NA,2.75,2981.485316,2967.038869,2895.083221,721.108749,721.108749,2.75,721.2640287
"70",2005-10-01,22,4,5,21,5,5,0,0,0,0,10,0,0,0,0,0,0,0,0,0,1,0,0,NA,NA,NA,NA,NA,NA,NA,NA,2.75,2996.893554,2983.695366,2910.044936,725.8059866,725.8059866,2.75,725.9243331
"71",2005-11-01,23,4,4,22,4,5,0,0,0,0,10,0,0,0,0,0,0,0,0,0,1,0,0,NA,NA,NA,NA,NA,NA,NA,NA,2.75,3013.306998,3003.438218,2925.982725,730.4152007,730.4152007,2.75,730.4378672
"72",2005-12-01,23,4,4,22,4,5,0,0,0,0,10,0,0,0,0,0,0,0,0,0,1,0,0,NA,NA,NA,NA,NA,NA,NA,NA,2.75,3030.479172,3025.269796,2942.657258,734.4093047,734.4093047,2.75,734.327441
"73",2006-01-01,23,4,4,22,4,5,0,0,0,0,10,0,0,0,0,0,0,0,0,0,1,0,0,NA,NA,NA,NA,NA,NA,NA,NA,2.75,3048.61249,3048.218741,2960.26508,736.9940408,736.9940408,2.75,736.8699184
"74",2006-02-01,21,5,5,22,4,5,0,0,0,0,10,0,0,0,0,0,0,0,0,0,1,0,0,NA,NA,NA,NA,NA,NA,NA,NA,2.75,3067.794848,3070.873328,2978.891542,739.3163345,739.3163345,2.75,739.1338698
"75",2006-03-01,21,5,5,22,4,5,0,0,0,0,10,0,0,0,0,0,0,0,0,0,1,0,0,NA,NA,NA,NA,NA,NA,NA,NA,2.75,3086.661407,3092.89598,2997.211357,741.271644,741.271644,2.75,741.0310371
"76",2006-04-01,22,4,5,22,4,5,0,0,0,0,10,0,0,0,0,0,0,0,0,0,1,0,0,NA,NA,NA,NA,NA,NA,NA,NA,2.75,3104.91345,3114.305723,3014.934464,742.7502268,742.7502268,2.75,742.458636
"77",2006-05-01,23,4,4,22,4,5,0,0,0,0,10,0,0,0,0,0,0,0,0,0,1,0,0,NA,NA,NA,NA,NA,NA,NA,NA,2.75,3122.582985,3134.731535,3032.091944,743.9596048,743.9596048,2.75,743.6214309
"78",2006-06-01,23,4,4,22,4,5,0,0,0,0,10,0,0,0,0,0,0,0,0,0,1,0,0,NA,NA,NA,NA,NA,NA,NA,NA,2.75,3138.1959,3155.291314,3047.252404,747.6794028,747.6794028,2.75,744.7860469
"79",2006-07-01,22,5,4,22,4,5,0,0,0,0,10,0,0,0,0,0,0,0,0,0,1,0,0,NA,NA,NA,NA,NA,NA,NA,NA,2.75,3156.639063,3175.985938,3065.161093,749.8474597,749.8474597,2.75,745.9524868
"80",2006-08-01,22,5,4,22,4,5,0,0,0,0,10,0,0,0,0,0,0,0,0,0,1,0,0,NA,NA,NA,NA,NA,NA,NA,NA,2.75,3175.190617,3196.816292,3083.175031,752.0218033,752.0218033,2.75,747.1207536
"81",2006-09-01,22,5,4,22,4,5,0,0,0,0,10,0,0,0,0,0,0,0,0,0,1,0,0,NA,NA,NA,NA,NA,NA,NA,NA,2.75,3193.851198,3217.783266,3101.294837,754.202452,754.202452,2.75,748.2908501
"82",2006-10-01,22,5,4,22,4,5,0,0,0,0,10,0,0,0,0,0,0,0,0,0,1,0,0,NA,NA,NA,NA,NA,NA,NA,NA,2.75,3212.621447,3238.887756,3119.521133,756.3894239,756.3894239,2.75,749.462779
"83",2006-11-01,20,6,4,20,6,4,0,0,0,0,11,0,0,0,0,0,0,0,0,0,0,1,0,NA,NA,NA,NA,NA,266352.3132,112571.4559,72218,1.46031961,2529.281486,2529.263855,2529.281486,612.9072349,612.9072349,1.521801934,612.9072299
"84",2006-12-01,20,6,4,20,6,4,1,0,0,0,11,0,0,0,0,0,0,0,0,0,0,1,0,NA,NA,NA,NA,NA,196112.1782,80549.23924,63770,2.153154952,2386.687017,2386.669636,2386.687017,616.7043437,616.7043437,2.239843407,616.7043757
"85",2007-01-01,19,7,4,19,7,4,1,0,0,0,11,0,0,0,0,0,0,0,0,0,0,1,0,168713,83538,61843,83538,61843,167672.483,82316.11755,61844,2.090809204,2345.31902,2345.302461,2345.31902,615.9375347,615.9375347,2.169024196,615.9375334
"86",2007-02-01,18,7,5,18,7,5,1,0,0,0,11,0,0,0,0,0,0,0,0,0,0,1,0,163070,86242,62725,86242,62725,161795.4444,88218.71429,62725,2.027896189,2321.919992,2321.909177,2321.919992,615.3525226,615.3525226,2.105615631,615.3524807
"87",2007-03-01,20,6,4,20,6,4,0,0,0,0,11,0,0,0,0,0,0,0,0,0,0,1,0,196542,89946,64852,89946,64852,195030.15,91410.66667,64852,1.951556467,2335.024696,2335.01422,2335.024696,615.1408157,615.1408157,2.022932054,615.1408261
"88",2007-04-01,20,6,4,20,6,4,0,0,0,0,11,0,0,0,0,0,0,0,0,0,0,1,0,214737.21,93767.75,70049.57,93767.75,70049.57,213309.3,92866.83333,70244.25,1.87813516,2383.794952,2383.777352,2383.794952,614.7937069,614.7937069,1.950451324,614.7936988
"89",2007-05-01,20,6,4,20,6,4,0,0,0,0,11,0,0,0,0,0,0,0,0,0,0,1,0,238040,110225.5,78840,110225.5,78840,237786.4,108317.1667,78996.25,1.830522861,2431.243459,2431.22559,2431.243459,614.1452558,614.1452558,1.898944912,614.1452628
"90",2007-06-01,20,6,4,20,6,4,0,0,0,0,11,0,0,0,0,0,0,0,0,0,0,1,0,249638,107059,82364.43,107059,82364.43,247588.15,109267.3333,83149,1.761897396,2484.699302,2484.676505,2484.699302,616.225576,616.225576,1.830303719,616.2255774
"91",2007-07-01,18,7,5,18,7,5,0,0,0,0,11,0,0,0,0,0,0,0,0,0,0,1,0,254777,109518,80642,109518,80642,253023.8889,111043.2857,80642,2.011770889,2448.20059,2448.185132,2448.20059,623.1257135,623.1257135,2.09323777,623.1256937
"92",2007-08-01,19,6,5,19,6,5,0,0,0,0,11,0,0,0,0,0,0,0,0,0,0,1,0,250266,109291,89116,109291,89116,248541.1053,109985.1667,89118,1.975718976,2361.161513,2361.155842,2361.161513,631.515432,631.515432,2.055714298,631.515443
"93",2007-09-01,20,6,4,21,5,4,0,0,0,0,11,0,0,0,0,0,0,0,0,0,0,1,0,254552.9,117790.5,90011,120048,116412,254552.9,117790.5,90011,1.949728261,2404.112664,2404.12043,2404.112664,639.4753929,639.4753929,2.024646187,639.4753942
"94",2007-10-01,20,6,4,21,5,4,0,0,0,0,11,0,0,0,0,0,0,0,0,0,0,1,0,262479.45,123986,95457.25,123234,123865,262479.45,123986,95457.25,2.162507972,2470.5489,2470.594682,2470.5489,648.3192146,648.3192146,2.251353336,648.3192048
"95",2007-11-01,20,6,4,21,5,4,0,1,0,1,11,0,0,0,0,0,0,0,0,0,0,1,0,121710.05,59748.16667,37912.25,NA,NA,121710.05,59748.16667,37912.25,2.120258765,2515.96019,2516.072876,2515.96019,654.5443989,654.5443989,2.204456916,654.5443891
"96",2007-12-01,19,7,4,20,6,4,0,0,0,1,11,0,0,0,0,0,0,0,0,0,0,1,0,249878.9474,111531.1429,82784.5,NA,NA,249878.9474,111531.1429,82784.5,2.356635403,2583.264299,2583.516229,2583.264299,658.7982448,658.7982448,2.450552588,658.7982151
"97",2008-01-01,18,7,5,19,6,5,0,0,0,1,11,0,0,0,0,0,0,0,0,0,0,1,0,251945,101305.8571,79014.8,NA,NA,251945,101305.8571,79014.8,2.598243132,2659.077363,2659.498949,2659.077363,662.4834689,662.4834689,2.710946237,662.4834706
"98",2008-02-01,19,6,5,20,5,5,0,0,0,0,11,0,0,0,0,0,0,0,0,0,0,1,0,266531.8421,112582.8333,92891.6,113984,114775,266531.8421,112582.8333,92891.6,2.840251677,2719.915337,2720.583204,2719.915337,666.632397,666.632397,2.963430881,666.632393
"99",2008-03-01,20,6,4,21,5,4,0,0,0,1,11,0,0,0,0,0,0,0,0,0,0,1,0,275303.25,105661.3333,79026.25,NA,NA,275303.25,105661.3333,79026.25,2.795335083,2771.618001,2772.497494,2771.618001,670.7455435,670.7455435,2.905509992,670.7455792
"100",2008-04-01,20,6,4,21,5,4,0,0,0,0,11,0,0,0,0,0,0,0,0,0,0,1,0,289539.65,114253.8333,87081,115540,117904,289539.65,114253.8333,87081,2.75,2820.816219,2821.88668,2820.816154,674.3605041,674.3605041,2.860257723,674.3605933
"101",2008-05-01,20,6,4,21,5,4,0,0,0,0,11,0,0,0,0,0,0,0,0,0,0,1,0,282558.75,107791.6667,88760.5,111519,113625,282558.75,107791.6667,88760.5,2.75,2867.075842,2874.605426,2867.06306,677.8550221,677.8550221,2.812528436,677.8306575
"102",2008-06-01,19,7,4,18,5,7,0,0,0,1,11,0,0,0,0,0,0,0,0,0,0,1,0,NA,NA,NA,NA,NA,279793.9,103105.1667,77075.75,2.75,2900.361397,2911.639087,2891.737773,682.1872145,682.1872145,2.759873867,682.3075186
"103",2008-07-01,19,6,5,18,4,8,0,0,0,0,11,0,0,0,0,0,0,0,0,0,0,1,0,NA,NA,NA,NA,NA,NA,NA,NA,2.75,2906.293842,2909.401504,2866.4716,686.737724,686.737724,2.75,687.0410132
"104",2008-08-01,20,6,4,19,4,7,0,0,0,0,11,0,0,0,0,0,0,0,0,0,0,1,0,NA,NA,NA,NA,NA,NA,NA,NA,2.75,2911.844834,2924.482789,2851.476757,691.6498551,691.6498551,2.75,692.0405874
"105",2008-09-01,20,6,4,19,4,7,0,0,0,0,11,0,0,0,0,0,0,0,0,0,0,1,0,NA,NA,NA,NA,NA,NA,NA,NA,2.75,2920.944189,2923.902899,2851.141762,696.7287,696.7287,2.75,697.1144402
"106",2008-10-01,20,6,4,19,4,7,0,0,0,0,11,0,0,0,0,0,0,0,0,0,0,1,0,NA,NA,NA,NA,NA,NA,NA,NA,2.75,2929.959137,2927.032666,2851.509785,701.7833454,701.7833454,2.75,702.1655941
"107",2008-11-01,19,7,4,18,5,7,0,0,0,0,11,0,0,0,0,0,0,0,0,0,0,1,0,NA,NA,NA,NA,NA,NA,NA,NA,2.75,2940.176659,2932.332463,2854.83871,706.8824017,706.8824017,2.75,707.1940111
"108",2008-12-01,18,7,5,17,5,8,0,0,0,0,11,0,0,0,0,0,0,0,0,0,0,1,0,NA,NA,NA,NA,NA,NA,NA,NA,2.75,2953.180109,2941.789753,2867.5976,711.8715752,711.8715752,2.75,712.0759933
"109",2009-01-01,19,6,5,18,5,7,0,0,0,0,11,0,0,0,0,0,0,0,0,0,0,1,0,NA,NA,NA,NA,NA,NA,NA,NA,2.75,2967.649893,2954.056551,2881.648739,716.7566777,716.7566777,2.75,716.8963075
"110",2009-02-01,20,6,4,19,4,7,0,0,0,0,11,0,0,0,0,0,0,0,0,0,0,1,0,NA,NA,NA,NA,NA,NA,NA,NA,2.75,2982.74654,2968.310904,2896.307895,721.4985349,721.4985349,2.75,721.652334
"111",2009-03-01,20,6,4,19,4,7,0,0,0,0,11,0,0,0,0,0,0,0,0,0,0,1,0,NA,NA,NA,NA,NA,NA,NA,NA,2.75,2998.221559,2985.241776,2911.334456,726.1925487,726.1925487,2.75,726.3038416
"112",2009-04-01,20,6,4,19,4,7,0,0,0,0,11,0,0,0,0,0,0,0,0,0,0,1,0,NA,NA,NA,NA,NA,NA,NA,NA,2.75,3014.708302,3005.16793,2927.34342,730.7833602,730.7833602,2.75,730.7955862
"113",2009-05-01,19,7,4,18,4,8,0,0,0,0,11,0,0,0,0,0,0,0,0,0,0,1,0,NA,NA,NA,NA,NA,NA,NA,NA,2.75,3031.934515,3027.185705,2944.070425,734.6195605,734.6195605,2.75,734.5353929
"114",2009-06-01,18,7,5,18,4,8,0,0,0,0,11,0,0,0,0,0,0,0,0,0,0,1,0,NA,NA,NA,NA,NA,NA,NA,NA,2.75,3050.216947,3050.140711,2961.82304,737.19277,737.19277,2.75,737.0639019
"115",2009-07-01,20,6,4,18,4,8,0,0,0,0,11,0,0,0,0,0,0,0,0,0,0,1,0,NA,NA,NA,NA,NA,NA,NA,NA,2.75,3069.38518,3072.712174,2980.435787,739.4888485,739.4888485,2.75,739.3014484
"116",2009-08-01,20,6,4,18,4,8,0,0,0,0,11,0,0,0,0,0,0,0,0,0,0,1,0,NA,NA,NA,NA,NA,NA,NA,NA,2.75,3088.201443,3094.695851,2998.706763,741.4010853,741.4010853,2.75,741.1563449
"117",2009-09-01,20,6,4,18,4,8,0,0,0,0,11,0,0,0,0,0,0,0,0,0,0,1,0,NA,NA,NA,NA,NA,NA,NA,NA,2.75,3106.398326,3116.041177,3016.376309,742.853031,742.853031,2.75,742.5539212
"118",2009-10-01,20,6,4,18,4,8,0,0,0,0,11,0,0,0,0,0,0,0,0,0,0,1,0,NA,NA,NA,NA,NA,NA,NA,NA,2.75,3123.411664,3136.741075,3032.896609,744.831173,744.831173,2.75,743.779469
"119",2009-11-01,18,7,5,18,4,8,0,0,0,0,11,0,0,0,0,0,0,0,0,0,0,1,0,NA,NA,NA,NA,NA,NA,NA,NA,2.75,3139.872055,3157.576189,3048.879985,748.0699654,748.0699654,2.75,745.0065573
"120",2009-12-01,19,6,5,18,4,8,0,0,0,0,11,0,0,0,0,0,0,0,0,0,0,1,0,NA,NA,NA,NA,NA,NA,NA,NA,2.75,3158.319478,3178.549744,3066.79281,750.2423303,750.2423303,2.75,746.2356768
"121",2010-01-01,19,6,5,18,4,8,0,0,0,0,11,0,0,0,0,0,0,0,0,0,0,1,0,NA,NA,NA,NA,NA,NA,NA,NA,2.75,3176.880873,3199.662617,3084.816304,752.4178284,752.4178284,2.75,747.4668306
"122",2010-02-01,19,6,5,18,4,8,0,0,0,0,11,0,0,0,0,0,0,0,0,0,0,1,0,NA,NA,NA,NA,NA,NA,NA,NA,2.75,3195.550214,3220.904501,3102.944617,754.5982923,754.5982923,2.75,748.6994198
"123",2010-03-01,19,6,5,18,4,8,0,0,0,0,11,0,0,0,0,0,0,0,0,0,0,1,0,NA,NA,NA,NA,NA,NA,NA,NA,2.75,3212.621447,3238.887756,3119.521133,756.3894239,756.3894239,2.75,749.462779
"124",2010-04-01,20,6,5,20,6,5,0,0,0,0,12,0,0,0,0,0,0,0,0,0,0,0,1,NA,NA,NA,NA,NA,256185,91876.83333,74820,1.463490771,2526.907464,2526.889393,2526.907464,613.4624491,613.4624491,1.519851167,613.4624472
"125",2010-05-01,20,6,5,20,6,5,1,0,0,0,12,0,0,0,0,0,0,0,0,0,0,0,1,NA,NA,NA,NA,NA,178241,89199.83333,66571,2.15890283,2379.824904,2379.806632,2379.824904,616.6532786,616.6532786,2.231691815,616.6532991
"126",2010-06-01,21,5,5,21,5,5,1,0,0,0,12,0,0,0,0,0,0,0,0,0,0,0,1,161982,90845,67300,90845,67300,157958,88170,67300,2.094057483,2342.323049,2342.309939,2342.323049,615.8705318,615.8705318,2.159486296,615.8705286
"127",2010-07-01,22,5,4,22,5,4,1,0,0,0,12,0,0,0,0,0,0,0,0,0,0,0,1,176505,87730,62313,87730,62313,172311.0909,86788.2,62275.75,2.028913698,2317.618306,2317.605881,2317.618306,615.3117987,615.3117987,2.100214238,615.311758
"128",2010-08-01,21,6,4,21,6,4,0,0,0,0,12,0,0,0,0,0,0,0,0,0,0,0,1,193804,105516,71552,105516,71552,199264,92326.33333,71552,1.955331238,2338.762045,2338.753373,2338.762045,615.1314001,615.1314001,2.014009971,615.1314077
"129",2010-09-01,21,6,4,21,6,4,0,0,0,0,12,0,0,0,0,0,0,0,0,0,0,0,1,215752.57,92583.6,62640,92583.6,62640,216012.5714,89367,62640,1.887780112,2388.577699,2388.56259,2388.577699,614.7252891,614.7252891,1.946571422,614.7252794
"130",2010-10-01,20,6,5,20,6,5,0,0,0,0,12,0,0,0,0,0,0,0,0,0,0,0,1,227394.75,114936,89930,114936,89930,227508.75,103541.3333,89930,1.827214189,2439.48925,2439.47535,2439.48925,614.1620016,614.1620016,1.892561803,614.162017
"131",2010-11-01,20,6,5,20,6,5,0,0,0,0,12,0,0,0,0,0,0,0,0,0,0,0,1,231881.9,117363,77576,117363,77576,232050.9,106844.5,77576,1.762734584,2488.550902,2488.530886,2488.550902,616.7111983,616.7111983,1.823900486,616.7112203
"132",2010-12-01,22,5,4,22,5,4,0,0,0,0,12,0,0,0,0,0,0,0,0,0,0,0,1,235603,114746,84490,114746,84490,235603,103819.8,84490,2.024600664,2434.635991,2434.620928,2434.635991,623.8723776,623.8723776,2.094013226,623.87236
"133",2011-01-01,22,5,4,22,5,4,0,0,0,0,12,0,0,0,0,0,0,0,0,0,0,0,1,231385.27,101766,83431,101766,83431,232699,93292.4,83431,1.978619242,2364.696454,2364.692852,2364.696454,632.1210224,632.1210224,2.05251784,632.12102
"134",2011-02-01,21,6,4,23,4,4,0,0,0,0,12,0,0,0,0,0,0,0,0,0,0,0,1,233197.381,125075.1667,81534.5,115934,102142,233197.381,125075.1667,81534.5,1.9504215,2412.714848,2412.724976,2412.714848,640.2959633,640.2959633,2.017774142,640.2959343
"135",2011-03-01,21,6,4,22,5,4,0,0,0,0,12,0,0,0,0,0,0,0,0,0,0,0,1,252091.5238,130805.6667,92412,135025,95871,252091.5238,130805.6667,92412,2.171304071,2477.857754,2477.894046,2477.857754,648.9070986,648.9070986,2.247795776,648.9070932
"136",2011-04-01,20,6,5,21,5,5,0,1,0,1,12,0,0,0,0,0,0,0,0,0,0,0,1,185834.2,72759.33333,61082.2,NA,NA,185834.2,72759.33333,61082.2,2.126363116,2520.046374,2520.104726,2520.046374,654.9311349,654.9311349,2.199910631,654.9311314
"137",2011-05-01,21,5,5,22,4,5,0,0,0,1,12,0,0,0,0,0,0,0,0,0,0,0,1,232166.381,112703.2,85239.6,NA,NA,232166.381,112703.2,85239.6,2.357487251,2588.763077,2588.807532,2588.763077,659.0820673,659.0820673,2.443930729,659.0820296
"138",2011-06-01,22,5,4,23,4,4,0,0,0,1,12,0,0,0,0,0,0,0,0,0,0,0,1,236510,106840,85523.25,NA,NA,236510,106840,85523.25,2.611351131,2663.455944,2663.47788,2663.455944,662.8252954,662.8252954,2.713756746,662.825291
"139",2011-07-01,22,5,4,23,4,4,0,0,0,0,12,0,0,0,0,0,0,0,0,0,0,0,1,247857.1818,115033.2,97921,125486,92981,247857.1818,115033.2,97921,2.851921205,2724.896709,2724.858748,2724.896709,666.974352,666.974352,2.965609572,666.9743544
"140",2011-08-01,21,6,4,22,5,4,0,0,0,1,12,0,0,0,0,0,0,0,0,0,0,0,1,258947.0476,101106.1667,76749.75,NA,NA,258947.0476,101106.1667,76749.75,2.793039172,2780.846647,2780.772635,2780.846647,671.0872937,671.0872937,2.898433145,671.0873237
"141",2011-09-01,20,6,5,21,5,5,0,0,0,0,12,0,0,0,0,0,0,0,0,0,0,0,1,265352.75,106297,91394.4,114860,86743,265352.75,106297,91394.4,2.75,2824.71905,2824.579715,2824.718953,674.6228089,674.6228089,2.853853171,674.6229883
"142",2011-10-01,20,6,5,21,5,5,0,0,0,0,12,0,0,0,0,0,0,0,0,0,0,0,1,258210.2,120760,92490.8,131000,88669,258210.2,120760,92490.8,2.75,2871.528139,2882.643105,2871.509265,678.2072062,678.2072062,2.809795948,678.1763952
"143",2011-11-01,21,5,5,21,4,6,0,0,0,1,12,0,0,0,0,0,0,0,0,0,0,0,1,NA,NA,NA,NA,NA,257948,117357.6,89895.4,2.75,2901.698872,2913.824277,2890.918782,682.5534665,682.5534665,2.756187704,682.692957
"144",2011-12-01,22,5,4,22,4,5,0,0,0,0,12,0,0,0,0,0,0,0,0,0,0,0,1,NA,NA,NA,NA,NA,NA,NA,NA,2.75,2906.662733,2911.879652,2864.345758,687.1345736,687.1345736,2.75,687.4501179
"145",2012-01-01,21,6,4,21,4,6,0,0,0,0,12,0,0,0,0,0,0,0,0,0,0,0,1,NA,NA,NA,NA,NA,NA,NA,NA,2.75,2912.457577,2924.497135,2851.068487,692.0723078,692.0723078,2.75,692.4621867
"146",2012-02-01,21,6,4,21,5,5,0,0,0,0,12,0,0,0,0,0,0,0,0,0,0,0,1,NA,NA,NA,NA,NA,NA,NA,NA,2.75,2921.827322,2924.049172,2851.398098,697.1449399,697.1449399,2.75,697.5329075
"147",2012-03-01,20,6,5,20,5,6,0,0,0,0,12,0,0,0,0,0,0,0,0,0,0,0,1,NA,NA,NA,NA,NA,NA,NA,NA,2.75,2930.575149,2927.332098,2851.453776,702.2107073,702.2107073,2.75,702.5889298
"148",2012-04-01,21,5,5,21,4,6,0,0,0,0,12,0,0,0,0,0,0,0,0,0,0,0,1,NA,NA,NA,NA,NA,NA,NA,NA,2.75,2941.194628,2932.843665,2855.870096,707.2988925,707.2988925,2.75,707.6022765
"149",2012-05-01,22,5,4,22,4,5,0,0,0,0,12,0,0,0,0,0,0,0,0,0,0,0,1,NA,NA,NA,NA,NA,NA,NA,NA,2.75,2954.331673,2942.669294,2868.716015,712.2843344,712.2843344,2.75,712.4794297
"150",2012-06-01,22,5,4,22,4,5,0,0,0,0,12,0,0,0,0,0,0,0,0,0,0,0,1,NA,NA,NA,NA,NA,NA,NA,NA,2.75,2968.890034,2955.150778,2882.852942,717.1530679,717.1530679,2.75,717.295555
"151",2012-07-01,21,6,4,21,4,6,0,0,0,0,12,0,0,0,0,0,0,0,0,0,0,0,1,NA,NA,NA,NA,NA,NA,NA,NA,2.75,2984.019726,2969.607205,2897.544185,721.891071,721.891071,2.75,722.0434396
"152",2012-08-01,20,6,5,20,5,6,0,0,0,0,12,0,0,0,0,0,0,0,0,0,0,0,1,NA,NA,NA,NA,NA,NA,NA,NA,2.75,2999.573624,2986.825303,2912.647338,726.5815977,726.5815977,2.75,726.6860368
"153",2012-09-01,20,6,5,20,5,6,0,0,0,0,12,0,0,0,0,0,0,0,0,0,0,0,1,NA,NA,NA,NA,NA,NA,NA,NA,2.75,3016.126382,3006.920348,2928.720405,731.1544384,731.1544384,2.75,731.1563063
"154",2012-10-01,21,5,5,21,5,5,0,0,0,0,12,0,0,0,0,0,0,0,0,0,0,0,1,NA,NA,NA,NA,NA,NA,NA,NA,2.75,3033.3831,3029.10094,2945.477031,734.8439764,734.8439764,2.75,734.7566205
"155",2012-11-01,22,5,4,21,5,5,0,0,0,0,12,0,0,0,0,0,0,0,0,0,0,0,1,NA,NA,NA,NA,NA,NA,NA,NA,2.75,3051.829362,3052.068281,2963.388728,737.3941689,737.3941689,2.75,737.2605612
"156",2012-12-01,21,6,4,21,5,5,0,0,0,0,12,0,0,0,0,0,0,0,0,0,0,0,1,NA,NA,NA,NA,NA,NA,NA,NA,2.75,3070.976114,3074.56447,2981.980616,739.6641575,739.6641575,2.75,739.4717467
"157",2013-01-01,21,6,4,21,5,5,0,0,0,0,12,0,0,0,0,0,0,0,0,0,0,0,1,NA,NA,NA,NA,NA,NA,NA,NA,2.75,3089.747741,3096.509029,3000.208251,741.5342802,741.5342802,2.75,741.2852981
"158",2013-02-01,20,6,5,21,5,5,0,0,0,0,12,0,0,0,0,0,0,0,0,0,0,0,1,NA,NA,NA,NA,NA,NA,NA,NA,2.75,3107.893213,3117.787319,3017.827875,742.9565809,742.9565809,2.75,742.6516105
"159",2013-03-01,20,6,5,21,5,5,0,0,0,0,12,0,0,0,0,0,0,0,0,0,0,0,1,NA,NA,NA,NA,NA,NA,NA,NA,2.75,3124.087954,3138.860267,3033.5533,745.9036552,745.9036552,2.75,743.9459331
"160",2013-04-01,22,5,4,21,5,5,0,0,0,0,12,0,0,0,0,0,0,0,0,0,0,0,1,NA,NA,NA,NA,NA,NA,NA,NA,2.75,3141.612348,3160.07411,3050.569845,748.5416172,748.5416172,2.75,745.2421869
"161",2013-05-01,22,5,4,21,5,5,0,0,0,0,12,0,0,0,0,0,0,0,0,0,0,0,1,NA,NA,NA,NA,NA,NA,NA,NA,2.75,3160.071804,3181.431381,3068.494354,750.7143247,750.7143247,2.75,746.5407061
"162",2013-06-01,22,5,4,21,5,5,0,0,0,0,12,0,0,0,0,0,0,0,0,0,0,0,1,NA,NA,NA,NA,NA,NA,NA,NA,2.75,3178.643503,3202.932972,3086.527854,752.8911829,752.8911829,2.75,747.8414917
"163",2013-07-01,22,5,4,21,5,5,0,0,0,0,12,0,0,0,0,0,0,0,0,0,0,0,1,NA,NA,NA,NA,NA,NA,NA,NA,2.75,3197.322644,3224.563274,3104.665683,755.0723839,755.0723839,2.75,749.1436587
"164",2013-08-01,22,5,4,21,5,5,0,0,0,0,12,0,0,0,0,0,0,0,0,0,0,0,1,NA,NA,NA,NA,NA,NA,NA,NA,2.75,3212.621447,3238.887756,3119.521133,756.3894239,756.3894239,2.75,749.462779
"165",2013-09-01,20,5,4,20,5,4,0,0,0,0,2,0,1,0,0,0,0,0,0,0,0,0,0,NA,NA,NA,NA,NA,244019,94431.8,65227,1.493490305,2484.391829,2484.377918,2484.391829,608.2910144,608.2910144,1.55740307,608.2910234
"166",2013-10-01,19,5,4,19,5,4,0,0,0,0,2,0,1,0,0,0,0,0,0,0,0,0,0,NA,NA,NA,NA,NA,259913,99738.8,64644,1.454803022,2512.958561,2512.945144,2512.958561,614.5170427,614.5170427,1.513078943,614.5170392
"167",2013-11-01,19,5,4,19,5,4,1,0,0,0,2,0,1,0,0,0,0,0,0,0,0,0,0,179839,83041,57610,83041,57610,179839,82211.4,57610,2.129344392,2374.669193,2374.65407,2374.669193,616.5618962,616.5618962,2.217734269,616.5619036
"168",2013-12-01,19,5,4,19,5,4,1,0,0,0,2,0,1,0,0,0,0,0,0,0,0,0,0,160867,71921,52513,71921,52513,160867,62116.2,52513,2.060970948,2331.811553,2331.801574,2331.811553,615.6094276,615.6094276,2.151266227,615.6094314
"169",2014-01-01,19,5,5,19,5,5,0,0,0,0,2,0,1,0,0,0,0,0,0,0,0,0,0,191291,88649,60970,88649,60970,191287.4211,87300,60970,2.010753357,2318.648713,2318.633813,2318.648713,615.2597305,615.2597305,2.08417917,615.2597067
"170",2014-02-01,19,5,4,19,5,4,0,0,0,0,2,0,1,0,0,0,0,0,0,0,0,0,0,196499,86386,65767,86386,65767,196499,83408.8,65767,1.935674964,2347.138299,2347.12764,2347.138299,615.1204446,615.1204446,2.005850789,615.1204513
"171",2014-03-01,19,5,4,19,5,4,0,0,0,0,2,0,1,0,0,0,0,0,0,0,0,0,0,219429,89256,56117,89256,56117,219429,89881.8,56117,1.868588262,2397.938404,2397.927767,2397.938404,614.5879004,614.5879004,1.933051887,614.5878898
"172",2014-04-01,19,5,4,19,5,4,0,0,0,0,2,0,1,0,0,0,0,0,0,0,0,0,0,229594,94335,67784,94335,67784,229594,93647.4,67784,1.812748245,2451.568265,2451.565527,2451.568265,614.2014276,614.2014276,1.877808675,614.2014575
"173",2014-05-01,20,5,4,20,5,4,0,0,0,0,2,0,1,0,0,0,0,0,0,0,0,0,0,246334,100670,75110,100670,75110,246334,101263.2,75110,1.750335469,2492.776312,2492.772193,2492.776312,617.6792102,617.6792102,1.811671789,617.6792436
"174",2014-06-01,19,5,4,19,5,4,0,0,0,0,2,0,1,0,0,0,0,0,0,0,0,0,0,244838.95,107609,79524,107609,79524,245971,107220.8,79524,2.010356341,2405.944835,2405.93827,2405.944835,625.3518613,625.3518613,2.093274842,625.3518599
"175",2014-07-01,19,5,4,20,4,4,0,0,0,0,2,0,1,0,0,0,0,0,0,0,0,0,0,226631.8947,99940.8,78893.25,98245,84459,226631.8947,99940.8,78893.25,1.975015909,2375.048106,2375.041794,2375.048106,633.3476747,633.3476747,2.050378945,633.3476544
"176",2014-08-01,19,5,4,20,4,4,0,0,0,0,2,0,1,0,0,0,0,0,0,0,0,0,0,248985.6842,105016,84039.75,106615,86956,248985.6842,105016,84039.75,1.934759384,2426.859878,2426.855542,2426.859878,641.9125404,641.9125404,2.005418678,641.9125046
"177",2014-09-01,20,5,4,21,4,4,0,0,0,0,2,0,1,0,0,0,0,0,0,0,0,0,0,261032.75,115117.6,86594.25,114891,92480,261032.75,115117.6,86594.25,2.154144276,2489.994024,2489.980556,2489.994024,650.0751053,650.0751053,2.240648252,650.0750874
"178",2014-10-01,19,5,4,20,4,4,0,0,0,1,2,0,1,0,0,0,0,0,0,0,0,0,0,233633.1579,87278.4,69437.5,NA,NA,233633.1579,87278.4,69437.5,2.367147802,2532.144747,2532.091924,2532.144747,655.6980343,655.6980343,2.473686477,655.6980469
"179",2014-11-01,19,5,4,20,4,4,0,0,0,1,2,0,1,0,0,0,0,0,0,0,0,0,0,232371.3158,110118.8,78641,NA,NA,232371.3158,110118.8,78641,2.601884418,2600.885667,2600.683876,2600.885667,659.6526178,659.6526178,2.706138758,659.6525927
"180",2014-12-01,19,5,4,20,4,4,0,0,0,0,2,0,1,0,0,0,0,0,0,0,0,0,0,245119.6316,94641.8,69431,94726,74406,245119.6316,94641.8,69431,2.859632966,2672.311426,2671.902108,2672.311426,663.5065037,663.5065037,2.983559418,663.5064935
"181",2015-01-01,20,5,4,21,4,4,0,0,0,0,2,0,1,0,0,0,0,0,0,0,0,0,0,259080.7,101432.6,77495.75,102088,81759,259080.7,101432.6,77495.75,2.841710589,2729.585013,2728.838546,2729.585013,667.6744223,667.6744223,2.960953861,667.6744368
"182",2015-02-01,19,5,4,20,4,4,0,0,0,0,2,0,1,0,0,0,0,0,0,0,0,0,0,266070.3158,112091.8,80353.75,110189,88224,266070.3158,112091.8,80353.75,2.769654452,2793.318096,2792.286416,2793.318098,671.7411475,671.7411475,2.89250589,671.7411465
"183",2015-03-01,19,5,4,20,4,4,0,0,0,0,2,0,1,0,0,0,0,0,0,0,0,0,0,279687.2632,104365.4,73607.75,101733,81866,279687.2632,104365.4,73607.75,2.75,2833.898322,2833.270053,2833.898568,675.1613176,675.1613176,2.843443405,675.1611067
"184",2015-04-01,19,5,4,20,4,4,0,0,0,1,2,0,1,0,0,0,0,0,0,0,0,0,0,277792.4737,97840.6,69546,NA,NA,277792.4737,97840.6,69546,2.75,2878.048513,2895.369241,2878.096215,678.9189545,678.9189545,2.801348618,678.8735221
"185",2015-05-01,19,6,4,19,5,5,0,0,0,1,2,0,1,0,0,0,0,0,0,0,0,0,0,NA,NA,NA,NA,NA,282356.0526,96909.66667,70473.25,2.75,2905.475609,2911.816052,2889.78156,683.2928296,683.2928296,2.751415209,683.4682846
"186",2015-06-01,19,5,4,19,4,5,0,0,0,0,2,0,1,0,0,0,0,0,0,0,0,0,0,NA,NA,NA,NA,NA,NA,NA,NA,2.75,2907.125155,2915.533889,2860.515965,687.9358795,687.9358795,2.75,688.2741224
"187",2015-07-01,19,5,4,19,4,5,0,0,0,0,2,0,1,0,0,0,0,0,0,0,0,0,0,NA,NA,NA,NA,NA,NA,NA,NA,2.75,2913.89485,2924.323553,2850.661428,692.921536,692.921536,2.75,693.3092771
"188",2015-08-01,19,5,4,19,4,5,0,0,0,0,2,0,1,0,0,0,0,0,0,0,0,0,0,NA,NA,NA,NA,NA,NA,NA,NA,2.75,2923.608144,2924.435331,2851.802684,697.9848971,697.9848971,2.75,698.3759509
"189",2015-09-01,20,5,4,20,4,5,0,0,0,0,2,0,1,0,0,0,0,0,0,0,0,0,0,NA,NA,NA,NA,NA,NA,NA,NA,2.75,2931.74725,2927.979238,2851.354123,703.0706611,703.0706611,2.75,703.439948
"190",2015-10-01,19,5,4,19,4,5,0,0,0,0,2,0,1,0,0,0,0,0,0,0,0,0,0,NA,NA,NA,NA,NA,NA,NA,NA,2.75,2943.190568,2934.132908,2857.933864,708.137152,708.137152,2.75,708.4235082
"191",2015-11-01,19,5,4,19,4,5,0,0,0,0,2,0,1,0,0,0,0,0,0,0,0,0,0,NA,NA,NA,NA,NA,NA,NA,NA,2.75,2956.628943,2944.548042,2870.947359,713.1135213,713.1135213,2.75,713.2903561
"192",2015-12-01,19,5,4,19,4,5,0,0,0,0,2,0,1,0,0,0,0,0,0,0,0,0,0,NA,NA,NA,NA,NA,NA,NA,NA,2.75,2971.417032,2957.401499,2885.306712,717.952034,717.952034,2.75,718.0990762
"193",2016-01-01,20,5,4,20,4,5,0,0,0,0,2,0,1,0,0,0,0,0,0,0,0,0,0,NA,NA,NA,NA,NA,NA,NA,NA,2.75,2986.593507,2972.27327,2900.04338,722.6820314,722.6820314,2.75,722.8308657
"194",2016-02-01,19,5,4,19,4,5,0,0,0,0,2,0,1,0,0,0,0,0,0,0,0,0,0,NA,NA,NA,NA,NA,NA,NA,NA,2.75,3002.313499,2990.06137,2915.307813,727.3644579,727.3644579,2.75,727.4547015
"195",2016-03-01,19,5,4,19,4,5,0,0,0,0,2,0,1,0,0,0,0,0,0,0,0,0,0,NA,NA,NA,NA,NA,NA,NA,NA,2.75,3019.008843,3010.479822,2931.519334,731.8922307,731.8922307,2.75,731.8736688
"196",2016-04-01,19,5,4,19,4,5,0,0,0,0,2,0,1,0,0,0,0,0,0,0,0,0,0,NA,NA,NA,NA,NA,NA,NA,NA,2.75,3036.306509,3032.954436,2948.315721,735.2998142,735.2998142,2.75,735.2056038
"197",2016-05-01,19,5,5,20,4,5,0,0,0,0,2,0,1,0,0,0,0,0,0,0,0,0,0,NA,NA,NA,NA,NA,NA,NA,NA,2.75,3055.051446,3055.928339,2966.517438,737.8010028,737.8010028,2.75,737.6578102
"198",2016-06-01,19,5,4,19,4,5,0,0,0,0,2,0,1,0,0,0,0,0,0,0,0,0,0,NA,NA,NA,NA,NA,NA,NA,NA,2.75,3074.153896,3078.288585,2985.066307,740.0169658,740.0169658,2.75,739.8145286
"199",2016-07-01,19,5,4,19,4,5,0,0,0,0,2,0,1,0,0,0,0,0,0,0,0,0,0,NA,NA,NA,NA,NA,NA,NA,NA,2.75,3092.843522,3100.155931,3003.214317,741.8032637,741.8032637,2.75,741.5457481
"200",2016-08-01,19,5,4,19,4,5,0,0,0,0,2,0,1,0,0,0,0,0,0,0,0,0,0,NA,NA,NA,NA,NA,NA,NA,NA,2.75,3110.902194,3121.276428,3020.749657,743.1466988,743.1466988,2.75,742.8500105
"201",2016-09-01,20,5,4,20,4,5,0,0,0,0,2,0,1,0,0,0,0,0,0,0,0,0,0,NA,NA,NA,NA,NA,NA,NA,NA,2.75,3126.216904,3142.663324,3035.620554,747.1363354,747.1363354,2.75,744.1821254
"202",2016-10-01,19,5,4,20,4,5,0,0,0,0,2,0,1,0,0,0,0,0,0,0,0,0,0,NA,NA,NA,NA,NA,NA,NA,NA,2.75,3144.880253,3164.197369,3053.743048,749.1377546,749.1377546,2.75,745.5167581
"203",2016-11-01,19,5,4,20,4,5,0,0,0,0,2,0,1,0,0,0,0,0,0,0,0,0,0,NA,NA,NA,NA,NA,NA,NA,NA,2.75,3163.364199,3185.878948,3071.691337,751.3091896,751.3091896,2.75,746.8537824
"204",2016-12-01,19,5,4,20,4,5,0,0,0,0,2,0,1,0,0,0,0,0,0,0,0,0,0,NA,NA,NA,NA,NA,NA,NA,NA,2.75,3181.955306,3207.709286,3089.743682,753.4877931,753.4877931,2.75,748.1932133
"205",2017-01-01,19,5,4,20,4,5,0,0,0,0,2,0,1,0,0,0,0,0,0,0,0,0,0,NA,NA,NA,NA,NA,NA,NA,NA,2.75,3200.660022,3229.731314,3107.906345,755.6776681,755.6776681,2.75,749.5373024
"206",2017-02-01,23,4,4,23,4,4,0,0,0,0,3,0,0,1,0,0,0,0,0,0,0,0,0,NA,NA,NA,NA,NA,247544,99765,68909,1.485261708,2493.880902,2493.871963,2493.880902,608.803305,608.803305,1.554637508,608.8033071
"207",2017-03-01,22,5,4,22,5,4,0,0,0,0,3,0,0,1,0,0,0,0,0,0,0,0,0,NA,NA,NA,NA,NA,260170,108856,71413,1.446217811,2504.47429,2504.4647,2504.47429,615.0470543,615.0470543,1.508416212,615.0470448
"208",2017-04-01,21,5,5,21,5,5,1,0,0,0,3,0,0,1,0,0,0,0,0,0,0,0,0,177386,89899,57979,89899,57979,177386,89899,57979,2.115973312,2372.195864,2372.184343,2372.195864,616.476695,616.476695,2.212950698,616.4767047
"209",2017-05-01,21,5,5,21,5,5,1,0,0,0,3,0,0,1,0,0,0,0,0,0,0,0,0,160269,84040,57064,84040,57064,160269,84040,57064,2.051560122,2325.388861,2325.37783,2325.388861,615.4531,615.4531,2.1518374,615.4531102
"210",2017-06-01,23,4,4,23,4,4,0,0,0,0,3,0,0,1,0,0,0,0,0,0,0,0,0,189097,91208,64254,91208,64254,189024.1304,91208,64254,1.988016224,2323.981811,2323.966445,2323.981811,615.2469468,615.2469468,2.074927148,615.2469355
"211",2017-07-01,23,4,4,23,4,4,0,0,0,0,3,0,0,1,0,0,0,0,0,0,0,0,0,193516,89088,57685,89088,57685,193516,89088,57685,1.903778249,2351.430721,2351.417039,2351.430721,615.1300881,615.1300881,2.005157942,615.1300964
"212",2017-08-01,23,4,4,23,4,4,0,0,0,0,3,0,0,1,0,0,0,0,0,0,0,0,0,221870.57,103526.75,67545,103526.75,67545,221795.8261,103938.75,67545,1.853173694,2402.157539,2402.147637,2402.157539,614.5010986,614.5010986,1.923293699,614.5010893
"213",2017-09-01,22,5,4,22,5,4,0,0,0,0,3,0,0,1,0,0,0,0,0,0,0,0,0,235968,109369.8,73284,109369.8,73284,235968,109374.8,73284,1.800760184,2454.591657,2454.593333,2454.591657,614.2050817,614.2050817,1.871609596,614.2051138
"214",2017-10-01,21,5,5,21,5,5,0,0,0,0,3,0,0,1,0,0,0,0,0,0,0,0,0,249518.62,112355,77552,112355,77552,249747.619,112355,77552,1.734553152,2493.092349,2493.096881,2493.092349,618.1714772,618.1714772,1.804309792,618.1715009
"215",2017-11-01,22,4,5,22,4,5,0,0,0,0,3,0,0,1,0,0,0,0,0,0,0,0,0,242969.32,125257,77258,125257,77258,244049,125257,77256,2.006901224,2392.529261,2392.528667,2392.529261,626.1035351,626.1035351,2.093454736,626.1035442
"216",2017-12-01,23,4,4,23,4,4,0,0,0,0,3,0,0,1,0,0,0,0,0,0,0,0,0,245117.2609,127170.5,80390,127171,80390,245117.2609,127170.5,80390,1.964824178,2379.755121,2379.744434,2379.755121,633.9412204,633.9412204,2.050979949,633.9411998
"217",2018-01-01,23,4,4,23,4,4,0,0,0,0,3,0,0,1,0,0,0,0,0,0,0,0,0,254413.4348,136294.25,83080.75,136294,83081,254413.4348,136294.25,83080.75,1.920698689,2432.300884,2432.281709,2432.300884,642.7383227,642.7383227,1.999856482,642.7383103
"218",2018-02-01,22,5,4,22,5,4,0,0,0,0,3,0,0,1,0,0,0,0,0,0,0,0,0,267881.7727,129661.2,91947.75,129661,91948,267881.7727,129661.2,91947.75,2.140443929,2494.258531,2494.213709,2494.258531,650.6442103,650.6442103,2.237630381,650.6441789
