"","month","week_avg","sat_avg","sun_avg","num_wkdayholminor","num_satholmajor","num_sun","weekdays","saturdays","sundays","dum_911_base","supersandy","summer_of_hell","end_close","mon","dummy_1","dummy_2","dummy_3","dummy_4","dummy_5","dummy_6","dummy_7","dummy_8","dummy_9","dummy_10","dummy_11","dummy_12","week","sat","sun"
"1",2019-09-01,297069.111504009,107832.828361842,85560.624048728,20,5,5,20,4,6,0,0,0,1,9,0,0,0,0,0,0,0,0,1,0,0,0,5941382.23008018,431331.313447367,513363.744292368
"2",2019-10-01,298801.301575336,114105.379966857,83080.6531344156,23,4,4,22,4,5,0,0,0,1,10,0,0,0,0,0,0,0,0,0,1,0,0,6573628.63465739,456421.519867428,415403.265672078
"3",2019-11-01,292963.225986224,107481.782665798,79396.1137824972,19,7,4,18,5,7,0,0,0,1,11,0,0,0,0,0,0,0,0,0,0,1,0,5273338.06775203,537408.913328991,555772.796477481
"4",2019-12-01,283423.062735364,108529.819106272,81619.2254937473,21,5,5,21,4,6,0,0,0,1,12,0,0,0,0,0,0,0,0,0,0,0,1,5951884.31744264,434119.27642509,489715.352962484
"5",2020-01-01,282290.864340963,93641.1728513101,65617.2231678224,21,6,4,21,4,6,0,0,0,1,1,1,0,0,0,0,0,0,0,0,0,0,0,5928108.15116022,374564.69140524,393703.339006934
"6",2020-02-01,287789.613516636,100833.700355632,71112.6767981743,19,6,4,19,5,5,0,0,0,1,2,0,1,0,0,0,0,0,0,0,0,0,0,5468002.65681609,504168.50177816,355563.383990872
"7",2020-03-01,290709.895772064,127398.152251883,84410.1931132535,22,4,5,22,4,5,0,0,0,0,3,0,0,1,0,0,0,0,0,0,0,0,0,6395617.70698541,509592.609007532,422050.965566268
"8",2020-04-01,296239.677010304,129694.615383517,90588.5144074469,22,4,4,22,4,4,0,0,0,0,4,0,0,0,1,0,0,0,0,0,0,0,0,6517272.89422668,518778.461534069,362354.057629788
"9",2020-05-01,298850.04361858,121739.904793218,95243.9067271747,20,6,5,20,5,6,0,0,0,0,5,0,0,0,0,1,0,0,0,0,0,0,0,5977000.8723716,608699.523966088,571463.440363048
"10",2020-06-01,301885.607532258,128976.548860212,100799.519436601,22,4,4,22,4,4,0,0,0,0,6,0,0,0,0,0,1,0,0,0,0,0,0,6641483.36570967,515906.195440847,403198.077746406
"11",2020-07-01,297632.801788753,125238.373589899,94492.4972508463,22,5,4,22,4,5,0,0,0,0,7,0,0,0,0,0,0,1,0,0,0,0,0,6547921.63935257,500953.494359595,472462.486254231
"12",2020-08-01,291544.766747369,124123.173813825,93082.6732751532,21,5,5,21,5,5,0,0,0,0,8,0,0,0,0,0,0,0,1,0,0,0,0,6122440.10169475,620615.869069124,465413.366375766
"13",2020-09-01,302018.317630881,125424.075208334,97909.0539668988,21,5,4,21,4,5,0,0,0,0,9,0,0,0,0,0,0,0,0,1,0,0,0,6342384.67024851,501696.300833335,489545.269834494
"14",2020-10-01,300082.123792884,129239.85429981,95268.2086282771,22,5,4,21,5,5,0,0,0,0,10,0,0,0,0,0,0,0,0,0,1,0,0,6301724.59965057,646199.271499048,476341.043141386
"15",2020-11-01,294057.964985669,123838.40517201,91546.4894265027,19,6,5,18,4,8,0,0,0,0,11,0,0,0,0,0,0,0,0,0,0,1,0,5293043.36974204,495353.620688041,732371.915412022
"16",2020-12-01,284297.833080892,124077.741800812,93730.7621666343,22,5,4,22,4,5,0,0,0,0,12,0,0,0,0,0,0,0,0,0,0,0,1,6254552.32777963,496310.967203246,468653.810833171
"17",2021-01-01,282891.892433309,109530.799299705,77700.1361787579,19,7,5,19,5,7,0,0,0,0,1,1,0,0,0,0,0,0,0,0,0,0,0,5374945.95623288,547653.996498523,543900.953251305
"18",2021-02-01,288067.56585472,116466.058417802,83180.3845133533,19,5,4,19,4,5,0,0,0,0,2,0,1,0,0,0,0,0,0,0,0,0,0,5473283.75123967,465864.233671207,415901.922566767
"19",2021-03-01,290717.413439227,130245.144723705,86054.880729432,23,4,4,23,4,4,0,0,0,0,3,0,0,1,0,0,0,0,0,0,0,0,0,6686500.50910222,520980.578894819,344219.522917728
"20",2021-04-01,296189.267795114,132490.161445689,92243.2479872926,22,4,4,22,4,4,0,0,0,0,4,0,0,0,1,0,0,0,0,0,0,0,0,6516163.89149251,529960.645782755,368972.991949171
"21",2021-05-01,299012.385641106,124591.371903307,96909.1581078024,20,6,5,20,5,6,0,0,0,0,5,0,0,0,0,1,0,0,0,0,0,0,0,5980247.71282212,622956.859516536,581454.948646814
"22",2021-06-01,302398.949599693,131824.014892752,102474.77843198,22,4,4,22,4,4,0,0,0,0,6,0,0,0,0,0,1,0,0,0,0,0,0,6652776.89119324,527296.059571008,409899.113727921
"23",2021-07-01,298448.28020039,128111.699833316,96176.0838508181,21,6,4,21,5,5,0,0,0,0,7,0,0,0,0,0,0,1,0,0,0,0,0,6267413.88420819,640558.499166579,480880.419254091
"24",2021-08-01,292474.330328108,127000.030124512,94772.1254656799,22,4,5,22,4,5,0,0,0,0,8,0,0,0,0,0,0,0,1,0,0,0,0,6434435.26721839,508000.120498047,473860.6273284
"25",2021-09-01,302926.427865268,128311.626732521,99602.6793855553,21,5,4,21,4,5,0,0,0,0,9,0,0,0,0,0,0,0,0,1,0,0,0,6361454.98517062,513246.506930083,498013.396927777
"26",2021-10-01,300933.680615848,132131.620621103,96965.4723845468,21,5,5,20,5,6,0,0,0,0,10,0,0,0,0,0,0,0,0,0,1,0,0,6018673.61231696,660658.103105515,581792.834307281
"27",2021-11-01,294898.644900241,126738.09767723,93247.7584813456,20,6,4,19,4,7,0,0,0,0,11,0,0,0,0,0,0,0,0,0,0,1,0,5603074.25310458,506952.39070892,652734.309369419
"28",2021-12-01,285175.443597874,126984.070271623,95436.2829188182,21,6,4,21,4,6,0,0,0,0,12,0,0,0,0,0,0,0,0,0,0,0,1,5988684.31555536,507936.281086494,572617.697512909
"29",2022-01-01,283836.710794772,112444.490120999,79409.7787763705,20,6,5,20,5,6,0,0,0,0,1,1,0,0,0,0,0,0,0,0,0,0,0,5676734.21589543,562222.450604994,476458.672658223
"30",2022-02-01,289092.814425476,119385.925273716,84893.7609999863,19,5,4,19,4,5,0,0,0,0,2,0,1,0,0,0,0,0,0,0,0,0,0,5492763.47408405,477543.701094863,424468.804999931
"31",2022-03-01,291821.159758249,133171.182243458,87771.8171865516,23,4,4,23,4,4,0,0,0,0,3,0,0,1,0,0,0,0,0,0,0,0,0,6711886.67443973,532684.728973832,351087.268746206
"32",2022-04-01,297354.899967002,135422.477900339,93963.9025783395,21,5,4,21,5,4,0,0,0,0,4,0,0,0,1,0,0,0,0,0,0,0,0,6244452.89930705,677112.389501696,375855.610313358
"33",2022-05-01,300213.452575468,127530.53676898,98633.8125528978,21,5,5,21,4,6,0,0,0,0,5,0,0,0,0,1,0,0,0,0,0,0,0,6304482.50408482,510122.147075919,591802.875317387
"34",2022-06-01,303618.522422999,134769.248133168,104203.004076894,22,4,4,22,4,4,0,0,0,0,6,0,0,0,0,0,1,0,0,0,0,0,0,6679607.49330597,539076.992532671,416812.016307577
"35",2022-07-01,299683.792798246,131060.732567378,97906.5332437613,20,6,5,20,5,6,0,0,0,0,7,0,0,0,0,0,0,1,0,0,0,0,0,5993675.85596492,655303.66283689,587439.199462568
"36",2022-08-01,293734.731539834,129949.496311271,96502.8323846382,23,4,4,23,4,4,0,0,0,0,8,0,0,0,0,0,0,0,1,0,0,0,0,6755898.82541618,519797.985245083,386011.329538553
"37",2022-09-01,304220.792231017,131259.175090366,101332.25918583,21,5,4,21,4,5,0,0,0,0,9,0,0,0,0,0,0,0,0,1,0,0,0,6388636.63685136,525036.700361465,506661.295929151
"38",2022-10-01,302268.360571189,135076.389315617,98693.422094147,21,5,5,20,5,6,0,0,0,0,10,0,0,0,0,0,0,0,0,0,1,0,0,6045367.21142378,675381.946578085,592160.532564882
"39",2022-11-01,296276.712997631,129680.473022551,94974.303265393,20,6,4,19,4,7,0,0,0,0,11,0,0,0,0,0,0,0,0,0,0,1,0,5629257.54695499,518721.892090204,664820.122857751
"40",2022-12-01,286594.461392561,129924.62882927,97161.761937169,21,6,4,21,5,5,0,0,0,0,12,0,0,0,0,0,0,0,0,0,0,0,1,6018483.68924379,649623.144146348,485808.809685845
"41",2023-01-01,285288.170611934,115383.743237988,81134.4916139925,20,6,5,20,4,7,0,0,0,0,1,1,0,0,0,0,0,0,0,0,0,0,0,5705763.41223867,461534.972951953,567941.441297948
"42",2023-02-01,290563.861613103,122324.137064299,86617.8628938882,19,5,4,19,4,5,0,0,0,0,2,0,1,0,0,0,0,0,0,0,0,0,0,5520713.37064896,489296.548257198,433089.314469441
"43",2023-03-01,293301.481395792,136107.657350355,89494.8999675274,23,4,4,23,4,4,0,0,0,0,3,0,0,1,0,0,0,0,0,0,0,0,0,6745934.07210322,544430.629401419,357979.59987011
"44",2023-04-01,298838.446209578,138355.381760843,95684.8898298413,20,5,5,20,5,5,0,0,0,0,4,0,0,0,1,0,0,0,0,0,0,0,0,5976768.92419156,691776.908804213,478424.449149206
"45",2023-05-01,301697.386824717,130457.534916702,100351.3343985,22,5,4,22,4,5,0,0,0,0,5,0,0,0,0,1,0,0,0,0,0,0,0,6637342.51014378,521830.139666806,501756.6719925
"46",2023-06-01,305099.02004171,137690.060430326,105916.89616001,22,4,4,22,4,4,0,0,0,0,6,0,0,0,0,0,1,0,0,0,0,0,0,6712178.44091762,550760.241721304,423667.584640039
"47",2023-07-01,301154.990372534,133977.771808107,99618.2113449639,20,6,5,20,5,6,0,0,0,0,7,0,0,0,0,0,0,1,0,0,0,0,0,6023099.80745069,669888.859040534,597709.268069783
"48",2023-08-01,295189.208177034,132867.069296079,98214.8236821201,23,4,4,23,4,4,0,0,0,0,8,0,0,0,0,0,0,0,1,0,0,0,0,6789351.78807178,531468.277184315,392859.294728481
"49",2023-09-01,305651.492933907,134180.286800935,103046.32695695,20,6,4,20,5,5,0,0,0,0,9,0,0,0,0,0,0,0,0,1,0,0,0,6113029.85867814,670901.434004677,515231.634784749
"50",2023-10-01,303669.076627204,138001.944000783,100410.096941858,22,4,5,21,4,6,0,0,0,0,10,0,0,0,0,0,0,0,0,0,1,0,0,6377050.60917128,552007.776003134,602460.581651149
"51",2023-11-01,297641.997925895,132609.684733253,96693.1240044309,20,6,4,19,4,7,0,0,0,0,11,0,0,0,0,0,0,0,0,0,0,1,0,5655197.96059201,530438.738933013,676851.868031016
"52",2023-12-01,287919.291703081,132856.663770546,98882.2393089391,20,6,5,20,5,6,0,0,0,0,12,0,0,0,0,0,0,0,0,0,0,0,1,5758385.83406163,664283.318852729,593293.435853635
"53",2024-01-01,286567.86175263,118318.130408077,82856.3492408132,21,6,4,21,4,6,0,0,0,0,1,1,0,0,0,0,0,0,0,0,0,0,0,6017925.09680523,473272.521632309,497138.095444879
"54",2024-02-01,291796.503082732,125260.796667296,88341.0539528475,20,5,4,20,4,5,0,0,0,0,2,0,1,0,0,0,0,0,0,0,0,0,0,5835930.06165463,501043.186669183,441705.269764238
"55",2024-03-01,294497.679618779,139047.014866002,91219.6741241082,21,5,5,21,5,5,0,0,0,0,3,0,0,1,0,0,0,0,0,0,0,0,0,6184451.27199436,695235.07433001,456098.370620541
"56",2024-04-01,300023.760557621,141298.396475184,97411.8099798337,22,4,4,22,4,4,0,0,0,0,4,0,0,0,1,0,0,0,0,0,0,0,0,6600522.73226766,565193.585900737,389647.239919335
"57",2024-05-01,302907.300826156,133405.178410037,102080.97065169,22,5,4,22,4,5,0,0,0,0,5,0,0,0,0,1,0,0,0,0,0,0,0,6663960.61817544,533620.713640146,510404.853258448
"58",2024-06-01,306358.827430576,140641.230468792,107648.601740899,20,5,5,20,5,5,0,0,0,0,6,0,0,0,0,0,1,0,0,0,0,0,0,6127176.54861151,703206.152343958,538243.008704493
"59",2024-07-01,302474.76705515,136928.771005265,101349.816678543,22,5,4,22,4,5,0,0,0,0,7,0,0,0,0,0,0,1,0,0,0,0,0,6654444.8752133,547715.084021062,506749.083392714
"60",2024-08-01,296566.811181334,135812.466220325,99943.1416797833,22,5,4,22,5,4,0,0,0,0,8,0,0,0,0,0,0,0,1,0,0,0,0,6524469.84598936,679062.331101626,399772.566719133
"61",2024-09-01,307084.557418281,137116.360637478,104769.174296264,20,5,5,20,4,6,0,0,0,0,9,0,0,0,0,0,0,0,0,1,0,0,0,6141691.14836562,548465.442549911,628615.045777581
"62",2024-10-01,305158.015889938,140927.545833083,102126.79945456,23,4,4,22,4,5,0,0,0,0,10,0,0,0,0,0,0,0,0,0,1,0,0,6713476.34957865,563710.183332332,510633.9972728
"63",2024-11-01,299189.408825083,135525.711101269,98404.2077677134,19,7,4,18,5,7,0,0,0,0,11,0,0,0,0,0,0,0,0,0,0,1,0,5385409.35885149,677628.555506347,688829.454373994
"64",2024-12-01,289527.577699265,135763.950729683,100588.1949085,21,5,5,21,4,6,0,0,0,0,12,0,0,0,0,0,0,0,0,0,0,0,1,6080079.13168456,543055.802918733,603529.169450999
"65",2025-01-01,288238.638934495,121216.927261395,84557.3229642231,21,6,4,21,4,6,0,0,0,0,1,1,0,0,0,0,0,0,0,0,0,0,0,6053011.41762439,484867.709045578,507343.937785339
"66",2025-02-01,293529.556850178,128150.810154601,90036.8737191002,19,5,4,19,4,5,0,0,0,0,2,0,1,0,0,0,0,0,0,0,0,0,0,5577061.58015339,512603.240618404,450184.368595501
"67",2025-03-01,296286.792626775,141927.586094216,92909.9533038981,21,5,5,21,5,5,0,0,0,0,3,0,0,1,0,0,0,0,0,0,0,0,0,6222022.64516228,709637.930471081,464549.766519491
"68",2025-04-01,301855.669399274,144168.545107439,99095.9733251054,22,4,4,22,4,4,0,0,0,0,4,0,0,0,1,0,0,0,0,0,0,0,0,6640824.72678403,576674.180429756,396383.893300422
"69",2025-05-01,304764.432373295,136263.980940586,103758.476262101,21,6,4,21,5,5,0,0,0,0,5,0,0,0,0,1,0,0,0,0,0,0,0,6400053.0798392,681319.90470293,518792.381310504
"70",2025-06-01,308230.244347541,143489.332974717,109319.828725505,21,4,5,21,4,5,0,0,0,0,6,0,0,0,0,0,1,0,0,0,0,0,0,6472835.13129836,573957.331898867,546599.143627526
"71",2025-07-01,304358.904139376,139768.767189422,103016.286986149,22,5,4,22,4,5,0,0,0,0,7,0,0,0,0,0,0,1,0,0,0,0,0,6695895.89106628,559075.068757688,515081.434930744
"72",2025-08-01,298469.312097417,138648.244723296,101607.137110662,21,5,5,21,5,5,0,0,0,0,8,0,0,0,0,0,0,0,1,0,0,0,0,6267855.55404575,693241.223616481,508035.685553308
"73",2025-09-01,309009.622997254,139950.49428538,106432.204549038,21,5,4,21,4,5,0,0,0,0,9,0,0,0,0,0,0,0,0,1,0,0,0,6489202.08294234,559801.97714152,532161.022745189
"74",2025-10-01,307106.241014791,143760.638775546,103789.21903584,23,4,4,22,4,5,0,0,0,0,10,0,0,0,0,0,0,0,0,0,1,0,0,6756337.30232539,575042.555102186,518946.095179201
"75",2025-11-01,301158.73957446,138356.818549873,100065.462288779,18,7,5,17,5,8,0,0,0,0,11,0,0,0,0,0,0,0,0,0,0,1,0,5119698.57276582,691784.092749365,800523.698310233
"76",2025-12-01,291517.140982428,138592.257795715,102247.806203975,22,5,4,22,4,5,0,0,0,0,12,0,0,0,0,0,0,0,0,0,0,0,1,6413377.10161342,554369.031182859,511239.031019876
"77",2026-01-01,290249.699937921,124042.168520314,86215.1352866756,20,7,4,20,4,7,0,0,0,0,1,1,0,0,0,0,0,0,0,0,0,0,0,5804993.99875842,496168.674081258,603505.94700673
"78",2026-02-01,295564.755594293,130973.141080123,91692.9782983456,19,5,4,19,4,5,0,0,0,0,2,0,1,0,0,0,0,0,0,0,0,0,0,5615730.35629158,523892.564320494,458464.891491728
"79",2026-03-01,298347.091707371,144747.068040758,94564.3861418554,22,4,5,22,5,4,0,0,0,0,3,0,0,1,0,0,0,0,0,0,0,0,0,6563636.01756217,723735.340203789,378257.544567422
"80",2026-04-01,303939.590241349,146985.016802191,100748.639789131,22,4,4,22,4,4,0,0,0,0,4,0,0,0,1,0,0,0,0,0,0,0,0,6686670.98530968,587940.067208763,402994.559156524
"81",2026-05-01,306868.637695405,139077.136481331,105409.196853023,20,6,5,20,5,6,0,0,0,0,5,0,0,0,0,1,0,0,0,0,0,0,0,6137372.7539081,695385.682406655,632455.18111814
"82",2026-06-01,310351.865141713,146299.035038905,110968.52286436,22,4,4,22,4,4,0,0,0,0,6,0,0,0,0,0,1,0,0,0,0,0,0,6827741.03311769,585196.14015562,443874.091457439
"83",2026-07-01,306496.121226781,142575.12520596,104663.018884298,22,5,4,22,4,5,0,0,0,0,7,0,0,0,0,0,0,1,0,0,0,0,0,6742914.66698918,570300.500823842,523315.09442149
"84",2026-08-01,300621.180147196,141451.557229552,103252.081945685,21,5,5,21,5,5,0,0,0,0,8,0,0,0,0,0,0,0,1,0,0,0,0,6313044.78309113,707257.786147762,516260.409728427
"85",2026-09-01,311175.365087381,142751.018123235,108075.513032184,21,5,4,21,4,5,0,0,0,0,9,0,0,0,0,0,0,0,0,1,0,0,0,6534682.666835,571004.072492938,540377.565160919
"86",2026-10-01,309285.07249945,146558.531274424,105430.983485829,22,5,4,21,4,6,0,0,0,0,10,0,0,0,0,0,0,0,0,0,1,0,0,6494986.52248846,586234.125097695,632585.900914975
"87",2026-11-01,303350.141899847,141152.164144584,101705.732250785,19,6,5,18,5,7,0,0,0,0,11,0,0,0,0,0,0,0,0,0,0,1,0,5460302.55419724,705760.820722922,711940.125755495
"88",2026-12-01,293721.958010051,141385.174207872,103886.650755404,22,5,4,22,4,5,0,0,0,0,12,0,0,0,0,0,0,0,0,0,0,0,1,6461883.07622112,565540.696831487,519433.253777022
"89",2027-01-01,292470.411003163,126832.833144207,87852.6585200334,19,7,5,19,5,7,0,0,0,0,1,1,0,0,0,0,0,0,0,0,0,0,0,5556937.8090601,634164.165721036,614968.609640234
"90",2027-02-01,297804.364189876,133761.76314707,93329.3029876623,19,5,4,19,4,5,0,0,0,0,2,0,1,0,0,0,0,0,0,0,0,0,0,5658282.91960765,535047.05258828,466646.514938312
"91",2027-03-01,300604.675825243,147533.77704453,96199.5882722781,23,4,4,23,4,4,0,0,0,0,3,0,0,1,0,0,0,0,0,0,0,0,0,6913907.54398058,590135.108178121,384798.353089112
"92",2027-04-01,306209.19135904,149769.834663365,102382.732223349,22,4,4,22,4,4,0,0,0,0,4,0,0,0,1,0,0,0,0,0,0,0,0,6736602.20989887,599079.338653461,409530.928893396
"93",2027-05-01,309141.021344952,141859.937649519,107042.105919813,20,6,5,20,5,6,0,0,0,0,5,0,0,0,0,1,0,0,0,0,0,0,0,6182820.42689903,709299.688247595,642252.635518875
"94",2027-06-01,312621.568031646,149079.387191637,112599.994882901,22,4,4,22,4,4,0,0,0,0,6,0,0,0,0,0,1,0,0,0,0,0,0,6877674.49669622,596317.548766546,450399.979531604
"95",2027-07-01,308763.212871177,145352.249292925,106292.596718692,21,6,4,21,4,6,0,0,0,0,7,0,0,0,0,0,0,1,0,0,0,0,0,6484027.47029472,581408.997171702,637755.580312151
"96",2027-08-01,302889.981474394,144224.463113413,104879.184597097,22,4,5,22,5,4,0,0,0,0,8,0,0,0,0,0,0,0,1,0,0,0,0,6663579.59243667,721122.315567066,419516.738388388
"97",2027-09-01,313449.323177747,145519.046273012,109699.753496997,21,5,4,21,4,5,0,0,0,0,9,0,0,0,0,0,0,0,0,1,0,0,0,6582435.78673268,582076.185092048,548498.767484984
"98",2027-10-01,311565.478588308,149321.4884643,107052.248381818,21,5,5,20,5,6,0,0,0,0,10,0,0,0,0,0,0,0,0,0,1,0,0,6231309.57176615,746607.442321502,642313.490290908
"99",2027-11-01,305636.480613772,143910.228696705,103324.126214908,20,6,4,19,4,7,0,0,0,0,11,0,0,0,0,0,0,0,0,0,0,1,0,5807093.13166168,575640.914786822,723268.883504353
"100",2027-12-01,296013.301283121,144138.517195515,105502.274171084,21,6,4,21,4,6,0,0,0,0,12,0,0,0,0,0,0,0,0,0,0,0,1,6216279.32694555,576554.068782061,633013.645026501
"101",2028-01-01,294765.767010357,129581.523924539,89465.5520850907,20,6,5,20,5,6,0,0,0,0,1,1,0,0,0,0,0,0,0,0,0,0,0,5895315.34020714,647907.619622697,536793.312510544
"102",2028-02-01,300102.79259808,136505.772434665,94939.4495178169,20,5,4,20,4,5,0,0,0,0,2,0,1,0,0,0,0,0,0,0,0,0,0,6002055.8519616,546023.08973866,474697.247589084
"103",2028-03-01,302905.749554511,150272.989495406,97806.9200852832,23,4,4,23,4,4,0,0,0,0,3,0,0,1,0,0,0,0,0,0,0,0,0,6966832.23975376,601091.957981622,391227.680341133
"104",2028-04-01,308513.111227815,152504.052122473,103987.133044575,20,5,5,20,5,5,0,0,0,0,4,0,0,0,1,0,0,0,0,0,0,0,0,6170262.22455631,762520.260612366,519935.665222877
"105",2028-05-01,311448.46628919,144588.915395086,108643.432149923,22,5,4,22,4,5,0,0,0,0,5,0,0,0,0,1,0,0,0,0,0,0,0,6851866.25836217,578355.661580343,543217.160749616
"106",2028-06-01,314933.092346595,151802.978738543,114198.160566463,22,4,4,22,4,4,0,0,0,0,6,0,0,0,0,0,1,0,0,0,0,0,0,6928528.03162509,607211.914954174,456792.642265853
"107",2028-07-01,311079.095673268,148070.442927002,107887.594981993,20,6,5,20,5,6,0,0,0,0,7,0,0,0,0,0,0,1,0,0,0,0,0,6221581.91346536,740352.214635012,647325.56989196
"108",2028-08-01,305210.435697814,146937.354983641,106471.071859024,23,4,4,23,4,4,0,0,0,0,8,0,0,0,0,0,0,0,1,0,0,0,0,7019840.02104971,587749.419934565,425884.287436097
"109",2028-09-01,315775.332469389,148226.7336302,111288.586822973,20,6,4,20,4,6,0,0,0,0,9,0,0,0,0,0,0,0,0,1,0,0,0,6315506.64938779,592906.934520802,667731.520937841
"110",2028-10-01,313899.006758687,152024.042869271,108638.06976274,22,4,5,21,5,5,0,0,0,0,10,0,0,0,0,0,0,0,0,0,1,0,0,6591879.14193244,760120.214346356,543190.348813702
"111",2028-11-01,307980.122552174,146607.681754522,104906.954196188,20,6,4,19,4,7,0,0,0,0,11,0,0,0,0,0,0,0,0,0,0,1,0,5851622.3284913,586430.727018088,734348.679373314
"112",2028-12-01,298368.889192798,146830.803028468,107082.070096597,20,6,5,20,5,6,0,0,0,0,12,0,0,0,0,0,0,0,0,0,0,0,1,5967377.78385595,734154.015142338,642492.420579579
"113",2029-01-01,297134.021626578,132268.464616419,91042.2115560768,21,6,4,21,4,6,0,0,0,0,1,1,0,0,0,0,0,0,0,0,0,0,0,6239814.45415813,529073.858465675,546253.269336461
"114",2029-02-01,302483.534910741,139187.178355092,96512.8612618039,19,5,4,19,4,5,0,0,0,0,2,0,1,0,0,0,0,0,0,0,0,0,0,5747187.16330407,556748.713420368,482564.30630902
"115",2029-03-01,305298.74663845,152949.060307192,99377.2012616355,22,5,4,22,4,5,0,0,0,0,3,0,0,1,0,0,0,0,0,0,0,0,0,6716572.4260459,611796.24122877,496886.006308178
"116",2029-04-01,310918.288116872,155175.476642025,105554.68784119,21,4,5,21,5,4,0,0,0,0,4,0,0,0,1,0,0,0,0,0,0,0,0,6529284.05045431,775877.383210124,422218.751364762
"117",2029-05-01,313865.939748838,147256.473890522,110208.718417294,22,5,4,22,4,5,0,0,0,0,5,0,0,0,0,1,0,0,0,0,0,0,0,6905050.67447444,589025.895562087,551043.592086471
"118",2029-06-01,317363.306721715,154465.951136341,115760.75577545,21,5,4,21,4,5,0,0,0,0,6,0,0,0,0,0,1,0,0,0,0,0,0,6664629.44115601,617863.804545366,578803.778877251
"119",2029-07-01,313522.856963671,150726.210704184,109445.962619689,21,5,5,21,5,5,0,0,0,0,7,0,0,0,0,0,0,1,0,0,0,0,0,6583979.99623708,753631.053520918,547229.813098445
"120",2029-08-01,307668.64894951,149582.067251726,108022.952277565,23,4,4,23,4,4,0,0,0,0,8,0,0,0,0,0,0,0,1,0,0,0,0,7076378.92583874,598328.269006904,432091.809110261
"121",2029-09-01,318247.951188216,150857.971065094,112832.560396591,19,6,5,19,5,6,0,0,0,0,9,0,0,0,0,0,0,0,0,1,0,0,0,6046711.0725761,754289.855325471,676995.362379544
"122",2029-10-01,316384.770150125,154641.483795221,110173.94773657,23,4,4,22,4,5,0,0,0,0,10,0,0,0,0,0,0,0,0,0,1,0,0,6960464.94330274,618565.935180882,550869.738682851
"123",2029-11-01,310476.986841803,149212.486744242,106435.417578177,20,6,4,19,4,7,0,0,0,0,11,0,0,0,0,0,0,0,0,0,0,1,0,5899062.74999426,596849.946976968,745047.923047238
"124",2029-12-01,300875.751242208,149423.154405479,108603.225871654,20,6,5,20,5,6,0,0,0,0,12,0,0,0,0,0,0,0,0,0,0,0,1,6017515.02484416,747115.772027395,651619.355229924
"125",2030-01-01,299651.150253819,134846.951287138,92555.2317140909,21,6,4,21,4,6,0,0,0,0,1,1,0,0,0,0,0,0,0,0,0,0,0,6292674.1553302,539387.805148554,555331.390284545
"126",2030-02-01,305011.991152018,141749.77910324,98016.5597811404,19,5,4,19,4,5,0,0,0,0,2,0,1,0,0,0,0,0,0,0,0,0,0,5795227.83188834,566999.11641296,490082.798905702
"127",2030-03-01,307838.065855014,155497.077261372,100872.34221327,21,5,5,21,5,5,0,0,0,0,3,0,0,1,0,0,0,0,0,0,0,0,0,6464599.38295529,777485.386306862,504361.711066349
"128",2030-04-01,313465.899953818,157714.518860085,107044.562542347,22,4,4,22,4,4,0,0,0,0,4,0,0,0,1,0,0,0,0,0,0,0,0,6896249.798984,630858.075440341,428178.250169387
"129",2030-05-01,316418.140272047,149793.073182174,111697.159643172,22,5,4,22,4,5,0,0,0,0,5,0,0,0,0,1,0,0,0,0,0,0,0,6961199.08598503,599172.292728698,558485.798215859
"130",2030-06-01,319919.144693903,156994.025469618,117244.194674181,20,5,5,20,5,5,0,0,0,0,6,0,0,0,0,0,1,0,0,0,0,0,0,6398382.89387806,784970.127348091,586220.973370907
"131",2030-07-01,316085.10567844,153223.68043399,110911.443162263,22,5,4,22,4,5,0,0,0,0,7,0,0,0,0,0,0,1,0,0,0,0,0,6953872.32492569,612894.721735961,554557.215811317
"132",2030-08-01,310242.521205341,152016.128932058,109451.225857574,22,5,4,22,4,5,0,0,0,0,8,0,0,0,0,0,0,0,1,0,0,0,0,6825335.46651751,608064.515728234,547256.129287868
"133",2030-09-01,320835.959184446,153206.19408968,114210.465045878,20,5,5,20,5,5,0,0,0,0,9,0,0,0,0,0,0,0,0,1,0,0,0,6416719.18368891,766030.970448398,571052.325229391
"134",2030-10-01,318985.440763836,156897.084267724,111497.50275901,23,4,4,22,4,5,0,0,0,0,10,0,0,0,0,0,0,0,0,0,1,0,0,7017679.69680438,627588.337070896,557487.513795048
"135",2030-11-01,313085.841488549,151381.235865185,107708.00943406,19,7,4,18,4,8,0,0,0,0,11,0,0,0,0,0,0,0,0,0,0,1,0,5635545.14679388,605524.943460739,861664.075472481
"136",2030-12-01,303489.225773254,151511.010512151,109828.35083053,21,5,5,21,5,5,0,0,0,0,12,0,0,0,0,0,0,0,0,0,0,0,1,6373273.74123834,757555.052560754,549141.754152649
"137",2031-01-01,302267.574968317,136856.968124535,93734.6816711001,21,6,4,21,4,6,0,0,0,0,1,1,0,0,0,0,0,0,0,0,0,0,0,6347619.07433465,547427.872498141,562408.090026601
"138",2031-02-01,307631.667126183,143681.999584659,99150.3599172095,19,5,4,19,4,5,0,0,0,0,2,0,1,0,0,0,0,0,0,0,0,0,0,5845001.67539748,574727.998338636,495751.799586047
"139",2031-03-01,310463.56965307,157348.109264673,101958.50207825,21,5,5,21,5,5,0,0,0,0,3,0,0,1,0,0,0,0,0,0,0,0,0,6519734.96271446,786740.546323365,509792.510391251
"140",2031-04-01,316102.160562961,159477.429162257,108079.013817293,22,4,4,22,4,4,0,0,0,0,4,0,0,0,1,0,0,0,0,0,0,0,0,6954247.53238515,637909.716649029,432316.055269171
"141",2031-05-01,319071.41744241,151460.797616662,112675.757173283,21,6,4,22,4,5,0,0,0,0,5,0,0,0,0,1,0,0,0,0,0,0,0,7019571.18373302,605843.190466648,563378.785866417
"142",2031-06-01,322592.945781675,158573.010309494,118170.721042946,21,4,5,20,5,5,0,0,0,0,6,0,0,0,0,0,1,0,0,0,0,0,0,6451858.9156335,792865.05154747,590853.605214732
"143",2031-07-01,318779.164137272,154737.292433298,111799.609656343,22,5,4,22,4,5,0,0,0,0,7,0,0,0,0,0,0,1,0,0,0,0,0,7013141.61101999,618949.169733192,558998.048281716
"144",2031-08-01,312953.935466201,153499.007588006,110321.358452717,21,5,5,22,4,5,0,0,0,0,8,0,0,0,0,0,0,0,1,0,0,0,0,6884986.58025642,613996.030352023,551606.792263587
"145",2031-09-01,323563.746054778,154681.65993753,115076.247908209,21,5,4,20,5,5,0,0,0,0,9,0,0,0,0,0,0,0,0,1,0,0,0,6471274.92109557,773408.299687649,575381.239541047
"146",2031-10-01,321731.673550184,158371.490853034,112362.664060797,23,4,4,22,4,5,0,0,0,0,10,0,0,0,0,0,0,0,0,0,1,0,0,7078096.81810404,633485.963412136,561813.320303987
"147",2031-11-01,315854.657111403,152847.542043802,108568.417529732,18,7,5,18,4,8,0,0,0,0,11,0,0,0,0,0,0,0,0,0,0,1,0,5685383.82800525,611390.168175209,868547.340237855
"148",2031-12-01,306282.852923562,152963.069302253,110680.398756545,22,5,4,21,5,5,0,0,0,0,12,0,0,0,0,0,0,0,0,0,0,0,1,6431939.91139481,764815.346511264,553401.993782727
"149",2032-01-01,305085.341070888,138293.098948633,94577.3832879359,20,7,4,21,4,6,0,0,0,0,1,1,0,0,0,0,0,0,0,0,0,0,0,6406792.16248866,553172.395794532,567464.299727616
"150",2032-02-01,310470.527646217,145104.057167039,99984.8035513109,19,5,5,20,4,5,0,0,0,0,2,0,1,0,0,0,0,0,0,0,0,0,0,6209410.55292435,580416.228668155,499924.017756555
"151",2032-03-01,313320.226079501,158757.759279152,102785.665123873,23,4,4,21,5,5,0,0,0,0,3,0,0,1,0,0,0,0,0,0,0,0,0,6579724.74766952,793788.796395759,513928.325619367
"152",2032-04-01,318973.589714986,160875.216897659,108899.216242345,22,4,4,22,4,4,0,0,0,0,4,0,0,0,1,0,0,0,0,0,0,0,0,7017418.97372969,643500.867590637,435596.864969378
"153",2032-05-01,321954.836485279,152846.3094236,113488.75625405,20,6,5,22,4,5,0,0,0,0,5,0,0,0,0,1,0,0,0,0,0,0,0,7083006.40267614,611385.237694402,567443.781270251
"154",2032-06-01,325485.673501434,159945.517995715,118976.089486329,22,4,4,20,5,5,0,0,0,0,6,0,0,0,0,0,1,0,0,0,0,0,0,6509713.47002869,799727.589978574,594880.447431647
"155",2032-07-01,321678.585653662,156095.914536488,112596.830232503,21,6,4,22,4,5,0,0,0,0,7,0,0,0,0,0,0,1,0,0,0,0,0,7076928.88438056,624383.658145953,562984.151162513
"156",2032-08-01,315857.525858353,154842.810859941,111109.88354456,22,4,5,22,4,5,0,0,0,0,8,0,0,0,0,0,0,0,1,0,0,0,0,6948865.56888377,619371.243439766,555549.4177228
"157",2032-09-01,326469.16274376,156010.065918568,115855.738083653,21,5,4,20,5,5,0,0,0,0,9,0,0,0,0,0,0,0,0,1,0,0,0,6529383.2548752,780050.32959284,579278.690418263
"158",2032-10-01,324636.780076142,159684.377588224,113133.047758371,21,5,5,22,4,5,0,0,0,0,10,0,0,0,0,0,0,0,0,0,1,0,0,7142009.16167512,638737.510352898,565665.238791854
"159",2032-11-01,318757.624451465,154145.116328843,109329.816094278,20,6,4,18,4,8,0,0,0,0,11,0,0,0,0,0,0,0,0,0,0,1,0,5737637.24012637,616580.465315372,874638.528754225
"160",2032-12-01,309182.567035148,154245.356595167,111432.827126479,21,6,4,21,5,5,0,0,0,0,12,0,0,0,0,0,0,0,0,0,0,0,1,6492833.90773811,771226.782975836,557164.135632394
"161",2033-01-01,307981.504815398,139559.815847689,95320.6751670574,20,6,5,21,4,6,0,0,0,0,1,1,0,0,0,0,0,0,0,0,0,0,0,6467611.60112336,558239.263390756,571924.051002345
"162",2033-02-01,313363.532362154,146354.758475778,100718.697704523,19,5,4,19,4,5,0,0,0,0,2,0,1,0,0,0,0,0,0,0,0,0,0,5953907.11488093,585419.033903111,503593.488522616
"163",2033-03-01,316210.638480749,159992.426730427,103510.150832268,23,4,4,21,5,5,0,0,0,0,3,0,0,1,0,0,0,0,0,0,0,0,0,6640423.40809573,799962.133652135,517550.754161341
"164",2033-04-01,321862.023766828,162094.406392637,109614.619701004,21,5,4,22,4,4,0,0,0,0,4,0,0,0,1,0,0,0,0,0,0,0,0,7080964.52287022,648377.625570549,438458.478804016
"165",2033-05-01,324841.736078254,154050.75315591,114195.507104024,21,5,5,22,4,5,0,0,0,0,5,0,0,0,0,1,0,0,0,0,0,0,0,7146518.1937216,616203.012623641,570977.535520122
"166",2033-06-01,328370.4416323,161134.533585946,119673.78731686,22,4,4,20,5,5,0,0,0,0,6,0,0,0,0,0,1,0,0,0,0,0,0,6567408.83264601,805672.667929732,598368.9365843
"167",2033-07-01,324559.367856486,157267.007446296,113284.011283142,20,6,5,22,4,5,0,0,0,0,7,0,0,0,0,0,0,1,0,0,0,0,0,7140306.09284269,629068.029785183,566420.056415712
"168",2033-08-01,318731.659698584,155992.265029784,111784.367283194,23,4,4,22,4,5,0,0,0,0,8,0,0,0,0,0,0,0,1,0,0,0,0,7012096.51336885,623969.060119137,558921.836415971
"169",2033-09-01,329334.98079225,157135.306782601,116516.013790809,21,5,4,20,5,5,0,0,0,0,9,0,0,0,0,0,0,0,0,1,0,0,0,6586699.61584499,785676.533913006,582580.068954046
"170",2033-10-01,327494.059857557,160784.56277003,113778.62113927,21,5,5,22,4,5,0,0,0,0,10,0,0,0,0,0,0,0,0,0,1,0,0,7204869.31686625,643138.251080119,568893.105696349
"171",2033-11-01,321607.287065177,155220.788275688,109961.005449441,20,6,4,18,4,8,0,0,0,0,11,0,0,0,0,0,0,0,0,0,0,1,0,5788931.16717318,620883.153102754,879688.043595527
"172",2033-12-01,312025.469669983,155297.0521292,112049.947455683,21,6,4,21,5,5,0,0,0,0,12,0,0,0,0,0,0,0,0,0,0,0,1,6552534.86306965,776485.260645998,560249.737278417
"173",2034-01-01,310818.139067633,140587.718800193,95923.8343399482,20,6,5,21,4,6,0,0,0,0,1,1,0,0,0,0,0,0,0,0,0,0,0,6527180.9204203,562350.875200774,575543.006039689
"174",2034-02-01,316194.016208838,147358.708965728,101307.801905135,19,5,4,19,4,5,0,0,0,0,2,0,1,0,0,0,0,0,0,0,0,0,0,6007686.30796793,589434.835862912,506539.009525675
"175",2034-03-01,319034.684627323,160971.958568643,104084.926507267,23,4,4,21,5,5,0,0,0,0,3,0,0,1,0,0,0,0,0,0,0,0,0,6699728.37717378,804859.792843215,520424.632536334
"176",2034-04-01,324678.931771893,163048.7565923,110174.619140323,20,5,5,22,4,4,0,0,0,0,4,0,0,0,1,0,0,0,0,0,0,0,0,7142936.49898165,652195.0263692,440698.476561293
"177",2034-05-01,327650.52911002,154979.201875461,114740.307914637,22,5,4,22,4,5,0,0,0,0,5,0,0,0,0,1,0,0,0,0,0,0,0,7208311.64042045,619916.807501846,573701.539573187
"178",2034-06-01,331170.414100177,162037.764596578,120203.790726204,22,4,4,20,5,5,0,0,0,0,6,0,0,0,0,0,1,0,0,0,0,0,0,6623408.28200354,810188.822982892,601018.953631021
"179",2034-07-01,327350.221713193,158147.447784898,113800.641442748,20,6,5,22,4,5,0,0,0,0,7,0,0,0,0,0,0,1,0,0,0,0,0,7201704.87769024,632589.791139594,569003.20721374
"180",2034-08-01,321513.446738922,156853.485894526,112289.719722535,23,4,4,22,4,5,0,0,0,0,8,0,0,0,0,0,0,0,1,0,0,0,0,7073295.82825629,627413.943578104,561448.598612676
"181",2034-09-01,332107.868364922,157979.624795619,117011.447871573,20,6,4,20,5,5,0,0,0,0,9,0,0,0,0,0,0,0,0,1,0,0,0,6642157.36729843,789898.123978093,585057.239357865
"182",2034-10-01,330258.273163938,161612.440815019,114264.408475179,22,4,5,22,4,5,0,0,0,0,10,0,0,0,0,0,0,0,0,0,1,0,0,7265682.00960663,646449.763260076,571322.042375895
"183",2034-11-01,324363.146566673,156031.255932232,110436.576611275,20,6,4,18,4,8,0,0,0,0,11,0,0,0,0,0,0,0,0,0,0,1,0,5838536.63820011,624125.023728928,883492.612890203
"184",2034-12-01,314773.543140606,156089.389555739,112514.880050417,20,6,5,21,5,5,0,0,0,0,12,0,0,0,0,0,0,0,0,0,0,0,1,6610244.40595272,780446.947778695,562574.400252084
"185",2035-01-01,313559.279304252,141361.877226347,96378.0997497979,21,6,4,21,4,6,0,0,0,0,1,1,0,0,0,0,0,0,0,0,0,0,0,6584744.86538929,565447.508905387,578268.598498787
"186",2035-02-01,318928.944098169,148115.063012978,101751.619952783,19,5,4,19,4,5,0,0,0,0,2,0,1,0,0,0,0,0,0,0,0,0,0,6059649.93786521,592460.252051913,508758.099763914
"187",2035-03-01,321762.321110994,161710.314315281,104518.183402148,22,5,4,21,5,5,0,0,0,0,3,0,0,1,0,0,0,0,0,0,0,0,0,6757008.74333087,808551.571576406,522590.917010741
"188",2035-04-01,327395.980307647,163768.10366215,110596.722007734,21,4,5,22,4,4,0,0,0,0,4,0,0,0,1,0,0,0,0,0,0,0,0,7202711.56676822,655072.4146486,442386.888030936
"189",2035-05-01,330353.329380411,155678.287606193,115150.521709724,22,5,4,22,4,5,0,0,0,0,5,0,0,0,0,1,0,0,0,0,0,0,0,7267773.24636904,622713.150424771,575752.608548621
"190",2035-06-01,333862.35472711,162717.390596978,120602.585821867,21,5,4,20,5,5,0,0,0,0,6,0,0,0,0,0,1,0,0,0,0,0,0,6677247.0945422,813586.952984888,603012.929109334
"191",2035-07-01,330043.59411807,158811.044335145,114190.030679743,21,5,5,22,4,5,0,0,0,0,7,0,0,0,0,0,0,1,0,0,0,0,0,7260959.07059753,635244.177340581,570950.153398713
"192",2035-08-01,324222.613377985,157507.554011143,112673.517807045,23,4,4,22,4,5,0,0,0,0,8,0,0,0,0,0,0,0,1,0,0,0,0,7132897.49431567,630030.21604457,563367.589035223
"193",2035-09-01,334821.93763944,158635.505303134,117396.309441884,19,6,5,20,5,5,0,0,0,0,9,0,0,0,0,0,0,0,0,1,0,0,0,6696438.75278881,793177.526515671,586981.547209421
"194",2035-10-01,332934.267504109,162286.756526901,114660.08756731,23,4,4,22,4,5,0,0,0,0,10,0,0,0,0,0,0,0,0,0,1,0,0,7324553.8850904,649147.026107604,573300.437836551
"195",2035-11-01,326939.761978194,156741.962641732,110853.609435265,20,6,4,18,4,8,0,0,0,0,11,0,0,0,0,0,0,0,0,0,0,1,0,5884915.7156075,626967.850566928,886828.875482118
"196",2035-12-01,317226.184664932,156839.979419372,112955.315755194,20,6,5,21,5,5,0,0,0,0,12,0,0,0,0,0,0,0,0,0,0,0,1,6661749.87796358,784199.897096859,564776.578775971
"197",2036-01-01,315913.819505042,142137.429580764,96833.1830973886,21,6,4,21,4,6,0,0,0,0,1,1,0,0,0,0,0,0,0,0,0,0,0,6634190.20960587,568549.718323057,580999.098584331
"198",2036-02-01,321248.307753261,148887.568987249,102204.915726824,20,5,4,20,4,5,0,0,0,0,2,0,1,0,0,0,0,0,0,0,0,0,0,6424966.15506521,595550.275948998,511024.57863412
"199",2036-03-01,324092.822162954,162459.974816083,104958.073769727,21,5,5,21,5,5,0,0,0,0,3,0,0,1,0,0,0,0,0,0,0,0,0,6805949.26542203,812299.874080417,524790.368848636
"200",2036-04-01,329753.905798512,164488.653638103,111019.530723735,22,4,4,22,4,4,0,0,0,0,4,0,0,0,1,0,0,0,0,0,0,0,0,7254585.92756727,657954.614552411,444078.12289494
"201",2036-05-01,332729.517536677,156374.538855679,115559.072270593,21,6,4,22,4,5,0,0,0,0,5,0,0,0,0,1,0,0,0,0,0,0,0,7320049.3858069,625498.155422715,577795.361352964
"202",2036-06-01,336240.50623955,163395.401955589,121000.433468159,21,4,5,20,5,5,0,0,0,0,6,0,0,0,0,0,1,0,0,0,0,0,0,6724810.124791,816977.009777943,605002.167340793
"203",2036-07-01,332404.84977238,159475.664135558,114580.020345719,22,5,4,22,4,5,0,0,0,0,7,0,0,0,0,0,0,1,0,0,0,0,0,7312906.69499237,637902.65654223,572900.101728595
"204",2036-08-01,326552.691439063,158163.67726874,113058.521819732,21,5,5,22,4,5,0,0,0,0,8,0,0,0,0,0,0,0,1,0,0,0,0,7184159.21165939,632654.70907496,565292.609098657
"205",2036-09-01,337139.683994271,159293.101936586,117782.178011054,21,5,4,20,5,5,0,0,0,0,9,0,0,0,0,0,0,0,0,1,0,0,0,6742793.67988542,796465.50968293,588910.890055271
"206",2036-10-01,335298.793348936,162962.128311821,115056.386348429,23,4,4,22,4,5,0,0,0,0,10,0,0,0,0,0,0,0,0,0,1,0,0,7376573.45367659,651848.513247285,575281.931742147
"207",2036-11-01,329432.635342038,157453.562701688,111271.166464891,18,7,5,18,4,8,0,0,0,0,11,0,0,0,0,0,0,0,0,0,0,1,0,5929787.43615669,629814.250806752,890169.331719131
"208",2036-12-01,319880.197866691,157591.68920407,113396.408614095,22,5,4,21,5,5,0,0,0,0,12,0,0,0,0,0,0,0,0,0,0,0,1,6717484.15520051,787958.446020348,566982.043070473
"209",2037-01-01,318695.18158569,142914.378357057,97289.0858459362,20,7,4,21,4,6,0,0,0,0,1,1,0,0,0,0,0,0,0,0,0,0,0,6692598.81329949,571657.513428227,583734.515075617
"210",2037-02-01,324074.812032668,149661.535057449,102659.068264872,19,5,4,20,4,5,0,0,0,0,2,0,1,0,0,0,0,0,0,0,0,0,0,6481496.24065336,598646.140229797,513295.341324362
"211",2037-03-01,326906.517981622,163210.990971128,105398.759616383,22,4,5,21,5,5,0,0,0,0,3,0,0,1,0,0,0,0,0,0,0,0,0,6865036.87761407,816054.954855641,526993.798081915
"212",2037-04-01,332539.266831626,165210.40849185,111443.046445288,22,4,4,22,4,4,0,0,0,0,4,0,0,0,1,0,0,0,0,0,0,0,0,7315863.87029576,660841.633967399,445772.185781151
"213",2037-05-01,335504.473115254,157071.894774612,115968.271036147,20,6,5,22,4,5,0,0,0,0,5,0,0,0,0,1,0,0,0,0,0,0,0,7381098.40853559,628287.579098447,579841.355180735
"214",2037-06-01,339020.568452408,164074.466603673,121398.899170081,22,4,4,20,5,5,0,0,0,0,6,0,0,0,0,0,1,0,0,0,0,0,0,6780411.36904815,820372.333018363,606994.495850405
"215",2037-07-01,335194.14463584,160141.308635908,114970.611291385,22,5,4,22,4,5,0,0,0,0,7,0,0,0,0,0,0,1,0,0,0,0,0,7374271.18198848,640565.234543634,574853.056456923
"216",2037-08-01,329346.376593491,158820.8020299,113444.113500796,21,5,5,22,4,5,0,0,0,0,8,0,0,0,0,0,0,0,1,0,0,0,0,7245620.28505681,635283.208119598,567220.567503979
"217",2037-09-01,339933.61767288,159951.701639355,118168.635167365,21,5,4,20,5,5,0,0,0,0,9,0,0,0,0,0,0,0,0,1,0,0,0,6798672.3534576,799758.508196776,590843.175836826
"218",2037-10-01,338091.951165645,163638.557793526,115453.305771328,22,5,4,22,4,5,0,0,0,0,10,0,0,0,0,0,0,0,0,0,1,0,0,7438022.92564419,654554.231174104,577266.528856641
"219",2037-11-01,332226.438322068,158166.340673651,111689.41467692,19,6,5,18,4,8,0,0,0,0,11,0,0,0,0,0,0,0,0,0,0,1,0,5980075.88979723,632665.362694603,893515.317415359
"220",2037-12-01,322675.823205934,158344.712715559,113838.272349626,22,5,4,21,5,5,0,0,0,0,12,0,0,0,0,0,0,0,0,0,0,0,1,6776192.28732461,791723.563577797,569191.361748131
"221",2038-01-01,321492.889772623,143692.726106825,97745.8094926852,20,7,4,21,4,6,0,0,0,0,1,1,0,0,0,0,0,0,0,0,0,0,0,6751350.68522508,574770.904427301,586474.856956111
"222",2038-02-01,326874.146303776,150436.88803901,103114.03462324,19,5,4,20,4,5,0,0,0,0,2,0,1,0,0,0,0,0,0,0,0,0,0,6537482.92607551,601747.552156038,515570.173116201
"223",2038-03-01,329707.100325719,163963.313894052,105840.212256277,22,4,5,21,5,5,0,0,0,0,3,0,0,1,0,0,0,0,0,0,0,0,0,6923849.10684009,819816.56947026,529201.061281384
"224",2038-04-01,335340.997445277,165933.370311065,111867.27039741,22,4,4,22,4,4,0,0,0,0,4,0,0,0,1,0,0,0,0,0,0,0,0,7377501.94379609,663733.481244261,447469.08158964
"225",2038-05-01,338307.468309594,157770.377341559,116378.130903104,20,6,5,22,4,5,0,0,0,0,5,0,0,0,0,1,0,0,0,0,0,0,0,7442764.30281106,631081.509366237,581890.654515522
"226",2038-06-01,341824.913491978,164754.599908829,121797.991945128,22,4,4,20,5,5,0,0,0,0,6,0,0,0,0,0,1,0,0,0,0,0,0,6836498.26983957,823772.999544146,608989.959725639
"227",2038-07-01,337999.832251196,160807.979459945,115361.804469531,22,5,4,22,4,5,0,0,0,0,7,0,0,0,0,0,0,1,0,0,0,0,0,7435996.30952631,643231.917839779,576809.022347654
"228",2038-08-01,332153.337270556,159478.924989138,113830.290910625,21,5,5,22,4,5,0,0,0,0,8,0,0,0,0,0,0,0,1,0,0,0,0,7307373.41995223,637915.69995655,569151.454553127
"229",2038-09-01,342741.842930634,160611.30301966,118555.680094138,21,5,4,20,5,5,0,0,0,0,9,0,0,0,0,0,0,0,0,1,0,0,0,6854836.85861268,803056.515098298,592778.400470692
"230",2038-10-01,340901.524451268,164316.046711744,115850.846856855,22,5,4,22,4,5,0,0,0,0,10,0,0,0,0,0,0,0,0,0,1,0,0,7499833.53792789,657264.186846975,579254.234284276
"231",2038-11-01,335037.501995543,158880.298355339,112108.355126227,19,6,5,18,4,8,0,0,0,0,11,0,0,0,0,0,0,0,0,0,0,1,0,6030675.03591977,635521.193421357,896866.841009816
"232",2038-12-01,325488.447387123,159099.050533751,114280.907302072,22,5,4,21,5,5,0,0,0,0,12,0,0,0,0,0,0,0,0,0,0,0,1,6835257.39512958,795495.252668753,571404.536510359
"233",2039-01-01,324307.039931659,144472.47532368,98203.3555008514,20,7,4,21,4,6,0,0,0,0,1,1,0,0,0,0,0,0,0,0,0,0,0,6810447.83856483,577889.901294722,589220.133005109
"234",2039-02-01,329689.709764247,151213.636630571,103569.819906169,19,5,4,20,4,5,0,0,0,0,2,0,1,0,0,0,0,0,0,0,0,0,0,6593794.19528494,604854.546522285,517849.099530844
"235",2039-03-01,332523.993791892,164716.955415007,106282.438631177,22,4,5,21,5,5,0,0,0,0,3,0,0,1,0,0,0,0,0,0,0,0,0,6983003.86962972,823584.777075034,531412.193155885
"236",2039-04-01,338159.193808176,166657.54100945,112292.203703035,22,4,4,22,4,4,0,0,0,0,4,0,0,0,1,0,0,0,0,0,0,0,0,7439502.26377987,666630.1640378,449168.814812141
"237",2039-05-01,341126.98453126,158469.963418135,116788.638294182,20,6,5,22,4,5,0,0,0,0,5,0,0,0,0,1,0,0,0,0,0,0,0,7504793.65968772,633879.853672541,583943.19147091
"238",2039-06-01,344645.761991048,165435.766554575,122197.691070077,22,4,4,20,5,5,0,0,0,0,6,0,0,0,0,0,1,0,0,0,0,0,0,6892915.23982096,827178.832772875,610988.455350386
"239",2039-07-01,340822.008787159,161475.678173422,115753.600798921,22,5,4,22,4,5,0,0,0,0,7,0,0,0,0,0,0,1,0,0,0,0,0,7498084.1933175,645902.712693686,578768.003994607
"240",2039-08-01,334976.825487159,160138.141135617,114217.109787542,21,5,5,22,4,5,0,0,0,0,8,0,0,0,0,0,0,0,1,0,0,0,0,7369490.1607175,640552.564542467,571085.548937708
"241",2039-09-01,345566.631015028,161272.045777677,118943.394765498,21,5,4,20,5,5,0,0,0,0,9,0,0,0,0,0,0,0,0,1,0,0,0,6911332.62030055,806360.228888386,594716.973827488
"242",2039-10-01,343727.609525963,164994.596690221,116249.010557802,22,5,4,22,4,5,0,0,0,0,10,0,0,0,0,0,0,0,0,0,1,0,0,7562007.40957119,659978.386760883,581245.05278901
"243",2039-11-01,337864.91374411,159595.088439004,112527.78401745,19,6,5,18,4,8,0,0,0,0,11,0,0,0,0,0,0,0,0,0,0,1,0,6081568.44739399,638380.353756016,900222.2721396
"244",2039-12-01,328317.343314223,159854.18943881,114724.012321163,22,5,4,21,5,5,0,0,0,0,12,0,0,0,0,0,0,0,0,0,0,0,1,6894664.20959869,799270.947194048,573620.061605814
"245",2040-01-01,327137.728988742,145253.628501233,98661.7253336509,20,7,4,21,4,6,0,0,0,0,1,1,0,0,0,0,0,0,0,0,0,0,0,6869892.30876358,581014.514004931,591970.352001905
"246",2040-02-01,332522.478942978,151993.086556177,104027.190294387,19,5,4,20,4,5,0,0,0,0,2,0,1,0,0,0,0,0,0,0,0,0,0,6650449.57885956,607972.346224707,520135.951471937
"247",2040-03-01,335358.415557985,165473.842225038,106726.569296624,22,4,5,21,5,5,0,0,0,0,3,0,0,1,0,0,0,0,0,0,0,0,0,7042526.72671769,827369.21112519,533632.846483118
"248",2040-04-01,340993.952694822,167382.922732669,112717.84762121,22,4,4,22,4,4,0,0,0,0,4,0,0,0,1,0,0,0,0,0,0,0,0,7501866.95928609,669531.690930678,450871.390484839
"249",2040-05-01,343960.609081456,159165.791217765,117196.940380558,20,6,5,22,4,5,0,0,0,0,5,0,0,0,0,1,0,0,0,0,0,0,0,7567133.39979202,636663.164871061,585984.701902788
"250",2040-06-01,347479.552981265,166110.786508452,122593.783401628,22,4,4,20,5,5,0,0,0,0,6,0,0,0,0,0,1,0,0,0,0,0,0,6949591.0596253,830553.932542261,612968.91700814
"251",2040-07-01,343660.771321121,162144.406400085,116146.001232348,22,5,4,22,4,5,0,0,0,0,7,0,0,0,0,0,0,1,0,0,0,0,0,7560536.96906466,648577.625600341,580730.00616174
"252",2040-08-01,337826.096610921,160816.603199826,114615.221901618,21,5,5,22,4,5,0,0,0,0,8,0,0,0,0,0,0,0,1,0,0,0,0,7432174.12544027,643266.412799304,573076.109508088
"253",2040-09-01,348421.58942006,161960.734022527,119347.507460311,21,5,4,20,5,5,0,0,0,0,9,0,0,0,0,0,0,0,0,1,0,0,0,6968431.7884012,809803.670112634,596737.537301555
"254",2040-10-01,346570.303467123,165674.209294712,116647.797792932,22,5,4,22,4,5,0,0,0,0,10,0,0,0,0,0,0,0,0,0,1,0,0,7624546.6762767,662696.83717885,583238.98896466
"255",2040-11-01,340450.297167485,160037.767627199,112787.542015379,19,6,5,18,4,8,0,0,0,0,11,0,0,0,0,0,0,0,0,0,0,1,0,6128105.34901474,640151.070508798,902300.336123033
"256",2040-12-01,330634.297905241,160039.250305752,114832.603467017,22,5,4,21,5,5,0,0,0,0,12,0,0,0,0,0,0,0,0,0,0,0,1,6943320.25601006,800196.251528762,574163.017335086
