"","man_hud","cpi","pop_hudson","man_hud_covid","cpi_2020_06","regional_emp","month"
"Jan 2000",2472.402238,180.4704,607.7674246,2472.396809,170.1,8143.134,2000-01-01
"Feb 2000",2486.59207852505,180.710161809223,608.315282071436,2486.59506478606,170.471852963371,8178.75466845611,2000-02-01
"Mar 2000",2495.37143409296,181.069363043792,608.819735545511,2495.37765019348,170.923198642384,8198.38855734503,2000-03-01
"Apr 2000",2500.02051,181.5209,609.2939982,2500.025987,171.433,8205.95,2000-04-01
"May 2000",2501.99940907141,182.039210153351,609.752466982174,2502.00150144297,171.976413785327,8205.6967377583,2000-05-01
"Jun 2000",2503.48782424812,182.604895696174,610.214273917267,2503.48563759794,172.513371892051,8203.26014397273,2000-06-01
"Jul 2000",2506.845346,183.2001,610.6997348,2506.839844,173,8204.615,2000-07-01
"Aug 2000",2513.53207715226,183.799260540332,611.223246577644,2513.52554688647,173.411454858282,8214.01904717732,2000-08-01
"Sep 2000",2521.4101699516,184.34599120855,611.775530807648,2521.40408330365,173.799017493117,8228.86186676407,2000-09-01
"Oct 2000",2527.442289,184.7762,612.3413902,2527.436768,174.233,8244.816,2000-10-01
"Nov 2000",2529.22125913434,185.058925463096,612.906763188728,2529.21548704815,174.760877892654,8257.94788834717,2000-11-01
"Dec 2000",2526.86054613069,185.295728358515,613.462131103997,2526.8544118171,175.338780357705,8265.89957415624,2000-12-01
"Jan 2001",2521.103776,185.6213,613.999111,2521.098285,175.9,8266.707,2001-01-01
"Feb 2001",2512.95655738447,186.122952422098,614.517164245218,2512.9533267728,176.389552089617,8259.74684387842,2001-02-01
"Mar 2001",2504.47242945154,186.698480542576,615.047129465257,2504.47166724274,176.799342557546,8249.75872549988,2001-03-01
"Apr 2001",2497.966914,187.1983,615.6276896,2497.966914,177.133,8242.823,2001-04-01
"May 2001",2494.40284414262,187.507827811473,616.265296526693,2494.40078808293,177.391173008134,8242.10232873179,2001-05-01
"Jun 2001",2489.33229824829,187.652486508221,616.837477872015,2489.327464323,177.562590152853,8239.08859791827,2001-06-01
"Jul 2001",2476.954666,187.6927,617.1895302,2476.949231,177.633,8222.356,2001-07-01
"Aug 2001",2453.81843052659,187.698702998676,617.220486199861,2453.81637648813,177.603126248217,8185.09717452782,2001-08-01
"Sep 2001",2425.86844874042,187.779973424543,617.044323061502,2425.87118953928,177.53359312734,8138.97854949363,2001-09-01
"Oct 2001",2401.398671,188.0558,616.8287541,2401.403959,177.5,8100.285,2001-10-01
"Nov 2001",2386.6694168993,188.597767601229,616.704373318307,2386.67252563131,177.566692369367,8081.04719537931,2001-11-01
"Dec 2001",2379.80648297511,189.286645719535,616.653297470868,2379.8049378531,177.753000300752,8076.27898188483,2001-12-01
"Jan 2002",2376.902035,189.9555,616.620524,2376.896796,178.067,8076.74,2002-01-01
"Feb 2002",2374.65412906148,190.477930300109,616.56190424543,2374.64870980149,178.502363533574,8074.87245136241,2002-02-01
"Mar 2002",2372.18438250723,190.889673326948,616.476705136509,2372.18132656678,178.995146410396,8069.84878222628,2002-03-01
"Apr 2002",2369.220303,191.267,616.3750475,2369.220303,179.467,8062.524,2002-04-01
"May 2002",2365.59904789185,191.668522309443,616.267616774049,2365.60132905163,179.856594237077,8053.93699917106,2002-05-01
"Jun 2002",2361.59637329224,192.082216528229,616.167356842354,2361.60022765754,180.170673316928,8045.86222254337,2002-06-01
"Jul 2002",2357.597685,192.4784,616.0877762,2357.602855,180.433,8040.258,2002-07-01
"Aug 2002",2353.92755081557,192.85124342508,616.037554573188,2353.93397291793,180.680407666263,8038.48351491633,2002-08-01
"Sep 2002",2350.667186546,193.290330930508,616.006056612592,2350.6739658771,181.002012173748,8039.50136463724,2002-09-01
"Oct 2002",2347.83697,193.9091,615.9778182,2347.842124,181.5,8041.675,2002-10-01
"Nov 2002",2345.30245984589,194.755522508754,615.937533344309,2345.30356238777,182.213330653425,8043.39997820067,2002-11-01
"Dec 2002",2342.30993819042,195.61570789789,615.870528562835,2342.30669605626,182.928055765861,8043.20028187061,2002-12-01
"Jan 2003",2337.950868,196.2103,615.7622885,2337.945765,183.367,8039.632,2003-01-01
"Feb 2003",2331.80157428237,196.363162836196,615.609431434761,2331.79887386433,183.357047497814,8032.0796833921,2003-02-01
"Mar 2003",2325.37783021081,196.311041181638,615.453110184217,2325.37958589784,183.141320318367,8023.24173010251,2003-03-01
"Apr 2003",2320.680271,196.3939,615.3456112,2320.685329,183.067,8016.645,2003-04-01
"May 2003",2319.17796991353,196.86058540572,615.323036994424,2319.18285915494,183.380108984949,8014.91895489763,2003-05-01
"Jun 2003",2320.21375241077,197.5954681163,615.35675432252,2320.21624468569,183.922033331043,8017.10346438598,2003-06-01
"Jul 2003",2322.598882,198.3918,615.401946,2322.598882,184.433,8021.341,2003-07-01
"Aug 2003",2325.13418643387,199.082710355734,615.422401057913,2325.13323988629,184.72547952535,8025.8612007211,2003-08-01
"Sep 2003",2326.57875044241,199.660838205016,615.416333388664,2326.5780766557,184.900916727835,8029.24237531654,2003-09-01
"Oct 2003",2325.681223,200.1587,615.3905631,2325.681223,185.133,8030.15,2003-10-01
"Nov 2003",2321.90917701766,200.620395393561,615.352480662814,2321.90957263322,185.550750691426,8028.03594592166,2003-11-01
"Dec 2003",2317.60588115293,201.136356841418,615.3117580006,2317.60627135819,186.10452197984,8025.4976639775,2003-12-01
"Jan 2004",2315.833528,201.8086,615.2786374,2315.833528,186.7,8025.919,2004-01-01
"Feb 2004",2318.63381331032,202.683841403354,615.259706650091,2318.63317739566,187.25670289413,8031.60938596263,2004-02-01
"Mar 2004",2323.9664454644,203.587601095983,615.246935549678,2323.96555843006,187.749476834291,8040.58059840308,2004-03-01
"Apr 2004",2328.770636,204.2901,615.2286394,2328.770636,188.167,8049.77,2004-04-01
"May 2004",2330.74016122254,204.645483437465,615.197352481267,2330.74249478413,188.516919213534,8056.77599170927,2004-05-01
"Jun 2004",2330.587056508,204.843594330208,615.162484989577,2330.59169858826,188.882755868186,8061.84112759539,2004-06-01
"Jul 2004",2329.777922,205.1582,615.1376661,2329.782931,189.367,8065.869,2004-07-01
"Aug 2004",2329.55733842914,205.796976698635,615.132248095211,2329.55958613448,190.029360992473,8069.47509164471,2004-08-01
"Sep 2004",2330.28180887397,206.703236398,615.138475688309,2330.27990021691,190.758425618895,8072.12244677093,2004-09-01
"Oct 2004",2332.085817,207.7542,615.1443167,2332.08082,191.4,8072.986,2004-10-01
"Nov 2004",2335.0142204683,208.820380138362,615.140826134185,2335.00904486312,191.840970149905,8071.88901208226,2004-11-01
"Dec 2004",2338.75337292207,209.745456374091,615.131407727556,2338.75028469225,192.132541656237,8071.24804828388,2004-12-01
"Jan 2005",2342.900002,210.3664,615.1225524,2342.900002,192.367,8074.128,2005-01-01
"Feb 2005",2347.12764010504,210.598636081245,615.120451293973,2347.13055204266,192.637239889387,8082.66419335957,2005-02-01
"Mar 2005",2351.41703869703,210.671404772307,615.130096442207,2351.42186105114,193.038592941344,8095.2736934269,2005-03-01
"Apr 2005",2355.825754,210.8924,615.1561801,2355.830748,193.667,8109.444,2005-04-01
"May 2005",2360.35561392634,211.491582944064,615.197085101032,2360.35875896624,194.571218440693,8122.81002929421,2005-05-01
"Jun 2005",2364.7855331417,212.387983795943,615.225956592505,2364.78634843654,195.611271763577,8133.59636319375,2005-06-01
"Jul 2005",2368.838698,213.4229,615.2096303,2368.838698,196.6,8140.175,2005-07-01
"Aug 2005",2372.3660484118,214.449417327681,615.127037813008,2372.36794327756,197.388997458947,8141.90635613022,2005-08-01
"Sep 2005",2375.72953851399,215.36777485874,615.005494176661,2375.73403601752,197.984875559909,8142.10452046481,2005-09-01
"Oct 2005",2379.418876,216.09,614.8844103,2379.423882,198.433,8145.072,2005-10-01
"Nov 2005",2383.77735179681,216.580355152614,614.793698832121,2383.77904607166,198.783273204997,8153.81613877749,2005-11-01
"Dec 2005",2388.56258976535,217.012042695026,614.725279382333,2388.55972934525,199.103744515309,8166.16362902109,2005-12-01
"Jan 2006",2393.385797,217.6105,614.6615733,2393.380792,199.467,8178.646,2006-01-01
"Feb 2006",2397.92776677131,218.529799098896,614.587889765916,2397.92540102837,199.935539350692,8188.54597764865,2006-02-01
"Mar 2006",2402.14763705428,219.638550657455,614.501089286599,2402.14995067558,200.531516749228,8196.15107456197,2006-03-01
"Apr 2006",2406.074132,220.734,614.4009202,2406.079142,201.267,8202.5,2006-04-01
"May 2006",2409.69887352534,221.634466970314,614.290888437549,2409.70183370372,202.107236058899,8208.5808765538,2006-05-01
"Jun 2006",2412.86507461014,222.242569489973,614.189530304603,2412.86351506356,202.830188487784,8215.17948013846,2006-06-01
"Jul 2006",2415.378846,222.482,614.1191397,2415.373833,203.167,8223.031,2006-07-01
"Aug 2006",2417.30844238659,222.343884871697,614.09494857648,2417.30360111968,202.965886784078,8232.77884946943,2006-08-01
"Sep 2006",2419.7706942459,222.089086197469,614.103941102396,2419.76829977388,202.543358929268,8244.69933821756,2006-09-01
"Oct 2006",2424.144576,222.0459,614.1260395,2424.144576,202.333,8258.977,2006-10-01
"Nov 2006",2431.22558996533,222.45481576512,614.145262771344,2431.22621229901,202.657513101083,8275.37354038322,2006-11-01
"Dec 2006",2439.47535003589,223.205096831261,614.162017037666,2439.47553302611,203.396079498849,8291.95935217657,2006-12-01
"Jan 2007",2446.771998,224.0982,614.1808052,2446.771998,204.317,8306.382,2007-01-01
"Feb 2007",2451.56552667799,224.958722438192,614.201457538143,2451.56658046203,205.217245996771,8316.83995196058,2007-02-01
"Mar 2007",2454.59333301798,225.703822773787,614.205113846941,2454.59630734394,206.00847122349,8323.73529011328,2007-03-01
"Apr 2007",2457.164665,226.2738,614.1682413,2457.169719,206.631,8328.021,2007-04-01
"May 2007",2460.32256498934,226.649016704329,614.090309535342,2460.32914655654,207.064021430346,8330.78483695959,2007-05-01
"Jun 2007",2464.0452528922,226.970089851373,614.062798048645,2464.0520842278,207.442183755345,8333.65363551848,2007-06-01
"Jul 2007",2468.044743,227.4177,614.2001888,2468.049817,207.939,8338.389,2007-07-01
"Aug 2007",2472.09141599426,228.120725559302,614.578084257525,2472.0925313118,208.676631244803,8346.33718168252,2007-08-01
"Sep 2007",2476.18911811693,229.000836339243,615.116568921443,2476.18601941156,209.571830792172,8357.18301966466,2007-09-01
"Oct 2007",2480.400062,229.9279,615.6968478,2480.394975,210.49,8370.196,2007-10-01
"Nov 2007",2484.67650536693,230.797455132533,616.22557740863,2484.67332201104,211.323712849697,8384.14902890287,2007-11-01
"Dec 2007",2488.53088630678,231.607724050917,616.71122029151,2488.53190531117,212.074233816713,8395.82869323032,2007-12-01
"Jan 2008",2491.365688,232.3826,617.1876905,2491.3708,212.77,8401.525,2008-01-01
"Feb 2008",2492.77219298246,233.171065021673,617.679243556101,2492.77934242179,213.466295134182,8398.8734434467,2008-02-01
"Mar 2008",2493.09688121154,234.122456345982,618.17150086437,2493.10391389933,214.325789496538,8390.89146667335,2008-03-01
"Apr 2008",2492.875032,235.4112,618.6404253,2492.880157,215.538,8381.942,2008-04-01
"May 2008",2492.38018188841,237.07039589188,619.077488955852,2492.38206689437,217.132254761717,8374.91282693996,2008-05-01
"Jun 2008",2490.83889632855,238.567839454051,619.536200795455,2490.8370491656,218.497126715661,8366.79114377993,2008-06-01
"Jul 2008",2487.215998,239.23,620.085579,2487.210862,218.861,8353.089,2008-07-01
"Aug 2008",2480.74211938983,238.626684744134,620.771851927895,2480.73499429703,217.734426559687,8330.71695249721,2008-08-01
"Sep 2008",2471.71113221499,237.301052504484,621.550088646404,2471.70385780864,215.756629566748,8302.17958783649,2008-09-01
"Oct 2008",2460.682718,236.0396,622.3525684,2460.677595,213.849,8271.38,2008-10-01
"Nov 2008",2448.18513247823,235.44116883529,623.125693688121,2448.18438132496,212.733557518061,8241.26347418243,2008-11-01
"Dec 2008",2434.62092821883,235.353980157639,623.872360030044,2434.62452419238,212.334836498823,8210.94406042952,2008-12-01
"Jan 2009",2420.361232,235.4386,624.6095862,2420.366364,212.378,8178.578,2009-01-01
"Feb 2009",2405.93827006769,235.436999173966,625.351859860358,2405.94044795876,212.628824849555,8143.55311373618,2009-02-01
"Mar 2009",2392.52866653925,235.416767605698,626.103544226017,2392.52615053288,213.015542956475,8110.18354081563,2009-03-01
"Apr 2009",2381.470145,235.5269,626.8664714,2381.465053,213.507,8084.015,2009-04-01
"May 2009",2373.69403573257,235.878782616994,627.637230407479,2373.69110721044,214.073735676311,8068.81307087301,2009-05-01
"Jun 2009",2368.50609580931,236.433367938087,628.39143796219,2368.50774730567,214.693065749352,8061.22277630783,2009-06-01
"Jul 2009",2364.805689,237.114,629.0994677,2364.810778,215.344,8056.109,2009-07-01
"Aug 2009",2361.78084811317,237.846637024722,629.741756050461,2361.785674681,215.996417630382,8049.46867684592,2009-08-01
"Sep 2009",2359.77428211238,238.56769397529,630.338990617821,2359.77659542958,216.583675527601,8041.8269465456,2009-09-01
"Oct 2009",2359.417369,239.2162,630.9219218,2359.417369,217.03,8034.841,2009-10-01
"Nov 2009",2361.15584155551,239.738735950781,631.51544304623,2361.15548384336,217.282149357715,8030.39540692852,2009-11-01
"Dec 2009",2364.69285166709,240.112089494088,632.121020010974,2364.69306719822,217.377009918026,8031.28425232456,2009-12-01
"Jan 2010",2369.545906,240.3206,632.7342614,2369.545906,217.374,8040.529,2010-01-01
"Feb 2010",2375.04179366476,240.362567320298,633.347654364617,2375.0397156863,217.329762716536,8058.84236210666,2010-02-01
"Mar 2010",2379.74443355263,240.292133233545,633.941199838286,2379.73992570347,217.289840355853,8077.70204415619,2010-03-01
"Apr 2010",2382.027027,240.1774,634.4917772,2382.021894,217.297,8086.277,2010-04-01
"May 2010",2381.00339619283,240.091746619878,634.993496524929,2381.00084881882,217.390503479845,8077.78595945959,2010-05-01
"Jun 2010",2378.74984671502,240.129659053215,635.509390672924,2378.75149958049,217.595591621527,8061.64675623592,2010-06-01
"Jul 2010",2378.083305,240.3909,636.1197232,2378.088426,217.934,8051.327,2010-07-01
"Aug 2010",2381.1395105269,240.939875829818,636.878966291219,2381.14566892732,218.417556697417,8056.58813338832,2010-08-01
"Sep 2010",2387.32945495768,241.699567590634,637.738426647801,2387.33511375236,219.018459824709,8072.36693090009,2010-09-01
"Oct 2010",2395.382943,242.5576,638.6236196,2395.388107,219.699,8089.894,2010-10-01
"Nov 2010",2404.1204303292,243.417516727513,639.475394184265,2404.12613065708,220.42897343419,8102.5107292093,2010-11-01
"Dec 2010",2412.72497649132,244.24653725092,640.295934261802,2412.73120855825,221.20819870927,8112.00163127489,2010-12-01
"Jan 2011",2420.470292,245.0278,641.1027574,2420.4755,222.044,8122.262,2011-01-01
"Feb 2011",2426.85554182294,245.751349852719,641.912504560605,2426.85726577764,222.929031047301,8136.06783866329,2011-02-01
"Mar 2011",2432.28170874375,246.434857479765,642.738310282772,2432.27917268136,223.797263856732,8151.71798844485,2011-03-01
"Apr 2011",2437.37523,247.1029,643.5924325,2437.369989,224.568,8166.392,2011-04-01
"May 2011",2442.58316115679,247.76634682457,644.473853928865,2442.57838708416,225.180717191415,8177.91932354487,2011-05-01
"Jun 2011",2447.63503108926,248.381236533728,645.328456418224,2447.63265553117,225.655597715658,8186.72900753837,2011-06-01
"Jul 2011",2452.080987,248.8899,646.0888466,2452.080987,226.033,8193.9,2011-07-01
"Aug 2011",2455.72407454987,249.257925811962,646.710995590599,2455.72493766345,226.355618705555,8200.86008937938,2011-08-01
"Sep 2011",2459.37893323258,249.543933422364,647.244332444336,2459.37951774953,226.675493428788,8210.43242584617,2011-09-01
"Oct 2011",2464.113101,249.8298,647.7616507,2464.113101,227.047,8225.789,2011-10-01
"Nov 2011",2470.59468212517,250.178079557211,648.319204849479,2470.59445085458,227.498993171549,8248.31791153015,2011-11-01
"Dec 2011",2477.89404616564,250.574033480521,648.90709319703,2477.89388954479,227.958243384008,8272.27169648441,2011-12-01
"Jan 2012",2484.682129,250.9836,649.498875,2484.682129,228.326,8290.119,2012-01-01
"Feb 2012",2489.98055583829,251.373348551787,650.075087381855,2489.98061780706,228.537408608246,8296.75059783328,2012-02-01
"Mar 2012",2494.21370921602,251.712373396294,650.644178930512,2494.21375118245,228.663199701848,8296.74578821628,2012-03-01
"Apr 2012",2498.156661,251.9704,651.2215761,2498.156661,228.808,8297.106,2012-04-01
"May 2012",2502.33697989199,252.143926235641,651.814049630507,2502.33696328751,229.055631654724,8302.92795639598,2012-05-01
"Jun 2012",2506.29222193328,252.336539600972,652.393747406851,2506.29221068841,229.406698549343,8311.68955805792,2012-06-01
"Jul 2012",2509.31244,252.6786,652.9241616,2509.31244,229.841,8318.964,2012-07-01
"Aug 2012",2510.97519411223,253.259068727869,653.380155385003,2510.97519856139,230.335657365448,8321.86124324945,2012-08-01
"Sep 2012",2512.00807286569,254.001312644265,653.782075953199,2512.00807587874,230.857080174857,8323.63831288541,2012-09-01
"Oct 2012",2513.426172,254.7873,654.1616415,2513.426172,231.369,8329.089,2012-10-01
"Nov 2012",2516.07287621463,255.500232186211,654.544389103554,2516.07287502248,231.828257402,8341.70203356916,2012-11-01
"Dec 2012",2520.10472604841,256.028243155305,654.931131372948,2520.10472524107,232.164128899378,8359.74589410418,2012-12-01
"Jan 2013",2525.506551,256.2607,655.3164998,2525.506551,232.299,8380.184,2013-01-01
"Feb 2013",2532.09192402924,256.153787712468,655.698046934112,2532.09192434867,232.204275989512,8400.22988173308,2013-02-01
"Mar 2013",2538.98939194068,255.930962882666,656.08500955501,2538.98939215701,232.047441264669,8418.09751810535,2013-03-01
"Apr 2013",2545.156245,255.8825,656.4895455,2545.156245,232.045,8432.251,2013-04-01
"May 2013",2549.91371040913,256.207739186137,656.915654245182,2549.91371032354,232.345712714024,8442.09077283177,2013-05-01
"Jun 2013",2554.03876311483,256.742283091808,657.334701821828,2554.03876305686,232.827365301207,8450.76270014115,2013-06-01
"Jul 2013",2558.672315,257.2308,657.7098959,2558.672315,233.3,8462.349,2013-07-01
"Aug 2013",2564.61378896383,257.496525913351,658.016469211085,2564.61378898677,233.625465746983,8479.36043434719,2013-08-01
"Sep 2013",2571.29665197042,257.676967713067,658.277754731754,2571.29665198595,233.872838271245,8498.02194058938,2013-09-01
"Oct 2013",2577.812882,257.9882,658.5291105,2577.812882,234.163,8512.987,2013-10-01
"Nov 2013",2583.5162291429,258.571949753051,658.7982151327,2583.51622913676,234.584313186931,8520.83567496457,2013-11-01
"Dec 2013",2588.80753192947,259.272553463332,659.082029562268,2588.80753192531,235.095059391592,8525.85435231623,2013-12-01
"Jan 2014",2594.349401,259.86,659.3698353,2594.349401,235.621,8534.256,2014-01-01
"Feb 2014",2600.68387616822,260.167393592962,659.652592687744,2600.68387616987,236.099911134921,8550.49827320188,2014-02-01
"Mar 2014",2607.87071394137,260.28029991509,659.927977389546,2607.87071394248,236.517627866094,8572.01757607169,2014-03-01
"Apr 2014",2615.8491,260.3474,660.1953439,2615.8491,236.872,8594.495,2014-04-01
"May 2014",2624.43061122121,260.477249949174,660.457441857065,2624.43061122078,237.15882005116,8614.48493593152,2014-05-01
"Jun 2014",2632.91638926805,260.617906135567,660.730601472144,2632.91638926776,237.365651366255,8632.03497302675,2014-06-01
"Jul 2014",2640.479967,260.6773,661.0345481,2640.479967,237.478,8648.066,2014-07-01
"Aug 2014",2646.52275520616,260.585732536268,661.381583976588,2646.52275520625,237.473401253029,8663.40416825714,2014-08-01
"Sep 2014",2651.35767639388,260.36298295005,661.754318862622,2651.35767639391,237.297507409628,8678.49667996957,2014-09-01
"Oct 2014",2655.525531,260.0512,662.1279394,2655.525531,236.888,8693.696,2014-10-01
"Nov 2014",2659.49894917633,259.70602360946,662.483470603247,2659.49894917642,236.246278640429,8709.19735400282,2014-11-01
"Dec 2014",2663.47787993424,259.437058360529,662.825290977372,2663.47787993441,235.628615291528,8724.56701079876,2014-12-01
"Jan 2015",2667.594102,259.3674,663.1636174,2667.594102,235.355,8739.214,2015-01-01
"Feb 2015",2671.90210823665,259.57383969256,663.506493514124,2671.90210823619,235.640299000073,8752.80374906483,2015-02-01
"Mar 2015",2676.14724805435,259.947950274499,663.853270024189,2676.14724805366,236.278883276109,8766.02727683547,2015-03-01
"Apr 2015",2679.997585,260.335,664.2011244,2679.997585,236.96,8779.832,2015-04-01
"May 2015",2683.34960295112,260.617473175854,664.547959899513,2683.34960295287,237.43600684076,8794.86631640444,2015-05-01
"Jun 2015",2687.01346710762,260.826718319255,664.894582933281,2687.01346711021,237.711703455888,8810.58254852611,2015-06-01
"Jul 2015",2692.027763,261.0313,665.2425257,2692.027763,237.855,8826.134,2015-07-01
"Aug 2015",2699.02442318108,261.270171307727,665.592584861896,2699.02442317453,237.921488451699,8840.94802235436,2015-08-01
"Sep 2015",2707.00876829296,261.463839411444,665.942614935283,2707.00876828329,237.917488085525,8855.54815868981,2015-09-01
"Oct 2015",2714.579466,261.5032,666.2897349,2714.579466,237.837,8870.732,2015-10-01
"Nov 2015",2720.58320376898,261.336945296942,666.632392982532,2720.58320379343,237.699965278368,8886.76866825213,2015-11-01
"Dec 2015",2724.85874827613,261.144953664599,666.974354395958,2724.85874831223,237.630084942753,8901.81340930731,2015-12-01
"Jan 2016",2727.492886,261.1649,667.3207136,2727.492886,237.777,8913.493,2016-01-01
"Feb 2016",2728.83854622445,261.555569726728,667.674436830195,2728.8385461332,238.23324302742,8920.65448982224,2016-02-01
"Mar 2016",2730.31322945439,262.160190374604,668.02997742533,2730.31322931966,238.862912884203,8927.02601889584,2016-03-01
"Apr 2016",2733.600579,262.7431,668.3796605,2733.600579,239.473,8937.556,2016-04-01
"May 2016",2739.73566777765,263.134579499847,668.718174944833,2739.73566811819,239.919951500838,8955.36907616256,2016-05-01
"Jun 2016",2747.15928712853,263.428681133283,669.049664754575,2747.15928763138,240.258041298215,8976.2948114057,2016-06-01
"Jul 2016",2753.663658,263.7854,669.3806377,2753.663658,240.591,8994.339,2016-07-01
"Aug 2016",2757.77399159086,264.325912273883,669.71630103862,2757.77399031995,241.004728747005,9005.48853886076,2016-08-01
"Sep 2016",2760.94746010558,265.016118425598,670.056659974891,2760.94745822891,241.513810811826,9013.65473548145,2016-09-01
"Oct 2016",2765.374226,265.7831,670.4004192,2765.374226,242.115,9024.73,2016-10-01
"Nov 2016",2772.4974936737,266.546656589804,670.745579208092,2772.49749841681,242.782207585213,9042.62587950543,2016-11-01
"Dec 2016",2780.77263530103,267.197459979144,671.087323705123,2780.77264230484,243.397974713741,9063.3304688908,2016-12-01
"Jan 2017",2787.908065,267.6189,671.4201322,2787.908065,243.822,9080.851,2017-01-01
"Feb 2017",2792.28641564024,267.74499470023,671.741146547529,2792.28639793871,243.970033504732,9091.10846163595,2017-02-01
"Mar 2017",2794.98719509773,267.712274991163,672.058157986101,2794.98716895917,243.982031073953,9097.67887043692,2017-03-01
"Apr 2017",2797.76413,267.7079,672.3816201,2797.76413,244.054,9106.052,2017-04-01
"May 2017",2801.90166065421,267.877768312979,672.716810835124,2801.90172671722,244.336362099561,9120.12538506182,2017-05-01
"Jun 2017",2806.80708208586,268.202736352501,673.048305583809,2806.80717963629,244.797197286743,9137.42760491712,2017-06-01
"Jul 2017",2811.418403,268.6224,673.3555041,2811.418403,245.359,9153.895,2017-07-01
"Aug 2017",2814.92671915031,269.087843158963,673.624610156418,2814.9264725998,245.958147726651,9166.4108129315,2017-08-01
"Sep 2017",2817.53547448479,269.596101821059,673.869043600885,2817.53511042162,246.586550149448,9175.64589507985,2017-09-01
"Oct 2017",2819.7012,270.1557,674.1090283,2819.7012,247.25,9183.218,2017-10-01
"Nov 2017",2821.88668037417,270.763703495612,674.360593287352,2821.88760051321,247.944158104944,9190.70154839729,2017-11-01
"Dec 2017",2824.57971501205,271.371345252157,674.622988264502,2824.5810737143,248.624157671023,9199.49762957833,2017-12-01
"Jan 2018",2828.274357,271.9184,674.8912681,2828.274357,249.235,9210.964,2018-01-01
"Feb 2018",2833.27005309372,272.364828043771,675.161106712692,2833.2666190881,249.739775409125,9225.83254903484,2018-02-01
"Mar 2018",2839.08782472628,272.751331985132,675.43065422259,2839.08275398048,250.173930277574,9242.33169771798,2018-03-01
"Apr 2018",2845.054087,273.1388,675.6986798,2845.054087,250.591,9258.064,2018-04-01
"May 2018",2850.55700932498,273.568825070041,675.965548884103,2850.56982520844,251.029999517811,9271.121996204,2018-05-01
"Jun 2018",2855.23177834212,274.005819399909,676.238011989583,2855.25070262308,251.471861959423,9281.55817214243,2018-06-01
"Jul 2018",2858.775335,274.3949,676.5244159,2858.775335,251.883,9289.915,2018-07-01
"Aug 2018",2861.19084275448,274.696553157542,676.830821991637,2861.14301322625,252.233559852962,9297.10420688983,2018-08-01
"Sep 2018",2863.70635509045,274.932742267084,677.154150011672,2863.63572871242,252.508621884736,9305.51453963829,2018-09-01
"Oct 2018",2867.856148,275.1408,677.4890343,2867.856148,252.697,9317.904,2018-10-01
"Nov 2018",2874.60542562003,275.358628966454,677.830657464161,2874.78392784951,252.81139069997,9335.73962068108,2018-11-01
"Dec 2018",2882.64310466648,275.626411531756,678.17639518225,2882.90668589763,252.960020872006,9355.32455819338,2018-12-01
"Jan 2019",2890.08903,275.9849,678.5241714,2890.08903,253.275,9371.671,2019-01-01
"Feb 2019",2895.36924113574,276.457549495158,678.873522129495,2894.70306174604,253.837766236045,9381.3386437191,2019-02-01
"Mar 2019",2898.13455620662,276.998626420708,679.230431648218,2897.15085766005,254.527072405021,9387.07722758828,2019-03-01
"Apr 2019",2898.341988,277.5451,679.6024963,2898.341988,255.171,9393.184,2019-04-01
"May 2019",2896.33356035553,278.047095275135,679.993853566006,2898.81977568481,255.642581392884,9402.80987851654,2019-05-01
"Jun 2019",2893.99134132188,278.507360563194,680.394805476731,2897.662554277,255.994652470876,9414.52045737946,2019-06-01
"Jul 2019",2893.58241,278.9418,680.7921952,2893.58241,256.325,9425.735,2019-07-01
"Aug 2019",2896.66636255326,279.364450885781,681.176401947222,2887.38768062582,256.719130414638,9434.42921258505,2019-08-01
"Sep 2019",2901.97286339477,279.781883178371,681.551949104121,2888.27171012083,257.213428822589,9440.80457252357,2019-09-01
"Oct 2019",2907.524094,280.1988,681.9268961,2907.524094,257.832,9445.619,2019-10-01
"Nov 2019",2911.63908665362,280.612090070626,682.307518567329,2945.75177247857,258.522415467079,9449.67864151358,2019-11-01
"Dec 2019",2913.82427687684,280.987384501102,682.692956951233,2960.83106457302,258.926113720252,9453.98254882259,2019-12-01
"Jan 2020",2913.882951,281.2825,683.0805679,2899.955634,258.608,9459.578,2020-01-01
"Feb 2020",2911.81605231372,281.474774016896,683.468284620499,2734.73873460812,257.329726235564,9466.78933247169,2020-02-01
"Mar 2020",2908.41515194972,281.61962696537,683.856346553913,2534.47198077206,255.639931111216,9473.04912107499,2020-03-01
"Apr 2020",2904.669478,281.792,684.2455697,2392.866577,254.284,9475.067,2020-04-01
"May 2020",2901.48581675817,282.051921269196,684.636709143266,2377.20776405257,253.816975886966,9470.82958415517,2020-05-01
"Jun 2020",2899.44118732428,282.39976689668,685.030276307192,2449.07692770849,254.032532205248,9463.43141132192,2020-06-01
"Jul 2020",2899.030167,282.821,685.4267217,2543.62949,254.534,9457.244,2020-07-01
"Aug 2020",2900.52307469065,283.296148313727,685.826349865693,2609.34882377418,254.9982961425,9455.5208864632,2020-08-01
"Sep 2020",2903.29319571613,283.785998040506,686.228881491394,2648.0301051349,255.396680808532,9457.04367808177,2020-09-01
"Oct 2020",2906.489557,284.2464,686.6338913,2674.796461,255.774,9459.476,2020-10-01
"Nov 2020",2909.40150351627,284.648844735155,687.041013212477,2701.73027299863,256.166395098586,9460.95249962165,2020-11-01
"Dec 2020",2911.87965244083,285.027381682039,687.450117942049,2728.75094160397,256.575189005069,9461.49191338806,2020-12-01
"Jan 2021",2913.914939,285.4317,687.8611354,2752.737122,256.993,9461.584,2021-01-01
"Feb 2021",2915.53388928128,285.895515467874,688.274122362174,2771.53918571264,257.413456796486,9461.66215208723,2021-02-01
"Mar 2021",2916.90539281684,286.38865034245,688.689643062636,2786.89436963455,257.834229837859,9461.93429799561,2021-03-01
"Apr 2021",2918.23393,286.8649535,689.1083886,2801.511627,258.254,9462.552,2021-04-01
"May 2021",2919.66210202527,287.294537048901,689.530436986972,2817.3203682248,258.671814752503,9463.59926239979,2021-05-01
"Jun 2021",2921.08499329182,287.712566025939,689.953413892596,2833.13183245052,259.088187939794,9464.88985759245,2021-06-01
"Jul 2021",2922.335809,288.1704687,690.3743319,2846.977716,259.504,9466.17,2021-07-01
"Aug 2021",2923.28206121023,288.702199369853,690.791197541787,2857.43950509177,259.920284193498,9467.24842794325,2021-08-01
"Sep 2021",2923.92848942328,289.271816453795,691.205993148462,2865.29784552642,260.338685069635,9468.18397533828,2021-09-01
"Oct 2021",2924.31414,289.8259044,691.621695,2871.883173,260.761,9469.098,2021-10-01
"Nov 2021",2924.48278946715,290.325988082796,692.040587390321,2878.21342788955,261.188307732763,9470.10154434574,2021-11-01
"Dec 2021",2924.49713501507,290.793354081106,692.462186669112,2884.05656929571,261.618812522409,9471.26438920257,2021-12-01
"Jan 2022",2924.424604,291.2642294,692.8853172,2888.868061,262.05,9472.646,2022-01-01
"Feb 2022",2924.32355281007,291.765445510073,693.309277115446,2892.2891545352,262.479929319893,9474.27506134046,2022-02-01
"Mar 2022",2924.2160539609,292.286251744007,693.73525962324,2894.70425243892,262.908953729619,9476.05713451811,2022-03-01
"Apr 2022",2924.115109,292.8065019,694.1649317,2896.683545,263.338,9477.867,2022-04-01
"May 2022",2924.03042869999,293.312466299131,694.598734551597,2898.67820400669,263.767641654331,9479.60595103314,2022-05-01
"Jun 2022",2923.95856073393,293.81608135398,695.032206300895,2900.66332724491,264.197039225784,9481.28133198426,2022-06-01
"Jul 2022",2923.892762,294.3357,695.4596593,2902.494994,264.625,9482.927,2022-07-01
"Aug 2022",2923.8318440196,294.882165348957,695.877281722607,2904.05294299359,265.050985544264,9484.57920860103,2022-08-01
"Sep 2022",2923.79683680707,295.436281217854,696.288765028739,2905.31155069254,265.477074552432,9486.28379680411,2022-09-01
"Oct 2022",2923.814325,295.9713416,696.6996765,2906.268853,265.906,9488.089,2022-10-01
"Nov 2022",2923.90289892533,296.469550693927,697.114440220936,2906.94881164857,266.33967542787,9490.02606641457,2022-11-01
"Dec 2022",2924.04917166742,296.94875351905,697.532907487855,2907.47909168863,266.776736638563,9492.05829561411,2022-12-01
"Jan 2023",2924.231762,297.4357053,697.9537864,2908.013284,267.215,9494.132,2023-01-01
"Feb 2023",2924.43533124205,297.949722464221,698.375950923275,2908.66337607878,267.652757188698,9496.19578499995,2023-02-01
"Mar 2023",2924.66871089362,298.480366250392,698.798938490212,2909.37494188626,268.090201115541,9498.20742814687,2023-03-01
"Apr 2023",2924.946775,299.0097591,699.2224524,2910.051952,268.528,9500.127,2023-04-01
"May 2023",2925.27545418053,299.526003267706,699.646071422999,2910.62453766593,268.966518039558,9501.91820099304,2023-05-01
"Jun 2023",2925.62490535069,300.041120260865,700.06887621426,2911.12747280338,269.404903343721,9503.55925105766,2023-06-01
"Jul 2023",2925.956342,300.5731114,700.4898229,2911.621692,269.842,9505.032,2023-07-01
"Aug 2023",2926.24210244325,301.13245095384,700.908365703244,2912.14219688711,270.277318801217,9506.33626287973,2023-08-01
"Sep 2023",2926.49902429623,301.699504983927,701.325951234232,2912.6202572706,270.713037361429,9507.54371577063,2023-09-01
"Oct 2023",2926.75507,302.2471125,701.7445242,2912.96121,271.152,9508.744,2023-10-01
"Nov 2023",2927.03266634279,302.757195935448,702.165594126984,2913.11050337821,271.596169718535,9510.00037711768,2023-11-01
"Dec 2023",2927.33209750145,303.248011418243,702.588929819186,2913.17403152162,272.043984247601,9511.27058956355,2023-12-01
"Jan 2024",2927.648112,303.7468985,703.0138649,2913.2978,272.493,9512.486,2024-01-01
"Feb 2024",2927.97923755597,304.273703096959,703.439948014745,2913.58346897042,272.941446769083,9513.63619161252,2024-02-01
"Mar 2024",2928.33911866094,304.818296583845,703.867587896434,2913.95531693921,273.39024787039,9514.9436296789,2024-03-01
"Apr 2024",2928.745179,305.3630567,704.2974083,2914.293277,273.841,9516.689,2024-04-01
"May 2024",2929.20878824813,305.896289954491,704.729009169591,2914.5130383327,274.294746908832,9519.05118976557,2024-05-01
"Jun 2024",2929.71710003996,306.430017935269,705.157895206193,2914.67331446228,274.750320567138,9521.80189172087,2024-06-01
"Jul 2024",2930.251214,306.982191,705.5785473,2914.868575,275.206,9524.611,2024-07-01
"Aug 2024",2930.79306145149,307.563042240629,705.98742946615,2915.15557495806,275.660713743734,9527.2255678437,2024-08-01
"Sep 2024",2931.32790051255,308.151935686193,706.388938219539,2915.44021095242,276.115988379579,9529.70128491912,2024-09-01
"Oct 2024",2931.841821,308.7205181,706.7894532,2915.590665,276.574,9532.171,2024-10-01
"Nov 2024",2932.33246272366,309.249801205213,707.194011058401,2915.52768309434,277.03613885697,9534.73346478554,2024-11-01
"Dec 2024",2932.84366546539,309.758256564406,707.602276489729,2915.38226713546,277.500651840474,9537.35104267674,2024-12-01
"Jan 2025",2933.430819,310.2737207,708.0125712,2915.337983,277.965,9539.952,2025-01-01
"Feb 2025",2934.13290839459,310.816633412589,708.423508203949,2915.52635910902,278.427619717273,9542.49538782893,2025-02-01
"Mar 2025",2934.92329988517,311.377847615444,708.834865751178,2915.87077406129,278.89084870297,9545.0633962258,2025-03-01
"Apr 2025",2935.758955,311.9408195,709.2467134,2916.242569,279.358,9547.769,2025-04-01
"May 2025",2936.60448062391,312.494605481464,709.658749033207,2916.54320146957,279.831271162824,9550.68631723205,2025-05-01
"Jun 2025",2937.45506506802,313.050662870115,710.069183831487,2916.79459461937,280.308397792092,9553.73403908676,2025-06-01
"Jul 2025",2938.313542,313.6260492,710.4758573,2917.048788,280.786,9556.792,2025-07-01
"Aug 2025",2939.18121496161,314.229912809702,710.877466515074,2917.34368786454,281.26140674254,9559.77000990952,2025-08-01
"Sep 2025",2940.05326699091,314.839765255949,711.276138837692,2917.66066727604,281.734782350885,9562.69778076051,2025-09-01
"Oct 2025",2940.923351,315.4252089,711.6748592,2917.966966,282.207,9565.635,2025-10-01
"Nov 2025",2941.78975327037,315.966091535282,712.075993269459,2918.24397236855,282.678805570717,9568.62827275948,2025-11-01
"Dec 2025",2942.66929356095,316.483242683871,712.479429654784,2918.52966898019,283.150435767332,9571.67187490825,2025-12-01
"Jan 2026",2943.583425,317.0077373,712.8844377,2918.876187,283.622,9574.747,2026-01-01
"Feb 2026",2944.54804210505,317.562330363982,713.290356095976,2919.32022343903,284.093815419033,9577.84812127475,2026-02-01
"Mar 2026",2945.5568049505,318.136496960423,713.69680092095,2919.83673869211,284.567030135346,9581.02283071763,2026-03-01
"Apr 2026",2946.597815,318.7113922,714.1034576,2920.385259,285.043,9584.332,2026-04-01
"May 2026",2947.65933516129,319.274428038417,714.50977483182,2920.93425324569,285.52252534574,9587.80794584519,2026-05-01
"Jun 2026",2948.73027411854,319.838043811476,714.914254409564,2921.48796088101,286.004184432028,9591.36876518422,2026-06-01
"Jul 2026",2949.799702,320.4209357,715.3151614,2922.059564,286.486,9594.904,2026-07-01
"Aug 2026",2950.86003162014,321.033426108274,715.711518936003,2922.66037187449,286.966342457262,9598.33246571483,2026-08-01
"Sep 2026",2951.9170465383,321.652342334417,716.105382414869,2923.29420248754,287.444972877285,9601.69007150847,2026-09-01
"Oct 2026",2952.979873,322.2461379,716.4995653,2923.963001,287.922,9605.042,2026-10-01
"Nov 2026",2954.05655128405,322.793983872928,716.896307535279,2924.66697999708,288.397771491874,9608.44237648064,2026-11-01
"Dec 2026",2955.15077780234,323.317921506415,717.295554986516,2925.39942176142,288.873590725501,9611.90109693006,2026-12-01
"Jan 2027",2956.265163,323.8507096,717.69668,2926.151876,289.351,9615.417,2027-01-01
"Feb 2027",2957.40149928067,324.416257281494,718.099076174731,2926.92088106311,289.831275278942,9618.98450984406,2027-02-01
"Mar 2027",2958.55830688198,325.003074991779,718.502222120549,2927.72292987419,290.314627183678,9622.58039262315,2027-03-01
"Apr 2027",2959.733288,325.5908235,718.9056177,2928.579504,290.801,9626.177,2027-04-01
"May 2027",2960.92395896361,326.165856941833,719.308457347277,2929.50164200975,291.290164429392,9629.75139895792,2027-05-01
"Jun 2027",2962.12709263273,326.741302919064,719.708713783142,2930.45861048256,291.781196836086,9633.29951776253,2027-06-01
"Jul 2027",2963.339276,327.3369824,720.1040543,2931.409233,292.273,9636.822,2027-07-01
"Aug 2027",2964.55868401301,327.964004773391,720.493137873198,2932.33402078677,292.764622559044,9640.32341284276,2027-08-01
"Sep 2027",2965.78984343897,328.598633109745,720.878590209848,2933.30023564002,293.255696583091,9643.82401780821,2027-09-01
"Oct 2027",2967.038869,329.2084189,721.2640287,2934.396827,293.746,9647.348,2027-10-01
"Nov 2027",2968.31090391026,329.77164341645,721.652333967337,2935.68005736167,294.235345334429,9650.91450522659,2027-11-01
"Dec 2027",2969.60720535213,330.309507056775,722.043439570061,2937.07544143884,294.723683498219,9654.52252211575,2027-12-01
"Jan 2028",2970.928059,330.85394,722.4365423,2938.475807,295.211,9658.166,2028-01-01
"Feb 2028",2972.27327016075,331.428426394139,722.830865650044,2939.80081706282,295.697625732866,9661.83793662122,2028-02-01
"Mar 2028",2973.64072267105,332.022666263157,723.225739917318,2941.07747564165,296.185273127739,9665.52752335845,2028-03-01
"Apr 2028",2975.02782,332.6179136,723.6205221,2942.359622,296.676,9669.223,2028-04-01
"May 2028",2976.43201418747,333.201851321805,724.01432626952,2943.69029301667,297.171262845217,9672.91348902925,2028-05-01
"Jun 2028",2977.85095155629,333.787878042452,724.405294790299,2945.06931603159,297.670112879715,9676.59164370973,2028-06-01
"Jul 2028",2979.282327,334.3958213,724.7913271,2946.485716,298.171,9680.251,2028-07-01
"Aug 2028",2980.72632931157,335.036518485304,725.171268264465,2947.9304464631,298.672433997374,9683.89347763213,2028-08-01
"Sep 2028",2982.19312288157,335.684846400373,725.54774586223,2949.40217530606,299.173164242294,9687.55453143227,2028-09-01
"Oct 2028",2983.695366,336.3066917,725.9243331,2950.901499,299.672,9691.278,2028-10-01
"Nov 2028",2985.24177560329,336.879132292531,726.303841613358,2952.42820494573,300.168001165284,9695.095415257,2028-11-01
"Dec 2028",2986.82530321371,337.424011100504,726.686036753376,2953.97884426269,300.661230151114,9698.98908241307,2028-12-01
"Jan 2029",2988.434959,337.9743623,727.0699223,2955.549159,301.152,9702.929,2029-01-01
"Feb 2029",2990.06137046046,338.554621933458,727.454701541362,2957.13643779101,301.64104282297,9706.88897245093,2029-02-01
"Mar 2029",2991.70163441173,339.154833508726,727.840375798341,2958.74415560613,302.130767005106,9710.85802780434,2029-03-01
"Apr 2029",2993.354465,339.7564424,728.2271459,2960.377334,302.624,9714.829,2029-04-01
"May 2029",2995.01821374005,340.347347647708,728.61428351749,2962.03918014947,303.122827542835,9718.79588012442,2029-05-01
"Jun 2029",2996.68978162087,340.941262957188,728.997343690299,2963.72564372019,303.626368495133,9722.75728785105,2029-06-01
"Jul 2029",2998.365707,341.5583557,729.3709523,2965.43086,304.133,9726.713,2029-07-01
"Aug 2029",3000.04449883859,342.209643723854,729.731829288678,2967.15069346296,304.641165524207,9730.6660626069,2029-08-01
"Sep 2029",3001.73254851221,342.869546781043,730.085070840464,2968.88792532793,305.149573829179,9734.63259856925,2029-09-01
"Oct 2029",3003.438218,343.5033351,730.4378672,2970.647066,305.657,9738.632,2029-10-01
"Nov 2029",3005.16792979446,344.088108519835,730.795586235205,2972.43078414685,306.162954804779,9742.68075833684,2029-11-01
"Dec 2029",3006.92034844142,344.648285322346,731.156306307105,2974.2343814866,306.669891743709,9746.78376231639,2029-12-01
"Jan 2030",3008.692199,345.2201134,731.5162834,2976.051318,307.181,9750.943,2030-01-01
"Feb 2030",3010.47982168725,345.829738396804,731.873668759389,2977.87776902373,307.698422664081,9755.15120034203,2030-02-01
"Mar 2030",3012.27801735177,346.46289696291,732.234194675561,2979.72077131826,308.220118455246,9759.3640558689,2030-03-01
"Apr 2030",3014.081202,347.0952235,732.6054887,2981.590077,308.743,9763.528,2030-04-01
"May 2030",3015.88711167873,347.710248904057,732.988413653164,2983.49243105454,309.264650835191,9767.6115143691,2030-05-01
"Jun 2030",3017.70676259597,348.32309004824,733.356773431394,2985.42254994409,309.785338139014,9771.6712734673,2030-06-01
"Jul 2030",3019.554491,348.9567603,733.6776072,2987.372143,310.306,9775.786,2030-07-01
"Aug 2030",3021.43945878299,349.62457443141,733.929142898324,2989.33414401737,310.82727029145,9780.01081625562,2030-08-01
"Sep 2030",3023.35013041252,350.301052833022,734.134363561827,2991.30638464615,311.348566025737,9784.30644285451,2030-09-01
"Oct 2030",3025.269796,350.9510173,734.327441,2993.287921,311.869,9788.61,2030-10-01
"Nov 2030",3027.18570452262,351.551223333261,734.535392909095,2995.2781026908,312.388267999008,9792.87710949729,2030-11-01
"Dec 2030",3029.10094042062,352.126161256712,734.75662053241,2997.27745332319,312.908397758041,9797.13739955911,2030-12-01
"Jan 2031",3031.022547,352.7122551,734.982371,2999.28679,313.432,9801.439,2031-01-01
"Feb 2031",3032.95443564505,353.335798942948,735.205603783812,3001.3030104787,313.960805860662,9805.81915316259,2031-02-01
"Mar 2031",3034.88799005316,353.982567066059,735.426127723349,3003.30733513519,314.493028127287,9810.27155150166,2031-03-01
"Apr 2031",3036.811462,354.6282038,735.645464,3005.277065,315.026,9814.779,2031-04-01
"May 2031",3038.716713712,355.256332657905,735.864249796396,3007.19758183884,315.557693743524,9819.32853711159,2031-05-01
"Jun 2031",3040.61004921861,355.882493882758,736.079586300123,3009.08659035827,316.088637880961,9823.92413517502,2031-06-01
"Jul 2031",3042.501383,356.5302069,736.2876907,3010.969876,316.62,9828.574,2031-07-01
"Aug 2031",3044.39900813656,357.212972547649,736.486229638009,3012.86780138814,317.152456202274,9833.28347616882,2031-08-01
"Sep 2031",3046.30473210945,357.904217314022,736.678667568755,3014.77903787619,317.684716645168,9838.04646335386,2031-09-01
"Oct 2031",3048.218741,358.5673491,736.8699184,3016.696834,318.215,9842.854,2031-10-01
"Nov 2031",3050.14071133434,359.178273903345,737.063901892309,3018.61594283082,318.742481447377,9847.69648413905,2031-11-01
"Dec 2031",3052.06828141768,359.762890109306,737.260561217452,3020.53713558144,319.270162205037,9852.56175215032,2031-12-01
"Jan 2032",3053.99858,360.3595942,737.4588454,3022.462688,319.802,9857.437,2032-01-01
"Feb 2032",3055.92833860016,360.996078205633,737.657810203867,3024.39263465893,320.34069208229,9862.31103171942,2032-02-01
"Mar 2032",3057.85269981245,361.657216348756,737.856938350328,3026.3180454277,320.883893793945,9867.17908360044,2032-03-01
"Apr 2032",3059.766409,362.3171784,738.0558193,3028.227749,321.428,9872.038,2032-04-01
"May 2032",3061.66447889464,362.958601996342,738.253436399631,3030.11197253344,321.970342816051,9876.88609268695,2032-05-01
"Jun 2032",3063.54299170291,363.597996240118,738.446348540496,3031.96653704112,322.512003359925,9881.72754307758,2032-06-01
"Jul 2032",3065.398297,364.2603381,738.6305085,3033.788662,323.055,9886.568,2032-07-01
"Aug 2032",3067.22988748793,364.960024360847,738.80349374946,3035.57931287395,323.600529246094,9891.41196790311,2032-08-01
"Sep 2032",3069.04982837593,365.669131072256,738.969380535837,3037.35443907449,324.146500173765,9896.25937371889,2032-09-01
"Oct 2032",3070.873328,366.3491541,739.1338698,3039.133736,324.69,9901.109,2032-10-01
"Nov 2032",3072.71217382029,366.974578549155,739.301448384009,3040.93264219296,325.229317977346,9905.96025792278,2032-11-01
"Dec 2032",3074.5644697934,367.571846481973,739.471746734676,3042.74956877205,325.767551500573,9910.81507315801,2032-12-01
"Jan 2033",3076.424899,368.1803892,739.6431812,3044.57867,326.309,9915.676,2033-01-01
"Feb 2033",3078.28858482347,368.828726216605,739.814528636724,3046.41404031717,326.856680326,9920.54451892424,2033-02-01
"Mar 2033",3080.1524118579,369.501729892447,739.98600793657,3048.24953487436,327.408479009132,9925.41781513059,2033-03-01
"Apr 2033",3082.013705,370.1733608,740.1581985,3050.078949,327.961,9930.292,2033-04-01
"May 2033",3083.8689155895,370.826160943681,740.330387795018,3051.8964792791,328.51173849643,9935.16077749135,2033-05-01
"Jun 2033",3085.71100073799,371.47699805565,740.496695559786,3053.6979273231,329.061754685124,9940.00822187521,2033-06-01
"Jul 2033",3087.532044,372.1513213,740.6499496,3055.479496,329.613,9944.816,2033-07-01
"Aug 2033",3089.32806307777,372.863771338298,740.78562104246,3057.24027101086,330.166624947538,9949.57363036959,2033-08-01
"Sep 2033",3091.11081226423,373.585754821994,740.909754298362,3058.99086938881,330.720576324449,9954.30203810934,2033-09-01
"Oct 2033",3092.89598,374.2778699,741.0310371,3060.744791,331.272,9959.03,2033-10-01
"Nov 2033",3094.6958408772,374.914059614234,741.156344009214,3062.51280489968,331.819280231934,9963.78047880806,2033-11-01
"Dec 2033",3096.50901409399,375.521646578601,741.285296906025,3064.29475689945,332.365754831896,9968.553181243,2033-12-01
"Jan 2034",3098.330705,376.1412983,741.4157045,3066.087762,332.916,9973.342,2034-01-01
"Feb 2034",3100.15596882082,376.802481808467,741.545751216981,3067.88784357561,333.47329116176,9978.13963958334,2034-02-01
"Mar 2034",3101.97926028575,377.489862226568,741.67512434791,3069.68665849489,334.035700644266,9982.93405173351,2034-03-01
"Apr 2034",3103.794884,378.1769042,741.8038869,3071.474772,334.6,9987.712,2034-04-01
"May 2034",3105.59713372838,378.845768414859,741.931399885824,3073.24406531637,335.163777343246,9992.46118508077,2034-05-01
"Jun 2034",3107.38025987412,379.513399718833,742.054216339374,3074.99168360247,335.727887035487,9997.17305626743,2034-06-01
"Jul 2034",3109.138502,380.205439,742.1681873,3076.716088,336.294,10001.84,2034-07-01
"Aug 2034",3110.86978126564,380.936462124686,742.270760043427,3078.41831075147,336.862858724513,10006.4612497232,2034-08-01
"Sep 2034",3112.58674521779,381.676784872179,742.365766790889,3080.10966850263,337.431491954531,10011.0634269005,2034-09-01
"Oct 2034",3114.305723,382.385658,742.458636,3081.804049,337.996,10015.68,2034-10-01
"Nov 2034",3116.0392173572,383.036157078984,742.553757829358,3083.51191375181,338.554232203143,10020.3347789894,2034-11-01
"Dec 2034",3117.78442543991,383.656656933196,742.651369241513,3085.23001931296,339.11103403528,10025.0129398344,2034-12-01
"Jan 2035",3119.534718,384.2893572,742.7506689,3086.951696,339.673,10029.69,2035-01-01
"Feb 2035",3121.28374282406,384.965126914928,742.850620290993,3088.6708764635,340.244656907356,10034.3507454303,2035-02-01
"Mar 2035",3123.0262558374,385.669512706152,742.949246191209,3090.38390269,340.822260793241,10039.0170359843,2035-03-01
"Apr 2035",3124.75729,386.3767306,743.0443342,3092.087719,341.4,10043.72,2035-04-01
"May 2035",3126.47238753173,387.067800698338,743.134644180744,3093.77908887565,341.973695722984,10048.4596466969,2035-05-01
"Jun 2035",3128.16912769198,387.750959405163,743.222825052913,3095.45405244557,342.545700569538,10053.111508821,2035-06-01
"Jul 2035",3129.845599,388.4412472,743.312498,3097.108469,343.12,10057.52,2035-07-01
"Aug 2035",3131.49978812308,389.152343747272,743.407089752697,3098.73823399685,343.699078719221,10061.6551122265,2035-08-01
"Sep 2035",3133.12927432062,389.892485450977,743.509249230475,3100.33938756476,344.279418410091,10065.9891509538,2035-09-01
"Oct 2035",3134.731535,390.6685479,743.6214309,3101.908006,344.856,10071.12,2035-10-01
"Nov 2035",3136.30404756864,391.487406683231,743.746089227939,3103.44016559888,345.425804214941,10077.4090099525,2035-11-01
"Dec 2035",3137.84428943396,392.355937389562,743.88567868096,3104.9319426577,345.993810975287,10084.271398475,2035-12-01
"Jan 2036",3139.34973800334,393.281015607877,744.042653725727,3106.37941347275,346.567,10090.88585,2036-01-01
"Feb 2036",3140.81787068421,394.269516927067,744.219468828909,3107.77865434033,347.150185902491,10096.6476664819,2036-02-01
"Mar 2036",3142.24616488398,395.328316936024,744.418578457172,3109.12574155673,347.739522873949,10101.8186199611,2036-03-01
"Apr 2036",3143.63209801003,396.464291223632,744.642437077182,3110.41675141825,348.329,10106.8771,2036-04-01
"May 2036",3144.97314746979,397.68431537878,744.893499155605,3111.64776022119,348.914304026942,10112.1619022682,2036-05-01
"Jun 2036",3146.26679067067,398.995264990364,745.174219159111,3112.81484426184,349.497912343735,10117.4534468657,2036-06-01
"Jul 2036",3147.51050502007,400.404015647263,745.487051554363,3113.9140798365,350.084,10122.39256,2036-07-01
"Aug 2036",3148.70176792539,401.917442938371,745.834450808029,3114.94154324147,350.675153545293,10126.8300651861,2036-08-01
"Sep 2036",3149.83805679404,403.54242245258,746.218871386777,3115.89331077304,351.267605528891,10131.4567751688,2036-09-01
"Oct 2036",3150.91684903344,405.285829778771,746.642767757271,3116.76545872751,351.856,10137.1735,2036-10-01
"Nov 2036",3151.93562205099,407.154540505837,747.108594386179,3117.55406340117,352.437118828921,10144.5133784687,2036-11-01
"Dec 2036",3152.89185325409,409.155430222673,747.61880574017,3118.25520109033,353.016295170332,10152.5388643111,2036-12-01
"Jan 2037",3153.78302005016,411.295374518156,748.175856285906,3118.86494809127,353.601,10159.94474,2037-01-01
"Feb 2037",3154.6065998466,413.581248981181,748.782200490056,3119.37938070029,354.19637113902,10165.7866909389,2037-02-01
"Mar 2037",3155.36007005081,416.019929200643,749.440292819289,3119.7945752137,354.798213789783,10170.5640142535,2037-03-01
"Apr 2037",3156.04090807022,418.618290765418,750.152587740267,3120.10660792778,355.4,10175.13691,2037-04-01
"May 2037",3156.64659131221,421.383209264401,750.921539719659,3120.31155513884,355.997063281663,10180.127705183,2037-05-01
"Jun 2037",3157.17459718421,424.32156028649,751.749603224134,3120.40549314316,356.592183003872,10185.2072346008,2037-06-01
"Jul 2037",3157.62240309362,427.440219420556,752.639232720355,3120.38449823705,357.19,10189.80846,2037-07-01
"Aug 2037",3157.98748644784,430.746062255498,753.592882674989,3120.2446467168,357.79333869729,10193.6824283289,2037-08-01
"Sep 2037",3158.26732465428,434.245964380213,754.613007554706,3119.98201487871,358.397757898438,10197.8525273431,2037-09-01
"Oct 2037",3158.45939512036,437.946801383571,755.702061826168,3119.59267901908,358.997,10203.66023,2037-10-01
"Nov 2037",3158.56117525347,441.855448854471,756.862499956044,3119.0727154342,359.587322669916,10211.8971040939,2037-11-01
"Dec 2037",3158.57014246103,445.978782381813,758.096776411004,3118.41820042036,360.175044661641,10221.1550967674,2037-12-01
"Jan 2038",3158.48377415044,450.323677554462,759.407345657708,3117.62521027386,360.769,10229.47625,2038-01-01
"Feb 2038",3158.29954772911,454.89700996132,760.796662162825,3116.68982129101,361.375333586004,10235.4440371473,2038-02-01
"Mar 2038",3158.01494060445,459.705655191289,762.267180393027,3115.60810976809,361.989433825374,10239.8076570687,2038-03-01
"Apr 2038",3157.62743018386,464.75648883323,763.821354814973,3114.37615200141,362.604,10243.85774,2038-04-01
"May 2038",3157.13449387475,470.056386476046,765.461639895332,3112.99002428725,363.213713356433,10248.5382599096,2038-05-01
"Jun 2038",3156.53360908454,475.612223708641,767.190490100777,3111.44580292192,363.821182999831,10253.4065656984,2038-06-01
"Jul 2038",3155.82225322062,481.430876119874,769.010359897964,3109.73956420171,364.431,10257.67335,2038-07-01
"Aug 2038",3154.9979036904,487.519219298648,770.923703753564,3107.86738442292,365.04607224752,10260.9793617328,2038-08-01
"Sep 2038",3154.0580379013,493.884128833869,772.932976134251,3105.82533988184,365.662574916047,10264.6855749526,2038-09-01
"Oct 2038",3153.00013326071,500.532480314393,775.04063150668,3103.60950687477,366.275,10270.58302,2038-10-01
"Nov 2038",3151.82166717606,507.471149329125,777.249124337522,3101.21596169801,366.880034690521,10279.7275627889,2038-11-01
"Dec 2038",3150.52011705473,514.707011466974,779.560909093451,3098.64078064785,367.483146965615,10290.2344115282,2038-12-01
"Jan 2039",3149.09296030415,522.246942316789,781.978440241121,3095.8800400206,368.092,10299.48361,2039-01-01
"Feb 2039",3147.53767433172,530.097817467479,784.504172247205,3092.92981611254,368.71182602743,10305.5795337782,2039-02-01
"Mar 2039",3145.85173654483,538.266512507955,787.140559578376,3089.78618521996,369.338133517791,10309.5238856015,2039-03-01
"Apr 2039",3144.03262435092,546.759903027061,789.890056701287,3086.44522363919,369.964,10313.0427,2039-04-01
"May 2039",3142.07781515738,555.584864613708,792.755118082613,3082.90300766649,370.58462416272,10317.4058620984,2039-05-01
"Jun 2039",3139.98478637161,564.748272856811,795.738198189026,3079.15561359817,371.203689333593,10322.0586593994,2039-06-01
"Jul 2039",3137.75101540103,574.257003345208,798.841751487179,3075.19911773054,371.827,10325.99023,2039-07-01
"Aug 2039",3135.37397965304,584.117931667813,802.068232443745,3071.02959635988,372.458047692057,10328.7302967171,2039-08-01
"Sep 2039",3132.85115653505,594.337933413543,805.420095525401,3066.64312578248,373.091072110803,10331.9709212456,2039-09-01
"Oct 2039",3130.18002345447,604.923884171231,808.899795198795,3062.03578229465,373.718,10337.94475,2039-10-01
"Nov 2039",3127.35805781871,615.882659529794,812.509785930602,3057.20364219269,374.33377766164,10347.972508811,2039-11-01
"Dec 2039",3124.38273703516,627.221135078151,816.2525221875,3052.14278177288,374.945429630606,10359.7272411738,2039-12-01
"Jan 2040",3121.25153851125,638.94618640513,820.130458436135,3046.84927733154,375.563,10369.97007,2040-01-01
"Feb 2040",3117.96193965437,651.06468909965,824.146049143184,3041.31920516494,376.193619439158,10376.3308791501,2040-02-01
"Mar 2040",3114.51141787194,663.583518750634,828.301748775324,3035.54864156938,376.832764922332,10379.9145962813,2040-03-01
"Apr 2040",3110.89745057136,676.509550946904,832.6000117992,3029.53366284118,377.473,10382.69491,2040-04-01
"May 2040",3107.11751516004,689.849661277381,837.04329268149,3023.27034527663,378.108707544689,10386.2310568108,2040-05-01
"Jun 2040",3103.16908904538,703.610725330993,841.634045888872,3016.75476517199,378.741547717107,10390.424464812,2040-06-01
"Jul 2040",3099.0496496348,717.799618696553,846.374725887989,3009.9829988236,379.375,10394.76211,2040-07-01
"Aug 2040",3094.75667433571,732.423216962988,851.267787145519,3002.95112252774,380.012180011711,10398.8138587918,2040-08-01
"Sep 2040",3090.28764055549,747.488395719227,856.315684128144,2995.65521258069,380.654747912946,10402.4811392857,2040-09-01
"Oct 2040",3085.64002570158,763.002030554078,861.520871302502,2988.09134527878,381.304,10405.74827,2040-10-01
"Oct 20401",3085.64002570158,763.002030554078,861.520871302502,2988.09134527878,381.304,10405.74827,2040-11-01
"Oct 20402",3085.64002570158,763.002030554078,861.520871302502,2988.09134527878,381.304,10405.74827,2040-12-01
