month,real_fare,man_hud_KEEP,man_hud_opt,man_hud_pess,population_hud_opt,population_hud_pess,real_fare_q1_KEEP,pop_hudson_KEEP,real_fare_test,fare_nominal,cpi_national_2020_06
1/1/00,1.503485778,2472.42074,2472.402238,2472.42074,607.7674125,607.7674125,1.560475441,607.7674246,1.512814381,1,170.1
2/1/00,1.493490305,2484.391829,2484.377918,2484.391829,608.2910144,608.2910144,1.55740307,608.2910234,1.509514455,1,170.471853
3/1/00,1.485261708,2493.880902,2493.871963,2493.880902,608.803305,608.803305,1.554637508,608.8033071,1.505528379,1,170.9231986
4/1/00,1.486080485,2500.026064,2500.02051,2500.026064,609.2940014,609.2940014,1.551444638,609.2939982,1.501051293,1,171.433
5/1/00,1.486080485,2502.597863,2502.592692,2502.597863,609.75897,609.75897,1.547292082,609.7589671,1.496308247,1,171.9764138
6/1/00,1.481181319,2503.896615,2503.889606,2503.896615,610.2186756,610.2186756,1.542413011,610.2186759,1.491650899,1,172.5133719
7/1/00,1.474699125,2506.855078,2506.845346,2506.855078,610.6997325,610.6997325,1.537224199,610.6997348,1.487455065,1,173
8/1/00,1.472282906,2513.385351,2513.373108,2513.385351,611.2215048,611.2215048,1.532143476,611.2215049,1.483925767,1,173.4114549
9/1/00,1.461903471,2521.316887,2521.302513,2521.316887,611.7743553,611.7743553,1.527621998,611.7743513,1.480616691,1,173.7990175
10/1/00,1.46031961,2527.458483,2527.442289,2527.458483,612.3413967,612.3413967,1.524112017,612.3413902,1.476928746,1,174.233
11/1/00,1.46031961,2529.281486,2529.263855,2529.281486,612.9072349,612.9072349,1.521801934,612.9072299,1.472467576,1,174.7608779
12/1/00,1.463490771,2526.907464,2526.889393,2526.907464,613.4624491,613.4624491,1.519851167,613.4624472,1.467614442,1,175.3387804
1/1/01,1.457950243,2521.120539,2521.103776,2521.120539,613.9991116,613.9991116,1.517173013,613.999111,1.462931929,1,175.9
2/1/01,1.454803022,2512.958561,2512.945144,2512.958561,614.5170427,614.5170427,1.513078943,614.5170392,1.458871703,1,176.3895521
3/1/01,1.446217811,2504.47429,2504.4647,2504.47429,615.0470543,615.0470543,1.508416212,615.0470448,1.455490289,1,176.7993426
4/1/01,2.167001608,2497.974214,2497.966914,2497.974214,615.6277061,615.6277061,2.256588016,615.6276896,2.179122972,1.5,177.133
5/1/01,2.15890283,2494.413849,2494.405902,2494.413849,616.2653521,616.2653521,2.252864892,616.26533,2.175951502,1.5,177.391173
6/1/01,2.1474376,2489.34482,2489.334369,2489.34482,616.8375233,616.8375233,2.251127566,616.8375006,2.17385086,1.5,177.5625902
7/1/01,2.153154952,2476.967778,2476.954666,2476.967778,617.189545,617.189545,2.250643954,617.1895302,2.172989193,1.5,177.633
8/1/01,2.149720893,2453.832254,2453.817611,2453.832254,617.2204742,617.2204742,2.250571458,617.2204772,2.173354701,1.5,177.6031262
9/1/01,2.150864362,2425.883296,2425.867894,2425.883296,617.044294,617.044294,2.249597586,617.044317,2.174205921,1.5,177.5335931
10/1/01,2.153154952,2401.414833,2401.398671,2401.414833,616.8287192,616.8287192,2.246298388,616.8287541,2.174617405,1.5,177.5
11/1/01,2.153154952,2386.687017,2386.669636,2386.687017,616.7043437,616.7043437,2.239843407,616.7043757,2.173800639,1.5,177.5666924
12/1/01,2.15890283,2379.824904,2379.806632,2379.824904,616.6532786,616.6532786,2.231691815,616.6532991,2.171522217,1.5,177.7530003
1/1/02,2.145159151,2376.919774,2376.902035,2376.919774,616.620514,616.620514,2.22383369,616.620524,2.167693,1.5,178.067
2/1/02,2.129344392,2374.669193,2374.65407,2374.669193,616.5618962,616.5618962,2.217734269,616.5619036,2.162406042,1.5,178.5023635
3/1/02,2.115973312,2372.195864,2372.184343,2372.195864,616.476695,616.476695,2.212950698,616.4767047,2.156452826,1.5,178.9951464
4/1/02,2.108250782,2369.228776,2369.220303,2369.228776,616.3750366,616.3750366,2.208585069,616.3750475,2.150783093,1.5,179.467
5/1/02,2.11265674,2365.606291,2365.599064,2365.606291,616.2676099,616.2676099,2.203958361,616.2676169,2.1461242,1.5,179.8565942
6/1/02,2.111553525,2361.604263,2361.596384,2361.604263,616.1673562,616.1673562,2.199211615,616.167357,2.14238301,1.5,180.1706733
7/1/02,2.106054688,2357.60792,2357.597685,2357.60792,616.0877802,616.0877802,2.194684912,616.0877762,2.139268257,1.5,180.433
8/1/02,2.094057483,2353.941384,2353.927547,2353.941384,616.0375587,616.0375587,2.190441879,616.0375545,2.136338933,1.5,180.6804077
9/1/02,2.091890843,2350.684351,2350.667184,2350.684351,616.0060583,616.0060583,2.185465968,616.0060566,2.132543085,1.5,181.0020122
10/1/02,2.087570986,2347.855414,2347.83697,2347.855414,615.9778183,615.9778183,2.17849209,615.9778182,2.126691952,1.5,181.5
11/1/02,2.090809204,2345.31902,2345.302461,2345.31902,615.9375347,615.9375347,2.169024196,615.9375334,2.118366356,1.5,182.2133307
12/1/02,2.094057483,2342.323049,2342.309939,2342.323049,615.8705318,615.8705318,2.159486296,615.8705286,2.110089607,1.5,182.9280558
1/1/03,2.076848998,2337.961239,2337.950868,2337.961239,615.7622906,615.7622906,2.152942228,615.7622885,2.105038471,1.5,183.367
2/1/03,2.060970948,2331.811553,2331.801574,2331.811553,615.6094276,615.6094276,2.151266227,615.6094314,2.105152731,1.5,183.3570475
3/1/03,2.051560122,2325.388861,2325.37783,2325.388861,615.4531,615.4531,2.1518374,615.4531102,2.107632448,1.5,183.1413203
4/1/03,2.055732079,2320.692263,2320.680271,2320.692263,615.3456007,615.3456007,2.150929537,615.3456112,2.108488091,1.5,183.067
5/1/03,2.0546875,2319.189679,2319.17797,2319.189679,615.3230361,615.3230361,2.14583046,615.323037,2.104887992,1.5,183.380109
6/1/03,2.053643982,2320.224324,2320.213752,2320.224324,615.3567686,615.3567686,2.137849843,615.3567543,2.098685961,1.5,183.9220333
7/1/03,2.045333839,2322.608238,2322.598882,2322.608238,615.4019745,615.4019745,2.129268651,615.401946,2.092871608,1.5,184.433
8/1/03,2.030951783,2325.142894,2325.134186,2325.142894,615.4224378,615.4224378,2.121879091,615.4224011,2.089557923,1.5,184.7254795
9/1/03,2.025864228,2326.587501,2326.57875,2326.587501,615.4163735,615.4163735,2.115735085,615.4163334,2.087575314,1.5,184.9009167
10/1/03,2.0218125,2325.6907,2325.681223,2325.6907,615.3906044,615.3906044,2.110472542,615.3905631,2.084958324,1.5,185.133
11/1/03,2.027896189,2321.919992,2321.909177,2321.919992,615.3525226,615.3525226,2.105615631,615.3524807,2.080264229,1.5,185.5507507
12/1/03,2.028913698,2317.618306,2317.605881,2317.618306,615.3117987,615.3117987,2.100214238,615.311758,2.07407421,1.5,186.104522
1/1/04,2.022823912,2315.847427,2315.833528,2315.847427,615.2786724,615.2786724,2.09321823,615.2786374,2.067458968,1.5,186.7
2/1/04,2.010753357,2318.648713,2318.633813,2318.648713,615.2597305,615.2597305,2.08417917,615.2597067,2.061312537,1.5,187.2567029
3/1/04,1.988016224,2323.981811,2323.966445,2323.981811,615.2469468,615.2469468,2.074927148,615.2469355,2.055902343,1.5,187.7494768
4/1/04,1.982169118,2328.785939,2328.770636,2328.785939,615.2286419,615.2286419,2.067792029,615.2286394,2.051340508,1.5,188.167
5/1/04,1.978290117,2330.754938,2330.740161,2330.754938,615.1973535,615.1973535,2.064201141,615.1973525,2.047532874,1.5,188.5169192
6/1/04,1.962924757,2330.601143,2330.587057,2330.601143,615.1624884,615.1624884,2.062204785,615.162485,2.04356712,1.5,188.8827559
7/1/04,1.96770073,2329.791515,2329.777922,2329.791515,615.1376705,615.1376705,2.059042439,615.1376661,2.038341365,1.5,189.367
8/1/04,1.965787555,2329.570826,2329.557338,2329.570826,615.1322484,615.1322484,2.052651342,615.1322481,2.03123658,1.5,190.029361
9/1/04,1.963878096,2330.295108,2330.281809,2330.295108,615.1384696,615.1384696,2.043651797,615.1384757,2.023473344,1.5,190.7584256
10/1/04,1.950615051,2332.098208,2332.085817,2332.098208,615.144306,615.144306,2.033313601,615.1443167,2.016690644,1.5,191.4
11/1/04,1.951556467,2335.024696,2335.01422,2335.024696,615.1408157,615.1408157,2.022932054,615.1408261,2.012055032,1.5,191.8409701
12/1/04,1.955331238,2338.762045,2338.753373,2338.762045,615.1314001,615.1314001,2.014009971,615.1314077,2.00900163,1.5,192.1325417
1/1/05,1.94311629,2342.908451,2342.900002,2342.908451,615.1225468,615.1225468,2.008065168,615.1225524,2.006553044,1.5,192.367
2/1/05,1.935674964,2347.138299,2347.12764,2347.138299,615.1204446,615.1204446,2.005850789,615.1204513,2.003738164,1.5,192.6372399
3/1/05,1.903778249,2351.430721,2351.417039,2351.430721,615.1300881,615.1300881,2.005157942,615.1300964,1.999572124,1.5,193.0385929
4/1/05,1.902882353,2355.841033,2355.825754,2355.841033,615.1561731,615.1561731,2.003056727,615.1561801,1.99308395,1.5,193.667
5/1/05,1.912783822,2360.369617,2360.355614,2360.369617,615.1970848,615.1970848,1.997381809,615.1970851,1.983821618,1.5,194.5712184
6/1/05,1.919138586,2364.79711,2364.785533,2364.79711,615.225965,615.225965,1.988951695,615.2259566,1.973273758,1.5,195.6112718
7/1/05,1.902882353,2368.849213,2368.838698,2368.849213,615.2096448,615.2096448,1.979307002,615.2096303,1.963349895,1.5,196.6
8/1/05,1.88866184,2372.378547,2372.366048,2372.378547,615.1270525,615.1270525,1.96983254,615.1270378,1.955502051,1.5,197.3889975
9/1/05,1.873783596,2375.745418,2375.729539,2375.745418,615.0055055,615.0055055,1.961432906,615.0054942,1.949616547,1.5,197.9848756
10/1/05,1.866862881,2379.437054,2379.418876,2379.437054,614.8844185,614.8844185,1.954877322,614.8844103,1.945213696,1.5,198.433
11/1/05,1.87813516,2383.794952,2383.777352,2383.794952,614.7937069,614.7937069,1.950451324,614.7936988,1.941786062,1.5,198.7832732
12/1/05,1.887780112,2388.577699,2388.56259,2388.577699,614.7252891,614.7252891,1.946571422,614.7252794,1.938660623,1.5,199.1037445
1/1/06,1.872915702,2393.398149,2393.385797,2393.398149,614.6615844,614.6615844,1.941218096,614.6615733,1.935130068,1.5,199.467
2/1/06,1.868588262,2397.938404,2397.927767,2397.938404,614.5879004,614.5879004,1.933051887,614.5878898,1.930595184,1.5,199.9355394
3/1/06,1.853173694,2402.157539,2402.147637,2402.157539,614.5010986,614.5010986,1.923293699,614.5010893,1.924857477,1.5,200.5315167
4/1/06,1.836341962,2406.083874,2406.074132,2406.083874,614.4009287,614.4009287,1.913748858,614.4009202,1.917823535,1.5,201.267
5/1/06,1.824740523,2409.708767,2409.698874,2409.708767,614.2908978,614.2908978,1.905973589,614.2908884,1.909850418,1.5,202.1072361
6/1/06,1.816543127,2412.875729,2412.865075,2412.875729,614.1895411,614.1895411,1.900758443,614.1895303,1.903043093,1.5,202.8301885
7/1/06,1.812471986,2415.391311,2415.378846,2415.391311,614.1191512,614.1191512,1.898712887,614.1191397,1.899888217,1.5,203.167
8/1/06,1.804384203,2417.323869,2417.308442,2417.323869,614.0949587,614.0949587,1.899892325,614.0949486,1.901770763,1.5,202.9658868
9/1/06,1.81409825,2419.788992,2419.770694,2419.788992,614.1039476,614.1039476,1.902072036,614.1039411,1.905738067,1.5,202.5433589
10/1/06,1.823917456,2424.164076,2424.144576,2424.164076,614.1260402,614.1260402,1.902441975,614.1260395,1.9077194,1.5,202.333
11/1/06,1.830522861,2431.243459,2431.22559,2431.243459,614.1452558,614.1452558,1.898944912,614.1452628,1.904664591,1.5,202.6575131
12/1/06,1.827214189,2439.48925,2439.47535,2439.48925,614.1620016,614.1620016,1.892561803,614.162017,1.897748424,1.5,203.3960795
1/1/07,1.823366416,2446.780498,2446.771998,2446.780498,614.1807816,614.1807816,1.885019337,614.1808052,1.88919468,1.5,204.317
2/1/07,1.812748245,2451.568265,2451.565527,2451.568265,614.2014276,614.2014276,1.877808675,614.2014575,1.88090717,1.5,205.217246
3/1/07,1.800760184,2454.591657,2454.593333,2454.591657,614.2050817,614.2050817,1.871609596,614.2051138,1.873683092,1.5,206.0084712
4/1/07,1.790958012,2457.161789,2457.164665,2457.161789,614.1682134,614.1682134,1.866895065,614.1682413,1.868038142,1.5,206.631
5/1/07,1.780187633,2460.322881,2460.322565,2460.322881,614.0902936,614.0902936,1.863804426,614.0903095,1.864131618,1.5,207.0640214
6/1/07,1.771515128,2464.05156,2464.045253,2464.05156,614.062798,614.062798,1.861167878,614.062798,1.860733349,1.5,207.4421838
7/1/07,1.768648197,2468.057558,2468.044743,2468.057558,614.2002036,614.2002036,1.857504673,614.2001888,1.85628761,1.5,207.939
8/1/07,1.770987535,2472.109356,2472.091416,2472.109356,614.5781085,614.5781085,1.85178019,614.5780843,1.849725995,1.5,208.6766312
9/1/07,1.771127162,2476.210439,2476.189118,2476.210439,615.1165945,615.1165945,1.844663309,615.1165689,1.841824771,1.5,209.5718308
10/1/07,1.769236323,2480.423045,2480.400062,2480.423045,615.6968649,615.6968649,1.837225671,615.6968478,1.833790628,1.5,210.49
11/1/07,1.761897396,2484.699302,2484.676505,2484.699302,616.225576,616.225576,1.830303719,616.2255774,1.82655597,1.5,211.3237128
12/1/07,1.762734584,2488.550902,2488.530886,2488.550902,616.7111983,616.7111983,1.823900486,616.7112203,1.820091873,1.5,212.0742338
1/1/08,1.759099748,2491.37943,2491.365688,2491.37943,617.1876556,617.1876556,1.81781872,617.1876905,1.814140101,1.5,212.77
2/1/08,1.750335469,2492.776312,2492.772193,2492.776312,617.6792102,617.6792102,1.811671789,617.6792436,1.808222648,1.5,213.4662951
3/1/08,1.734553152,2493.092349,2493.096881,2493.092349,618.1714772,618.1714772,1.804309792,618.1715009,1.80097127,1.5,214.3257895
4/1/08,2.017587096,2492.868181,2492.875032,2492.868181,618.6404104,618.6404104,2.093504248,618.6404253,2.089316134,1.75,215.538
5/1/08,1.997688979,2492.380637,2492.380182,2492.380637,619.0774751,619.0774751,2.07885234,619.077489,2.073975704,1.75,217.1322548
6/1/08,1.977350365,2490.851283,2490.838896,2490.851283,619.5361844,619.5361844,2.065803791,619.5362008,2.061020333,1.75,218.4971267
7/1/08,1.963417654,2487.23787,2487.215998,2487.23787,620.0855633,620.0855633,2.060085889,620.085579,2.057593728,1.75,218.861
8/1/08,1.961156724,2480.765878,2480.742119,2480.765878,620.7718447,620.7718447,2.065294364,620.7718519,2.068239865,1.75,217.7344266
9/1/08,1.964922383,2471.731698,2471.711132,2471.731698,621.5500939,621.5500939,2.076831695,621.5500886,2.087198997,1.75,215.7566296
10/1/08,1.978818429,2460.699446,2460.682718,2460.699446,622.3525842,622.3525842,2.087930784,622.3525684,2.105817754,1.75,213.849
11/1/08,2.011770889,2448.20059,2448.185132,2448.20059,623.1257135,623.1257135,2.09323777,623.1256937,2.116859353,1.75,212.7335575
12/1/08,2.024600664,2434.635991,2434.620928,2434.635991,623.8723776,623.8723776,2.094013226,623.87236,2.120834378,1.75,212.3348365
1/1/09,2.021217685,2420.37386,2420.361232,2420.37386,624.6095971,624.6095971,2.093260609,624.6095862,2.120403342,1.75,212.378
2/1/09,2.010356341,2405.944835,2405.93827,2405.944835,625.3518613,625.3518613,2.093274842,625.3518599,2.117902035,1.75,212.6288248
3/1/09,2.006901224,2392.529261,2392.528667,2392.529261,626.1035351,626.1035351,2.093454736,626.1035442,2.1140571,1.75,213.015543
4/1/09,2.002513987,2381.46991,2381.470145,2381.46991,626.8664524,626.8664524,2.092475837,626.8664714,2.109190897,1.75,213.507
5/1/09,1.999178938,2373.701189,2373.694036,2373.701189,627.6372036,627.6372036,2.089354293,627.6372304,2.103607056,1.75,214.0737357
6/1/09,1.989089142,2368.524054,2368.506096,2368.524054,628.3914059,628.3914059,2.08445344,628.391438,2.097538732,1.75,214.6930657
7/1/09,1.985506103,2364.831095,2364.805689,2364.831095,629.099433,629.099433,2.078470049,629.0994677,2.091198366,1.75,215.344
8/1/09,1.979823277,2361.805453,2361.780848,2361.805453,629.7417216,629.7417216,2.072067755,629.7417561,2.084881897,1.75,215.9964176
9/1/09,1.977449826,2359.792464,2359.774282,2359.792464,630.3389598,630.3389598,2.065805051,630.3389906,2.079228824,1.75,216.5836755
10/1/09,1.979009355,2359.428015,2359.417369,2359.428015,630.9218988,630.9218988,2.060204732,630.9219218,2.074952868,1.75,217.03
11/1/09,1.975718976,2361.161513,2361.155842,2361.161513,631.515432,631.515432,2.055714298,631.515443,2.072544948,1.75,217.2821494
12/1/09,1.978619242,2364.696454,2364.692852,2364.696454,632.1210224,632.1210224,2.05251784,632.12102,2.071640516,1.75,217.3770099
1/1/10,1.974123321,2369.549853,2369.545906,2369.549853,632.7342752,632.7342752,2.050737004,632.7342614,2.071669201,1.75,217.374
2/1/10,1.975015909,2375.048106,2375.041794,2375.048106,633.3476747,633.3476747,2.050378945,633.3476544,2.072090888,1.75,217.3297627
3/1/10,1.964824178,2379.755121,2379.744434,2379.755121,633.9412204,633.9412204,2.050979949,633.9411998,2.07247159,1.75,217.2898404
4/1/10,1.961327948,2382.044185,2382.027027,2382.044185,634.4917911,634.4917911,2.051959706,634.4917772,2.072403305,1.75,217.297
5/1/10,1.956885824,2381.028541,2381.003396,2381.028541,634.9934968,634.9934968,2.052691749,634.9934965,2.071511928,1.75,217.3905035
6/1/10,1.958982339,2378.78125,2378.749847,2378.78125,635.509374,635.509374,2.052367663,635.5093907,2.069559487,1.75,217.5955916
7/1/10,1.956301551,2378.115332,2378.083305,2378.115332,636.1196907,636.1196907,2.050137286,636.1197232,2.06634587,1.75,217.934
8/1/10,1.952884062,2381.164069,2381.139511,2381.164069,636.8789236,636.8789236,2.045466096,636.8789663,2.061771168,1.75,218.4175567
9/1/10,1.953563368,2387.341803,2387.329455,2387.341803,637.7383835,637.7383835,2.039036942,637.7384266,2.056114454,1.75,219.0184598
10/1/10,1.949559056,2395.383141,2395.382943,2395.383141,638.62359,638.62359,2.031823976,638.6236196,2.049745429,1.75,219.699
11/1/10,1.949728261,2404.112664,2404.12043,2404.112664,639.4753929,639.4753929,2.024646187,639.4753942,2.042957484,1.75,220.4289734
12/1/10,1.9504215,2412.714848,2412.724976,2412.714848,640.2959633,640.2959633,2.017774142,640.2959343,2.035760987,1.75,221.2081987
1/1/11,1.944272149,2420.464144,2420.470292,2420.464144,641.1028024,641.1028024,2.011340538,641.1027574,2.028098129,1.75,222.044
2/1/11,1.934759384,2426.859878,2426.855542,2426.859878,641.9125404,641.9125404,2.005418678,641.9125046,2.020046554,1.75,222.929031
3/1/11,1.920698689,2432.300884,2432.281709,2432.300884,642.7383227,642.7383227,1.999856482,642.7383103,2.012209681,1.75,223.7972639
4/1/11,2.187318704,2437.410873,2437.37523,2437.410873,643.5924234,643.5924234,2.279371282,643.5924325,2.291775553,2,224.568
5/1/11,2.173352199,2442.633473,2442.583161,2442.633473,644.4738377,644.4738377,2.273267783,644.4738539,2.285539627,2,225.1807172
6/1/11,2.169574053,2447.69198,2447.635031,2447.69198,645.3284447,645.3284447,2.267640108,645.3284564,2.280729828,2,225.6555977
7/1/11,2.163835867,2452.129604,2452.080987,2452.129604,646.0888445,646.0888445,2.263005666,646.0888466,2.276921744,2,226.033
8/1/11,2.156099785,2455.746059,2455.724075,2455.746059,646.7110025,646.7110025,2.25966437,646.7109956,2.273676507,2,226.3556187
9/1/11,2.151788601,2459.367068,2459.378933,2459.367068,647.2443453,647.2443453,2.257074521,647.2443324,2.270467992,2,226.6754934
10/1/11,2.156160143,2464.074852,2464.113101,2464.074852,647.7616646,647.7616646,2.254491874,647.7616507,2.26675293,2,227.047
11/1/11,2.162507972,2470.5489,2470.594682,2470.5489,648.3192146,648.3192146,2.251353336,648.3192048,2.262249363,2,227.4989932
12/1/11,2.171304071,2477.857754,2477.894046,2477.857754,648.9070986,648.9070986,2.247795776,648.9070932,2.257691781,2,227.9582434
1/1/12,2.162464604,2484.667222,2484.682129,2484.667222,649.4988819,649.4988819,2.24412772,649.498875,2.254055397,2,228.326
2/1/12,2.154144276,2489.994024,2489.980556,2489.994024,650.0751053,650.0751053,2.240648252,650.0750874,2.251970282,2,228.5374086
3/1/12,2.140443929,2494.258531,2494.213709,2494.258531,650.6442103,650.6442103,2.237630381,650.6441789,2.250731439,2,228.6631997
4/1/12,2.136525209,2498.232027,2498.156661,2498.232027,651.2216135,651.2216135,2.235338968,651.2215761,2.249307072,2,228.808
5/1/12,2.133962921,2502.436402,2502.33698,2502.436402,651.8140791,651.8140791,2.233800601,651.8140496,2.24687535,2,229.0556317
6/1/12,2.136042725,2506.395971,2506.292222,2506.395971,652.3937619,652.3937619,2.232095498,652.3937474,2.243436899,2,229.4066985
7/1/12,2.139348295,2509.385652,2509.31244,2509.385652,652.9241643,652.9241643,2.229073827,652.9241616,2.239197761,2,229.841
8/1/12,2.127059399,2510.977244,2510.975194,2510.977244,653.3801568,653.3801568,2.223964799,653.3801554,2.234388971,2,230.3356574
9/1/12,2.118018181,2511.930058,2512.008073,2511.930058,653.7820826,653.7820826,2.217465918,653.782076,2.229342293,2,230.8570802
10/1/12,2.120325472,2513.300283,2513.426172,2513.300283,654.1616527,654.1616527,2.21062531,654.1616415,2.22440972,2,231.369
11/1/12,2.120258765,2515.96019,2516.072876,2515.96019,654.5443989,654.5443989,2.204456916,654.5443891,2.22000311,2,231.8282574
12/1/12,2.126363116,2520.046374,2520.104726,2520.046374,654.9311349,654.9311349,2.199910631,654.9311314,2.216791435,2,232.1641289
1/1/13,2.380404581,2525.511511,2525.506551,2525.511511,655.3164949,655.3164949,2.472654452,655.3164998,2.49244243,2.25,232.299
2/1/13,2.367147802,2532.144747,2532.091924,2532.144747,655.6980343,655.6980343,2.473686477,655.6980469,2.493459182,2.25,232.204276
3/1/13,2.363872769,2539.081103,2538.989392,2539.081103,656.084993,656.084993,2.475840178,656.0850096,2.495144445,2.25,232.0474413
4/1/13,2.369616982,2545.292066,2545.156245,2545.292066,656.4895317,656.4895317,2.47630909,656.4895455,2.495170695,2.25,232.045
5/1/13,2.366815273,2550.101596,2549.91371,2550.101596,656.9156514,656.9156514,2.473165575,656.9156542,2.491941329,2.25,232.3457127
6/1/13,2.360910004,2554.243532,2554.038763,2554.243532,657.334713,657.334713,2.468016382,657.3347018,2.486786222,2.25,232.8273653
7/1/13,2.357102469,2558.804184,2558.672315,2558.804184,657.7099173,657.7099173,2.463329277,657.7098959,2.481748324,2.25,233.3
8/1/13,2.354056136,2564.558697,2564.613789,2564.558697,658.0164926,658.0164926,2.460787222,658.0164692,2.478290978,2.25,233.6254657
9/1/13,2.346361178,2571.037555,2571.296652,2571.037555,658.2777762,658.2777762,2.459064022,658.2777547,2.475669634,2.25,233.8728383
10/1/13,2.359458939,2577.46008,2577.812882,2577.46008,658.5291327,658.5291327,2.456097452,658.5291105,2.472601923,2.25,234.163
11/1/13,2.356635403,2583.264299,2583.516229,2583.264299,658.7982448,658.7982448,2.450552588,658.7982151,2.468161132,2.25,234.5843132
12/1/13,2.357487251,2588.763077,2588.807532,2588.763077,659.0820673,659.0820673,2.443930729,659.0820296,2.462799029,2.25,235.0950594
1/1/14,2.59610125,2594.487985,2594.349401,2594.487985,659.3698732,659.3698732,2.709339904,659.3698353,2.730335223,2.5,235.621
2/1/14,2.601884418,2600.885667,2600.683876,2600.885667,659.6526178,659.6526178,2.706138758,659.6525927,2.724796941,2.5,236.0999111
3/1/14,2.592356455,2608.063052,2607.870714,2608.063052,659.9279862,659.9279862,2.704964869,659.9279774,2.719984643,2.5,236.5176279
4/1/14,2.592216859,2616.042138,2615.8491,2616.042138,660.1953458,660.1953458,2.704267711,660.1953439,2.715915412,2.5,236.872
5/1/14,2.579911953,2624.683657,2624.430611,2624.683657,660.4574546,660.4574546,2.702919612,660.4574419,2.712630782,2.5,237.1588201
6/1/14,2.578678018,2633.203268,2632.916389,2633.203268,660.7306323,660.7306323,2.701460839,660.7306015,2.7102671,2.5,237.3656514
7/1/14,2.577218564,2640.655362,2640.479967,2640.655362,661.0345892,661.0345892,2.700845326,661.0345481,2.708984898,2.5,237.478
8/1/14,2.581394235,2646.381045,2646.522755,2646.381045,661.381617,661.381617,2.701794379,661.381584,2.709037358,2.5,237.4734013
9/1/14,2.581404123,2650.868282,2651.357676,2650.868282,661.7543339,661.7543339,2.704105858,661.7543189,2.711045399,2.5,237.2975074
10/1/14,2.587092131,2654.891752,2655.525531,2654.891752,662.1279397,662.1279397,2.707347889,662.1279394,2.715731973,2.5,236.888
11/1/14,2.598243132,2659.077363,2659.498949,2659.077363,662.4834689,662.4834689,2.710946237,662.4834706,2.72310878,2.5,236.2462786
12/1/14,2.611351131,2663.455944,2663.47788,2663.455944,662.8252954,662.8252954,2.713756746,662.825291,2.730246981,2.5,235.6286153
1/1/15,2.869195475,2667.90955,2667.594102,2667.90955,663.1636279,663.1636279,2.985934139,663.1636174,3.006763175,2.75,235.355
2/1/15,2.859632966,2672.311426,2671.902108,2672.311426,663.5065037,663.5065037,2.983559418,663.5064935,3.003122769,2.75,235.640299
3/1/15,2.855150454,2676.499559,2676.147248,2676.499559,663.8532741,663.8532741,2.979265554,663.85327,2.995006313,2.75,236.2788833
4/1/15,2.851723733,2680.303124,2679.997585,2680.303124,664.2011188,664.2011188,2.974836169,664.2011244,2.986397481,2.75,236.96
5/1/15,2.839631549,2683.719622,2683.349603,2683.719622,664.5479436,664.5479436,2.97161186,664.5479599,2.980410413,2.75,237.4360068
6/1/15,2.834788652,2687.419864,2687.013467,2687.419864,664.8945588,664.8945588,2.969227919,664.8945829,2.976953751,2.75,237.7117035
7/1/15,2.838185636,2692.242989,2692.027763,2692.242989,665.2425007,665.2425007,2.966900805,665.2425257,2.975160275,2.75,237.855
8/1/15,2.83657838,2698.719662,2699.024423,2698.719662,665.5925683,665.5925683,2.964188259,665.5925849,2.97432885,2.75,237.9214885
9/1/15,2.830729475,2706.146658,2707.008768,2706.146658,665.9426106,665.9426106,2.961992664,665.9426149,2.974378861,2.75,237.9174881
10/1/15,2.834756133,2713.512278,2714.579466,2713.512278,666.2897392,666.2897392,2.961546834,666.2897349,2.975385441,2.75,237.837
11/1/15,2.840251677,2719.915337,2720.583204,2719.915337,666.632397,666.632397,2.963430881,666.632393,2.977100759,2.75,237.6999653
12/1/15,2.851921205,2724.896709,2724.858748,2724.896709,666.974352,666.974352,2.965609572,666.9743544,2.977976241,2.75,237.6300849
1/1/16,2.847528443,2728.107779,2727.492886,2728.107779,667.3207036,667.3207036,2.965383075,667.3207136,2.976136242,2.75,237.777
2/1/16,2.841710589,2729.585013,2728.838546,2729.585013,667.6744223,667.6744223,2.960953861,667.6744368,2.970436611,2.75,238.233243
3/1/16,2.834832013,2730.905192,2730.313229,2730.905192,668.0299625,668.0299625,2.954125007,668.0299774,2.962606202,2.75,238.8629129
4/1/16,2.82283936,2734.030177,2733.600579,2734.030177,668.3796496,668.3796496,2.947571122,668.3796605,2.955058596,2.75,239.473
5/1/16,2.815410046,2740.181529,2739.735668,2740.181529,668.7181719,668.7181719,2.943185862,668.7181749,2.94955356,2.75,239.9199515
6/1/16,2.809381833,2747.619619,2747.159287,2747.619619,669.0496686,669.0496686,2.939899979,669.0496648,2.945402965,2.75,240.2580413
7/1/16,2.81103302,2753.86452,2753.663658,2753.86452,669.3806418,669.3806418,2.935924332,669.3806377,2.941326763,2.75,240.591
8/1/16,2.806372085,2757.299306,2757.773992,2757.299306,669.7162952,669.7162952,2.929920746,669.716301,2.936277437,2.75,241.0047287
9/1/16,2.801684228,2759.759058,2760.94746,2759.759058,670.0566395,670.0566395,2.922290081,670.05666,2.930088117,2.75,241.5138108
10/1/16,2.800244959,2763.941857,2765.374226,2763.941857,670.4003867,670.4003867,2.913857104,670.4004192,2.922812495,2.75,242.115
11/1/16,2.795335083,2771.618001,2772.497494,2771.618001,670.7455435,670.7455435,2.905509992,670.7455792,2.914780099,2.75,242.7822076
12/1/16,2.793039172,2780.846647,2780.772635,2780.846647,671.0872937,671.0872937,2.898433145,671.0873237,2.907406062,2.75,243.3979747
1/1/17,2.777384917,2788.759168,2787.908065,2788.759168,671.4201152,671.4201152,2.893868759,671.4201322,2.902349858,2.75,243.822
2/1/17,2.769654452,2793.318096,2792.286416,2793.318098,671.7411475,671.7411475,2.89250589,671.7411465,2.900588802,2.75,243.9700335
3/1/17,2.770482506,2795.810605,2794.987195,2795.810606,672.058175,672.058175,2.892859411,672.058158,2.900446168,2.75,243.9820311
4/1/17,2.766698203,2798.355025,2797.76413,2798.355025,672.3816435,672.3816435,2.892906687,672.3816201,2.899590858,2.75,244.054
5/1/17,2.764273835,2802.482385,2801.901661,2802.48238,672.7168273,672.7168273,2.891072219,672.7168108,2.896240007,2.75,244.3363621
6/1/17,2.759304303,2807.374493,2806.807082,2807.374486,673.048315,673.048315,2.88756925,673.0483056,2.890787783,2.75,244.7971973
7/1/17,2.765635084,2811.625851,2811.418403,2811.625851,673.355524,673.355524,2.883058055,673.3555041,2.884168696,2.75,245.359
8/1/17,2.75939674,2814.252097,2814.926719,2814.252115,673.6246644,673.6246644,2.878071209,673.6246102,2.877142935,2.75,245.9581477
9/1/17,2.745071447,2815.953404,2817.535474,2815.95343,673.8691184,673.8691184,2.872645298,673.8690436,2.86981081,2.75,246.5865501
10/1/17,2.75,2817.851081,2819.7012,2817.851081,674.1090609,674.1090609,2.866694925,674.1090283,2.862110201,2.75,247.25
11/1/17,2.75,2820.816219,2821.88668,2820.816154,674.3605041,674.3605041,2.860257723,674.3605933,2.85409728,2.75,247.9441581
12/1/17,2.75,2824.71905,2824.579715,2824.718953,674.6228089,674.6228089,2.853853171,674.6229883,2.84629118,2.75,248.6241577
1/1/18,2.75,2829.179589,2828.274357,2829.179589,674.8911731,674.8911731,2.848111691,674.8912681,2.839315293,2.75,249.235
2/1/18,2.75,2833.898322,2833.270053,2833.898568,675.1613176,675.1613176,2.843443405,675.1611067,2.833576454,2.75,249.7397754
3/1/18,2.75,2838.897621,2839.087825,2838.897984,675.4310546,675.4310546,2.839414087,675.4306542,2.828659031,2.75,250.1739303
4/1/18,2.75,2844.280329,2845.054087,2844.280329,675.6987194,675.6987194,2.835386163,675.6986798,2.823951168,2.75,250.591
5/1/18,2.75,2849.972492,2850.557009,2849.971574,675.9645625,675.9645625,2.830929197,675.9655489,2.819012662,2.75,251.0299995
6/1/18,2.75,2855.192964,2855.231778,2855.191609,676.2364967,676.2364967,2.826414329,676.238012,2.814059361,2.75,251.471862
7/1/18,2.75,2858.983804,2858.775335,2858.983804,676.5243501,676.5243501,2.82240659,676.5244159,2.80946609,2.75,251.883
8/1/18,2.75,2860.806986,2861.190843,2860.810411,676.8351789,676.8351789,2.819307215,676.830822,2.805561431,2.75,252.2335599
9/1/18,2.75,2861.804158,2863.706355,2861.809215,677.1649508,677.1649508,2.816885205,677.15415,2.802505284,2.75,252.5086219
10/1/18,2.75,2863.536885,2867.856148,2863.536885,677.5068615,677.5068615,2.814755115,677.4890343,2.8004161,2.75,252.697
11/1/18,2.75,2867.075842,2874.605426,2867.06306,677.8550221,677.8550221,2.812528436,677.8306575,2.799148983,2.75,252.8113907
12/1/18,2.75,2871.528139,2882.643105,2871.509265,678.2072062,678.2072062,2.809795948,678.1763952,2.797504304,2.75,252.9600209
1/1/19,2.75,2875.509994,2890.08903,2875.509994,678.5621026,678.5621026,2.806146185,678.5241714,2.794025258,2.75,253.275
2/1/19,2.75,2878.048513,2895.369241,2878.096215,678.9189545,678.9189545,2.801348618,678.8735221,2.787830817,2.75,253.8377662
3/1/19,2.75,2879.81435,2898.134556,2879.884788,679.2792208,679.2792208,2.795876587,679.2304316,2.780280858,2.75,254.5270724
4/1/19,2.75,2881.889044,2898.341988,2881.889044,679.6449145,679.6449145,2.790371634,679.6024963,2.77326478,2.75,255.171
5/1/19,2.75,2885.04503,2896.33356,2884.806154,680.0166817,680.0166817,2.785333806,679.9938536,2.768148965,2.75,255.6425814
6/1/19,2.75,2888.818317,2893.991341,2888.068637,680.3897009,680.3897009,2.780730723,680.3948055,2.764341912,2.75,255.9946525
7/1/19,2.75,2892.435811,2893.58241,2890.792851,680.7577836,680.7577836,2.776399859,680.7921952,2.760779273,2.75,256.325
8/1/19,2.75,2895.287807,2896.666363,2892.300121,681.116798,681.116798,2.772199439,681.1764019,2.756540761,2.75,256.7191304
9/1/19,2.75,2897.418172,2901.972863,2892.731643,681.4708395,681.4708395,2.76806334,681.5519491,2.751243395,2.75,257.2134288
10/1/19,2.75,2899.034166,2907.524094,2892.433579,681.8260602,681.8260602,2.76394465,681.9268961,2.744642818,2.75,257.832
11/1/19,2.75,2900.361397,2911.639087,2891.737773,682.1872145,682.1872145,2.759873867,682.3075186,2.737312917,2.75,258.5224155
12/1/19,2.75,2901.698872,2913.824277,2890.918782,682.5534665,682.5534665,2.756187704,682.692957,2.733045103,2.75,258.9261137
1/1/20,2.75,2903.363949,2913.882951,2890.236844,682.9225828,682.9225828,2.753295972,683.0805679,2.736407022,2.75,258.608
2/1/20,2.75,2905.475609,2911.816052,2889.78156,683.2928296,683.2928296,2.751415209,683.4682846,2.75,2.75,257.3297262
3/1/20,2.75,2907.359326,2908.415152,2888.95998,683.6644717,683.6644717,2.75,683.8563466,2.75,2.75,255.6399311
4/1/20,2.75,2908.142198,2904.669478,2887.008517,684.0382737,684.0382737,2.75,684.2455697,2.75,2.75,254.284
5/1/20,2.75,2907.288357,2901.485817,2883.47506,684.4148862,684.4148862,2.75,684.6367091,2.75,2.75,253.8169759
6/1/20,2.75,2905.610067,2899.441187,2879.153395,684.7945034,684.7945034,2.75,685.0302763,2.75,2.75,254.0325322
7/1/20,2.75,2904.256625,2899.030167,2875.148783,685.1772056,685.1772056,2.75,685.4267217,2.75,2.75,254.534
8/1/20,2.75,2904.08187,2900.523075,2872.284169,685.5630299,685.5630299,2.75,685.8263499,2.75,2.75,254.9982961
9/1/20,2.75,2904.757803,2903.293196,2870.25324,685.9518402,685.9518402,2.75,686.2288815,2.75,2.75,255.3966808
10/1/20,2.75,2905.660963,2906.489557,2868.467364,686.3434572,686.3434572,2.75,686.6338913,2.75,2.75,255.774
11/1/20,2.75,2906.293842,2909.401504,2866.4716,686.737724,686.737724,2.75,687.0410132,2.75,2.75,256.1663951
12/1/20,2.75,2906.662733,2911.879652,2864.345758,687.1345736,687.1345736,2.75,687.4501179,2.75,2.75,256.575189
1/1/21,2.75,2906.899879,2913.914939,2862.303334,687.5339613,687.5339613,2.75,687.8611354,2.75,2.75,256.993
2/1/21,2.75,2907.125155,2915.533889,2860.515965,687.9358795,687.9358795,2.75,688.2741224,2.75,2.75,257.4134568
3/1/21,2.75,2907.408965,2916.905393,2858.987842,688.3404691,688.3404691,2.75,688.6896431,2.75,2.75,257.8342298
4/1/21,2.75,2907.809347,2918.23393,2857.681294,688.7479081,688.7479081,2.75,689.1083886,2.75,2.75,258.254
5/1/21,2.75,2908.360298,2919.662102,2856.554458,689.1581814,689.1581814,2.75,689.530437,2.75,2.75,258.6718148
6/1/21,2.75,2908.999654,2921.084993,2855.548709,689.5705024,689.5705024,2.75,689.9534139,2.75,2.75,259.0881879
7/1/21,2.75,2909.641212,2922.335809,2854.601231,689.9838914,689.9838914,2.75,690.3743319,2.75,2.75,259.504
8/1/21,2.75,2910.219759,2923.282061,2853.670352,690.3977067,690.3977067,2.75,690.7911975,2.75,2.75,259.9202842
9/1/21,2.75,2910.754036,2923.928489,2852.798984,690.8126591,690.8126591,2.75,691.2059931,2.75,2.75,260.3386851
10/1/21,2.75,2911.283775,2924.31414,2852.051185,691.2297972,691.2297972,2.75,691.621695,2.75,2.75,260.761
11/1/21,2.75,2911.844834,2924.482789,2851.476757,691.6498551,691.6498551,2.75,692.0405874,2.75,2.75,261.1883077
12/1/21,2.75,2912.457577,2924.497135,2851.068487,692.0723078,692.0723078,2.75,692.4621867,2.75,2.75,261.6188125
1/1/22,2.75,2913.138495,2924.424604,2850.804904,692.4963158,692.4963158,2.75,692.8853172,2.75,2.75,262.05
2/1/22,2.75,2913.89485,2924.323553,2850.661428,692.921536,692.921536,2.75,693.3092771,2.75,2.75,262.4799293
3/1/22,2.75,2914.696979,2924.216054,2850.601024,693.3496112,693.3496112,2.75,693.7352596,2.75,2.75,262.9089537
4/1/22,2.75,2915.505992,2924.115109,2850.583548,693.7826807,693.7826807,2.75,694.1649317,2.75,2.75,263.338
5/1/22,2.75,2916.290918,2924.030429,2850.576909,694.2212257,694.2212257,2.75,694.5987346,2.75,2.75,263.7676417
6/1/22,2.75,2917.052468,2923.958561,2850.581248,694.6590943,694.6590943,2.75,695.0322063,2.75,2.75,264.1970392
7/1/22,2.75,2917.799276,2923.892762,2850.604761,695.0884767,695.0884767,2.75,695.4596593,2.75,2.75,264.625
8/1/22,2.75,2918.542162,2923.831844,2850.657187,695.5041464,695.5041464,2.75,695.8772817,2.75,2.75,265.0509855
9/1/22,2.75,2919.300697,2923.796837,2850.754436,695.9112116,695.9112116,2.75,696.288765,2.75,2.75,265.4770746
10/1/22,2.75,2920.096639,2923.814325,2850.913957,696.3173637,696.3173637,2.75,696.6996765,2.75,2.75,265.906
11/1/22,2.75,2920.944189,2923.902899,2851.141762,696.7287,696.7287,2.75,697.1144402,2.75,2.75,266.3396754
12/1/22,2.75,2921.827322,2924.049172,2851.398098,697.1449399,697.1449399,2.75,697.5329075,2.75,2.75,266.7767366
1/1/23,2.75,2922.722454,2924.231762,2851.631774,697.5642084,697.5642084,2.75,697.9537864,2.75,2.75,267.215
2/1/23,2.75,2923.608144,2924.435331,2851.802684,697.9848971,697.9848971,2.75,698.3759509,2.75,2.75,267.6527572
3/1/23,2.75,2924.471512,2924.668711,2851.915071,698.4064636,698.4064636,2.75,698.7989385,2.75,2.75,268.0902011
4/1/23,2.75,2925.301817,2924.946775,2851.984264,698.8286323,698.8286323,2.75,699.2224524,2.75,2.75,268.528
5/1/23,2.75,2926.089305,2925.275454,2852.021051,699.2510848,699.2510848,2.75,699.6460714,2.75,2.75,268.966518
6/1/23,2.75,2926.828163,2925.624905,2852.018048,699.6733321,699.6733321,2.75,700.0688762,2.75,2.75,269.4049033
7/1/23,2.75,2927.513563,2925.956342,2851.963332,700.0948427,700.0948427,2.75,700.4898229,2.75,2.75,269.842
8/1/23,2.75,2928.146041,2926.242102,2851.853273,700.5154098,700.5154098,2.75,700.9083657,2.75,2.75,270.2773188
9/1/23,2.75,2928.747584,2926.499024,2851.717426,700.9361258,700.9361258,2.75,701.3259512,2.75,2.75,270.7130374
10/1/23,2.75,2929.345538,2926.75507,2851.593642,701.3584084,701.3584084,2.75,701.7445242,2.75,2.75,271.152
11/1/23,2.75,2929.959137,2927.032666,2851.509785,701.7833454,701.7833454,2.75,702.1655941,2.75,2.75,271.5961697
12/1/23,2.75,2930.575149,2927.332098,2851.453776,702.2107073,702.2107073,2.75,702.5889298,2.75,2.75,272.0439842
1/1/24,2.75,2931.172228,2927.648112,2851.403552,702.6399351,702.6399351,2.75,703.0138649,2.75,2.75,272.493
2/1/24,2.75,2931.74725,2927.979238,2851.354123,703.0706611,703.0706611,2.75,703.439948,2.75,2.75,272.9414468
3/1/24,2.75,2932.369984,2928.339119,2851.368796,703.503283,703.503283,2.75,703.8675879,2.75,2.75,273.3902479
4/1/24,2.75,2933.128423,2928.745179,2851.527954,703.9383895,703.9383895,2.75,704.2974083,2.75,2.75,273.841
5/1/24,2.75,2934.078342,2929.208788,2851.878157,704.3755636,704.3755636,2.75,704.7290092,2.75,2.75,274.2947469
6/1/24,2.75,2935.146645,2929.7171,2852.330683,704.8103641,704.8103641,2.75,705.1578952,2.75,2.75,274.7503206
7/1/24,2.75,2936.228021,2930.251214,2852.762986,705.2373437,705.2373437,2.75,705.5785473,2.75,2.75,275.206
8/1/24,2.75,2937.242325,2930.793061,2853.10022,705.6530184,705.6530184,2.75,705.9874295,2.75,2.75,275.6607137
9/1/24,2.75,2938.210079,2931.327901,2853.458329,706.0617564,706.0617564,2.75,706.3889382,2.75,2.75,276.1159884
10/1/24,2.75,2939.176973,2931.841821,2854.000955,706.4698892,706.4698892,2.75,706.7894532,2.75,2.75,276.574
11/1/24,2.75,2940.176659,2932.332463,2854.83871,706.8824017,706.8824017,2.75,707.1940111,2.75,2.75,277.0361389
12/1/24,2.75,2941.194628,2932.843665,2855.870096,707.2988925,707.2988925,2.75,707.6022765,2.75,2.75,277.5006518
1/1/25,2.75,2942.204335,2933.430819,2856.940585,707.7176138,707.7176138,2.75,708.0125712,2.75,2.75,277.965
2/1/25,2.75,2943.190568,2934.132908,2857.933864,708.137152,708.137152,2.75,708.4235082,2.75,2.75,278.4276197
3/1/25,2.75,2944.18346,2934.9233,2858.886483,708.557431,708.557431,2.75,708.8348658,2.75,2.75,278.8908487
4/1/25,2.75,2945.224479,2935.758955,2859.873207,708.978709,708.978709,2.75,709.2467134,2.75,2.75,279.358
5/1/25,2.75,2946.340943,2936.604481,2860.94777,709.4007386,709.4007386,2.75,709.658749,2.75,2.75,279.8312712
6/1/25,2.75,2947.503572,2937.455065,2862.079788,709.8212504,709.8212504,2.75,710.0691838,2.75,2.75,280.3083978
7/1/25,2.75,2948.668939,2938.313542,2863.217848,710.2374694,710.2374694,2.75,710.4758573,2.75,2.75,280.786
8/1/25,2.75,2949.804499,2939.181215,2864.323058,710.6476904,710.6476904,2.75,710.8774665,2.75,2.75,281.2614067
9/1/25,2.75,2950.921247,2940.053267,2865.406617,711.0544867,711.0544867,2.75,711.2761388,2.75,2.75,281.7347824
10/1/25,2.75,2952.041063,2940.923351,2866.492249,711.4615017,711.4615017,2.75,711.6748592,2.75,2.75,282.207
11/1/25,2.75,2953.180109,2941.789753,2867.5976,711.8715752,711.8715752,2.75,712.0759933,2.75,2.75,282.6788056
12/1/25,2.75,2954.331673,2942.669294,2868.716015,712.2843344,712.2843344,2.75,712.4794297,2.75,2.75,283.1504358
1/1/26,2.75,2955.483329,2943.583425,2869.83476,712.6986032,712.6986032,2.75,712.8844377,2.75,2.75,283.622
2/1/26,2.75,2956.628943,2944.548042,2870.947359,713.1135213,713.1135213,2.75,713.2903561,2.75,2.75,284.0938154
3/1/26,2.75,2957.787572,2945.556805,2872.072351,713.5294914,713.5294914,2.75,713.6968009,2.75,2.75,284.5670301
4/1/26,2.75,2958.984565,2946.597815,2873.234532,713.9472319,713.9472319,2.75,714.1034576,2.75,2.75,285.043
5/1/26,2.75,2960.234967,2947.659335,2874.448649,714.3664436,714.3664436,2.75,714.5097748,2.75,2.75,285.5225253
6/1/26,2.75,2961.51259,2948.730274,2875.689263,714.7827563,714.7827563,2.75,714.9142544,2.75,2.75,286.0041844
7/1/26,2.75,2962.780939,2949.799702,2876.920889,715.1907819,715.1907819,2.75,715.3151614,2.75,2.75,286.486
8/1/26,2.75,2964.013239,2950.860032,2878.11749,715.5870971,715.5870971,2.75,715.7115189,2.75,2.75,286.9663425
9/1/26,2.75,2965.221597,2951.917047,2879.290826,715.9761376,715.9761376,2.75,716.1053824,2.75,2.75,287.4449729
10/1/26,2.75,2966.427842,2952.979873,2880.462106,716.3643038,716.3643038,2.75,716.4995653,2.75,2.75,287.922
11/1/26,2.75,2967.649893,2954.056551,2881.648739,716.7566777,716.7566777,2.75,716.8963075,2.75,2.75,288.3977715
12/1/26,2.75,2968.890034,2955.150778,2882.852942,717.1530679,717.1530679,2.75,717.295555,2.75,2.75,288.8735907
1/1/27,2.75,2970.146638,2956.265163,2884.073133,717.5519645,717.5519645,2.75,717.69668,2.75,2.75,289.351
2/1/27,2.75,2971.417032,2957.401499,2885.306712,717.952034,717.952034,2.75,718.0990762,2.75,2.75,289.8312753
3/1/27,2.75,2972.694353,2958.558307,2886.547018,718.3526476,718.3526476,2.75,718.5022221,2.75,2.75,290.3146272
4/1/27,2.75,2973.970694,2959.733288,2887.78637,718.7533525,718.7533525,2.75,718.9056177,2.75,2.75,290.801
5/1/27,2.75,2975.239469,2960.923959,2889.018376,719.1534801,719.1534801,2.75,719.3084573,2.75,2.75,291.2901644
6/1/27,2.75,2976.499391,2962.127093,2890.241786,719.5514972,719.5514972,2.75,719.7087138,2.75,2.75,291.7811968
7/1/27,2.75,2977.750498,2963.339276,2891.456637,719.9456546,719.9456546,2.75,720.1040543,2.75,2.75,292.273
8/1/27,2.75,2978.994087,2964.558684,2892.664187,720.3349909,720.3349909,2.75,720.4931379,2.75,2.75,292.7646226
9/1/27,2.75,2980.236495,2965.789843,2893.87059,720.7216963,720.7216963,2.75,720.8785902,2.75,2.75,293.2556966
10/1/27,2.75,2981.485316,2967.038869,2895.083221,721.108749,721.108749,2.75,721.2640287,2.75,2.75,293.746
11/1/27,2.75,2982.74654,2968.310904,2896.307895,721.4985349,721.4985349,2.75,721.652334,2.75,2.75,294.2353453
12/1/27,2.75,2984.019726,2969.607205,2897.544185,721.891071,721.891071,2.75,722.0434396,2.75,2.75,294.7236835
1/1/28,2.75,2985.302826,2970.928059,2898.790102,722.2857821,722.2857821,2.75,722.4365423,2.75,2.75,295.211
2/1/28,2.75,2986.593507,2972.27327,2900.04338,722.6820314,722.6820314,2.75,722.8308657,2.75,2.75,295.6976257
3/1/28,2.75,2987.888295,2973.640723,2901.300645,723.0789356,723.0789356,2.75,723.2257399,2.75,2.75,296.1852731
4/1/28,2.75,2989.183429,2975.02782,2902.558247,723.4755495,723.4755495,2.75,723.6205221,2.75,2.75,296.676
5/1/28,2.75,2990.47548,2976.432014,2903.812855,723.870895,723.870895,2.75,724.0143263,2.75,2.75,297.1712628
6/1/28,2.75,2991.762338,2977.850952,2905.06242,724.2638612,724.2638612,2.75,724.4052948,2.75,2.75,297.6701129
7/1/28,2.75,2993.042224,2979.282327,2906.305215,724.653304,724.653304,2.75,724.7913271,2.75,2.75,298.171
8/1/28,2.75,2994.315998,2980.726329,2907.542076,725.0387066,725.0387066,2.75,725.1712683,2.75,2.75,298.672434
9/1/28,2.75,2995.595086,2982.193123,2908.784097,725.422061,725.422061,2.75,725.5477459,2.75,2.75,299.1731642
10/1/28,2.75,2996.893554,2983.695366,2910.044936,725.8059866,725.8059866,2.75,725.9243331,2.75,2.75,299.672
11/1/28,2.75,2998.221559,2985.241776,2911.334456,726.1925487,726.1925487,2.75,726.3038416,2.75,2.75,300.1680012
12/1/28,2.75,2999.573624,2986.825303,2912.647338,726.5815977,726.5815977,2.75,726.6860368,2.75,2.75,300.6612302
1/1/29,2.75,3000.940362,2988.434959,2913.974469,726.97243,726.97243,2.75,727.0699223,2.75,2.75,301.152
2/1/29,2.75,3002.313499,2990.06137,2915.307813,727.3644579,727.3644579,2.75,727.4547015,2.75,2.75,301.6410428
3/1/29,2.75,3003.689205,2991.701634,2916.643652,727.7575575,727.7575575,2.75,727.8403758,2.75,2.75,302.130767
4/1/29,2.75,3005.064762,2993.354465,2917.979346,728.1517208,728.1517208,2.75,728.2271459,2.75,2.75,302.624
5/1/29,2.75,3006.438007,2995.018214,2919.312795,728.5461254,728.5461254,2.75,728.6142835,2.75,2.75,303.1228275
6/1/29,2.75,3007.808993,2996.689782,2920.64405,728.9366916,728.9366916,2.75,728.9973437,2.75,2.75,303.6263685
7/1/29,2.75,3009.178329,2998.365707,2921.973703,729.3185256,729.3185256,2.75,729.3709523,2.75,2.75,304.133
8/1/29,2.75,3010.547529,3000.044499,2923.303224,729.6886781,729.6886781,2.75,729.7318293,2.75,2.75,304.6411655
9/1/29,2.75,3011.921736,3001.732549,2924.637607,730.0519785,730.0519785,2.75,730.0850708,2.75,2.75,305.1495738
10/1/29,2.75,3013.306998,3003.438218,2925.982725,730.4152007,730.4152007,2.75,730.4378672,2.75,2.75,305.657
11/1/29,2.75,3014.708302,3005.16793,2927.34342,730.7833602,730.7833602,2.75,730.7955862,2.75,2.75,306.1629548
12/1/29,2.75,3016.126382,3006.920348,2928.720405,731.1544384,731.1544384,2.75,731.1563063,2.75,2.75,306.6698917
1/1/30,2.75,3017.56091,3008.692199,2930.113361,731.524658,731.524658,2.75,731.5162834,2.75,2.75,307.181
2/1/30,2.75,3019.008843,3010.479822,2931.519334,731.8922307,731.8922307,2.75,731.8736688,2.75,2.75,307.6984227
3/1/30,2.75,3020.456277,3012.278017,2932.924821,732.2633232,732.2633232,2.75,732.2341947,2.75,2.75,308.2201185
4/1/30,2.75,3021.88659,3014.081202,2934.313685,732.6460909,732.6460909,2.75,732.6054887,2.75,2.75,308.743
5/1/30,2.75,3023.290134,3015.887112,2935.676555,733.0414834,733.0414834,2.75,732.9884137,2.75,2.75,309.2646508
6/1/30,2.75,3024.685138,3017.706763,2937.031133,733.4216265,733.4216265,2.75,733.3567734,2.75,2.75,309.7853381
7/1/30,2.75,3026.096804,3019.554491,2938.401889,733.7514401,733.7514401,2.75,733.6776072,2.75,2.75,310.306
8/1/30,2.75,3027.542754,3021.439459,2939.805936,734.0077406,734.0077406,2.75,733.9291429,2.75,2.75,310.8272703
9/1/30,2.75,3029.010299,3023.35013,2941.230952,734.2149295,734.2149295,2.75,734.1343636,2.75,2.75,311.348566
10/1/30,2.75,3030.479172,3025.269796,2942.657258,734.4093047,734.4093047,2.75,734.327441,2.75,2.75,311.869
11/1/30,2.75,3031.934515,3027.185705,2944.070425,734.6195605,734.6195605,2.75,734.5353929,2.75,2.75,312.388268
12/1/30,2.75,3033.3831,3029.10094,2945.477031,734.8439764,734.8439764,2.75,734.7566205,2.75,2.75,312.9083978
1/1/31,2.75,3034.837108,3031.022547,2946.888903,735.0732284,735.0732284,2.75,734.982371,2.75,2.75,313.432
2/1/31,2.75,3036.306509,3032.954436,2948.315721,735.2998142,735.2998142,2.75,735.2056038,2.75,2.75,313.9608059
3/1/31,2.75,3037.792424,3034.88799,2949.758575,735.5235192,735.5235192,2.75,735.4261277,2.75,2.75,314.4930281
4/1/31,2.75,3039.293764,3036.811462,2951.216407,735.7459506,735.7459506,2.75,735.645464,2.75,2.75,315.026
5/1/31,2.75,3040.809668,3038.716714,2952.688381,735.9678495,735.9678495,2.75,735.8642498,2.75,2.75,315.5576937
6/1/31,2.75,3042.340191,3040.610049,2954.17455,736.186492,736.186492,2.75,736.0795863,2.75,2.75,316.0886379
7/1/31,2.75,3043.885616,3042.501383,2955.675189,736.3982882,736.3982882,2.75,736.2876907,2.75,2.75,316.62
8/1/31,2.75,3045.446166,3044.399008,2957.190515,736.601031,736.601031,2.75,736.4862296,2.75,2.75,317.1524562
9/1/31,2.75,3047.021819,3046.304732,2958.720506,736.7980457,736.7980457,2.75,736.6786676,2.75,2.75,317.6847166
10/1/31,2.75,3048.61249,3048.218741,2960.26508,736.9940408,736.9940408,2.75,736.8699184,2.75,2.75,318.215
11/1/31,2.75,3050.216947,3050.140711,2961.82304,737.19277,737.19277,2.75,737.0639019,2.75,2.75,318.7424814
12/1/31,2.75,3051.829362,3052.068281,2963.388728,737.3941689,737.3941689,2.75,737.2605612,2.75,2.75,319.2701622
1/1/32,2.75,3053.442759,3053.99858,2964.95537,737.5972187,737.5972187,2.75,737.4588454,2.75,2.75,319.802
2/1/32,2.75,3055.051446,3055.928339,2966.517438,737.8010028,737.8010028,2.75,737.6578102,2.75,2.75,320.3406921
3/1/32,2.75,3056.654867,3057.8527,2968.074393,738.0050148,738.0050148,2.75,737.8569384,2.75,2.75,320.8838938
4/1/32,2.75,3058.253751,3059.766409,2969.626942,738.2088506,738.2088506,2.75,738.0558193,2.75,2.75,321.428
5/1/32,2.75,3059.848824,3061.664479,2971.175791,738.4114867,738.4114867,2.75,738.2534364,2.75,2.75,321.9703428
6/1/32,2.75,3061.440812,3063.542992,2972.721643,738.6094212,738.6094212,2.75,738.4463485,2.75,2.75,322.5120034
7/1/32,2.75,3063.030436,3065.398297,2974.265201,738.7985323,738.7985323,2.75,738.6305085,2.75,2.75,323.055
8/1/32,2.75,3064.618513,3067.229887,2975.807256,738.9763513,738.9763513,2.75,738.8034937,2.75,2.75,323.6005292
9/1/32,2.75,3066.206225,3069.049828,2977.348957,739.1470204,739.1470204,2.75,738.9693805,2.75,2.75,324.1465002
10/1/32,2.75,3067.794848,3070.873328,2978.891542,739.3163345,739.3163345,2.75,739.1338698,2.75,2.75,324.69
11/1/32,2.75,3069.38518,3072.712174,2980.435787,739.4888485,739.4888485,2.75,739.3014484,2.75,2.75,325.229318
12/1/32,2.75,3070.976114,3074.56447,2981.980616,739.6641575,739.6641575,2.75,739.4717467,2.75,2.75,325.7675515
1/1/33,2.75,3072.566068,3076.424899,2983.524494,739.8406167,739.8406167,2.75,739.6431812,2.75,2.75,326.309
2/1/33,2.75,3074.153896,3078.288585,2985.066307,740.0169658,740.0169658,2.75,739.8145286,2.75,2.75,326.8566803
3/1/33,2.75,3075.7402,3080.152412,2986.606641,740.1934835,740.1934835,2.75,739.9860079,2.75,2.75,327.408479
4/1/33,2.75,3077.326021,3082.013705,2988.146506,740.3708333,740.3708333,2.75,740.1581985,2.75,2.75,327.961
5/1/33,2.75,3078.910962,3083.868916,2989.685516,740.5483283,740.5483283,2.75,740.3303879,2.75,2.75,328.5117385
6/1/33,2.75,3080.488876,3085.711002,2991.217703,740.7198811,740.7198811,2.75,740.4966956,2.75,2.75,329.0617547
7/1/33,2.75,3082.052181,3087.532044,2992.735704,740.878054,740.878054,2.75,740.6499496,2.75,2.75,329.613
8/1/33,2.75,3083.596359,3089.32806,2994.235133,741.01814,741.01814,2.75,740.7856208,2.75,2.75,330.1666249
9/1/33,2.75,3085.129162,3091.110808,2995.723516,741.1463546,741.1463546,2.75,740.909754,2.75,2.75,330.7205763
10/1/33,2.75,3086.661407,3092.89598,2997.211357,741.271644,741.271644,2.75,741.0310371,2.75,2.75,331.272
11/1/33,2.75,3088.201443,3094.695851,2998.706763,741.4010853,741.4010853,2.75,741.1563449,2.75,2.75,331.8192802
12/1/33,2.75,3089.747741,3096.509029,3000.208251,741.5342802,741.5342802,2.75,741.2852981,2.75,2.75,332.3657548
1/1/34,2.75,3091.296305,3098.330705,3001.711938,741.6689614,741.6689614,2.75,741.4157045,2.75,2.75,332.916
2/1/34,2.75,3092.843522,3100.155931,3003.214317,741.8032637,741.8032637,2.75,741.5457481,2.75,2.75,333.4732912
3/1/34,2.75,3094.387318,3101.979205,3004.713374,741.93693,741.93693,2.75,741.6751197,2.75,2.75,334.0357006
4/1/34,2.75,3095.926006,3103.794884,3006.207472,742.0701052,742.0701052,2.75,741.8038869,2.75,2.75,334.6
5/1/34,2.75,3097.457364,3105.597274,3007.694452,742.2021588,742.2021588,2.75,741.9314116,2.75,2.75,335.1637773
6/1/34,2.75,3098.977036,3107.380468,3009.170085,742.3293583,742.3293583,2.75,742.0542337,2.75,2.75,335.727887
7/1/34,2.75,3100.480131,3109.138502,3010.629621,742.4471957,742.4471957,2.75,742.1681873,2.75,2.75,336.294
8/1/34,2.75,3101.964441,3110.869256,3012.070916,742.5530435,742.5530435,2.75,742.2707163,2.75,2.75,336.8628587
9/1/34,2.75,3103.438481,3112.58597,3013.502239,742.6517957,742.6517957,2.75,742.3657021,2.75,2.75,337.431492
10/1/34,2.75,3104.91345,3114.305723,3014.934464,742.7502268,742.7502268,2.75,742.458636,2.75,2.75,337.996
11/1/34,2.75,3106.398326,3116.041177,3016.376309,742.853031,742.853031,2.75,742.5539212,2.75,2.75,338.5542322
12/1/34,2.75,3107.893213,3117.787319,3017.827875,742.9565809,742.9565809,2.75,742.6516105,2.75,2.75,339.111034
1/1/35,2.75,3109.395997,3119.534718,3019.287109,743.0551686,743.0551686,2.75,742.7506689,2.75,2.75,339.673
2/1/35,2.75,3110.902194,3121.276428,3020.749657,743.1466988,743.1466988,2.75,742.8500105,2.75,2.75,340.2446569
3/1/35,2.75,3112.397845,3123.015455,3022.201964,743.2435257,743.2435257,2.75,742.9483457,2.75,2.75,340.8222608
4/1/35,2.75,3113.866621,3124.75729,3023.628176,743.3616163,743.3616163,2.75,743.0443342,2.75,2.75,341.4
5/1/35,2.75,3115.303898,3126.499685,3025.023801,743.5035856,743.5035856,2.75,743.1369201,2.75,2.75,341.9736957
6/1/35,2.75,3116.751864,3128.209436,3026.429806,743.6186422,743.6186422,2.75,743.2261857,2.75,2.75,342.5457006
7/1/35,2.75,3118.264413,3129.845599,3027.898522,743.6426431,743.6426431,2.75,743.312498,2.75,2.75,343.12
8/1/35,2.75,3119.853012,3131.397911,3029.441084,743.5645092,743.5645092,2.75,743.3985961,2.75,2.75,343.6990787
9/1/35,2.75,3121.359424,3132.97884,3030.903841,743.5854164,743.5854164,2.75,743.4967072,2.75,2.75,344.2794184
10/1/35,2.75,3122.582985,3134.731535,3032.091944,743.9596048,743.9596048,2.75,743.6214309,2.75,2.75,344.856
11/1/35,2.75,3123.411664,3136.741075,3032.896609,744.831173,744.831173,2.75,743.779469,2.75,2.75,345.4258042
12/1/35,2.75,3124.087954,3138.860267,3033.5533,745.9036552,745.9036552,2.75,743.9459331,2.75,2.75,344.856
1/1/36,2.75,3124.942977,3140.883845,3034.383545,746.7704445,746.7704445,2.75,744.088037,2.75,2.75,345.993811
2/1/36,2.75,3126.216904,3142.663324,3035.620554,747.1363354,747.1363354,2.75,744.1821254,2.75,2.75,344.856
3/1/36,2.75,3127.786095,3144.277332,3037.14427,747.1517282,747.1517282,2.75,744.2410657,2.75,2.75,346.567
4/1/36,2.75,3129.435954,3145.861272,3038.746317,747.0784244,747.0784244,2.75,744.2868558,2.75,2.75,347.1501859
5/1/36,2.75,3130.993819,3147.509952,3040.259036,747.1195778,747.1195778,2.75,744.3375408,2.75,2.75,347.7395229
6/1/36,2.75,3132.454749,3149.15579,3041.677629,747.2437504,747.2437504,2.75,744.3953534,2.75,2.75,348.329
7/1/36,2.75,3133.855735,3150.690607,3043.038015,747.3608563,747.3608563,2.75,744.4585732,2.75,2.75,348.914304
8/1/36,2.75,3135.238469,3152.070822,3044.380678,747.4145315,747.4145315,2.75,744.5300198,2.75,2.75,349.4979123
9/1/36,2.75,3136.663455,3153.511252,3045.764369,747.4832987,747.4832987,2.75,744.6306716,2.75,2.75,350.084
10/1/36,2.75,3138.1959,3155.291314,3047.252404,747.6794028,747.6794028,2.75,744.7860469,2.75,2.75,350.6751535
11/1/36,2.75,3139.872055,3157.576189,3048.879985,748.0699654,748.0699654,2.75,745.0065573,2.75,2.75,351.2676055
12/1/36,2.75,3141.612348,3160.07411,3050.569845,748.5416172,748.5416172,2.75,745.2421869,2.75,2.75,351.856
1/1/37,2.75,3143.308253,3162.379078,3052.216604,748.9358657,748.9358657,2.75,745.4278131,2.75,2.75,352.4371188
2/1/37,2.75,3144.880253,3164.197369,3053.743048,749.1377546,749.1377546,2.75,745.5167581,2.75,2.75,353.0162952
3/1/37,2.75,3146.36487,3165.68438,3055.184641,749.2064712,749.2064712,2.75,745.5361234,2.75,2.75,353.601
4/1/37,2.75,3147.827635,3167.107786,3056.605016,749.2447386,749.2447386,2.75,745.5314551,2.75,2.75,354.1963711
5/1/37,2.75,3149.316793,3168.661237,3058.051019,749.3302398,749.3302398,2.75,745.5400664,2.75,2.75,354.7982138
6/1/37,2.75,3150.811442,3170.242282,3059.502354,749.4404964,749.4404964,2.75,745.5663374,2.75,2.75,355.4
7/1/37,2.75,3152.273391,3171.674444,3060.921936,749.5279895,749.5279895,2.75,745.6064154,2.75,2.75,355.9970633
8/1/37,2.75,3153.685114,3172.880248,3062.292748,749.5699693,749.5699693,2.75,745.6631705,2.75,2.75,356.592183
9/1/37,2.75,3155.111741,3174.178232,3063.678032,749.6427613,749.6427613,2.75,745.7663657,2.75,2.75,357.19
10/1/37,2.75,3156.639063,3175.985938,3065.161093,749.8474597,749.8474597,2.75,745.9524868,2.75,2.75,357.7933387
11/1/37,2.75,3158.319478,3178.549744,3066.79281,750.2423303,750.2423303,2.75,746.2356768,2.75,2.75,358.3977579
12/1/37,2.75,3160.071804,3181.431381,3068.494354,750.7143247,750.7143247,2.75,746.5407061,2.75,2.75,358.997
1/1/38,2.75,3161.781462,3184.021418,3070.154467,751.107566,751.107566,2.75,746.7700016,2.75,2.75,359.5873227
2/1/38,2.75,3163.364199,3185.878948,3071.691337,751.3091896,751.3091896,2.75,746.8537824,2.75,2.75,360.1750447
3/1/38,2.75,3164.857057,3187.237167,3073.140933,751.3783802,751.3783802,2.75,746.8334345,2.75,2.75,360.769
4/1/38,2.75,3166.327404,3188.497794,3074.56867,751.4173346,751.4173346,2.75,746.7781357,2.75,2.75,361.3753336
5/1/38,2.75,3167.824912,3189.954651,3076.022781,751.5033112,751.5033112,2.75,746.7445348,2.75,2.75,361.9894338
6/1/38,2.75,3169.328474,3191.469958,3077.482771,751.6138136,751.6138136,2.75,746.7391642,2.75,2.75,362.604
7/1/38,2.75,3170.799288,3192.798035,3078.910961,751.7014068,751.7014068,2.75,746.7560274,2.75,2.75,363.2137134
8/1/38,2.75,3172.219417,3193.827063,3080.289935,751.7434491,751.7434491,2.75,746.7980425,2.75,2.75,363.821183
9/1/38,2.75,3173.654394,3194.980657,3081.683327,751.8164727,751.8164727,2.75,746.9037871,2.75,2.75,364.431
10/1/38,2.75,3175.190617,3196.816292,3083.175031,752.0218033,752.0218033,2.75,747.1207536,2.75,2.75,365.0460722
11/1/38,2.75,3176.880873,3199.662617,3084.816304,752.4178284,752.4178284,2.75,747.4668306,2.75,2.75,365.6625749
12/1/38,2.75,3178.643503,3202.932972,3086.527854,752.8911829,752.8911829,2.75,747.8414917,2.75,2.75,366.275
1/1/39,2.75,3180.363237,3205.811872,3088.197751,753.2855636,753.2855636,2.75,748.1146068,2.75,2.75,366.8800347
2/1/39,2.75,3181.955306,3207.709286,3089.743682,753.4877931,753.4877931,2.75,748.1932133,2.75,2.75,367.483147
3/1/39,2.75,3183.456946,3208.937002,3091.201805,753.5571979,753.5571979,2.75,748.1330194,2.75,2.75,368.092
4/1/39,2.75,3184.935896,3210.032267,3092.637896,753.5962304,753.5962304,2.75,748.0269009,2.75,2.75,368.711826
5/1/39,2.75,3186.442119,3211.390343,3094.100469,753.6823618,753.6823618,2.75,747.9509061,2.75,2.75,369.3381335
6/1/39,2.75,3187.954478,3212.838571,3095.569001,753.7931386,753.7931386,2.75,747.9137729,2.75,2.75,369.964
7/1/39,2.75,3189.434061,3214.06231,3097.005707,753.8811263,753.8811263,2.75,747.9074119,2.75,2.75,370.5846242
8/1/39,2.75,3190.862851,3214.915181,3098.393092,753.9236475,753.9236475,2.75,747.9347996,2.75,2.75,371.2036893
9/1/39,2.75,3192.306411,3215.923856,3099.794818,753.9970532,753.9970532,2.75,748.0431767,2.75,2.75,371.827
10/1/39,2.75,3193.851198,3217.783266,3101.294837,754.202452,754.202452,2.75,748.2908501,2.75,2.75,372.4580477
11/1/39,2.75,3195.550214,3220.904501,3102.944617,754.5982923,754.5982923,2.75,748.6994198,2.75,2.75,373.0910721
12/1/39,2.75,3197.322644,3224.563274,3104.665683,755.0723839,755.0723839,2.75,749.1436587,2.75,2.75,373.718
1/1/40,2.75,3199.054218,3227.751452,3106.347076,755.4698767,755.4698767,2.75,749.461633,2.75,2.75,374.3337777
2/1/40,2.75,3200.660022,3229.731314,3107.906345,755.6776681,755.6776681,2.75,749.5373024,2.75,2.75,374.9454296
3/1/40,2.75,3202.172574,3230.84678,3109.375064,755.7496457,755.7496457,2.75,749.4382005,2.75,2.75,375.563
4/1/40,2.75,3203.65375,3231.712178,3110.813316,755.7814444,755.7814444,2.75,749.2777544,2.75,2.75,376.1936194
5/1/40,2.75,3205.152483,3232.812837,3112.268616,755.8492566,755.8492566,2.75,749.1507966,2.75,2.75,376.8327649
6/1/40,2.75,3206.665941,3234.118075,3113.738215,755.9515042,755.9515042,2.75,749.0777822,2.75,2.75,377.473
7/1/40,2.75,3208.178351,3235.468208,3115.206796,756.0671665,756.0671665,2.75,749.0605717,2.75,2.75,378.1087075
8/1/40,2.75,3209.676529,3236.729353,3116.661557,756.1791112,756.1791112,2.75,749.1047445,2.75,2.75,378.7415477
9/1/40,2.75,3211.157642,3237.87083,3118.099748,756.2857602,756.2857602,2.75,749.2307557,2.75,2.75,379.375
10/1/40,2.75,3212.621447,3238.887756,3119.521133,756.3894239,756.3894239,2.75,749.462779,2.75,2.75,380.01218
11/1/40,2.75,3212.621447,3238.887756,3119.521133,756.3894239,756.3894239,2.75,749.462779,2.75,2.75,380.6547479
12/1/40,2.75,3212.621447,3238.887756,3119.521133,756.3894239,756.3894239,2.75,749.462779,2.75,2.75,381.304