month,week,sat,sun,sat_alt,sun_alt,weekdays,saturdays,sundays,dum_911_base,supersandy,summer_of_hell,end_close,mon,dummy_1,dummy_2,dummy_3,dummy_4,dummy_5,dummy_6,dummy_7,dummy_8,dummy_9,dummy_10,dummy_11,dummy_12,pop_hudson,real_fare,sun_x_avg,sat_x_avg,week_x_avg,man_hud,avg_wkdayholminor_tstile,avg_satholmajor_tstile,avg_sun_tstile
1/1/1996,NA,NA,NA,NA,NA,21,4,6,0,0,0,0,1,1,0,0,0,0,0,0,0,0,0,0,0,582.4916101,1.635770631,NA,NA,NA,2207.043523,NA,NA,NA
2/1/1996,NA,NA,NA,NA,NA,20,4,5,0,0,0,0,2,0,1,0,0,0,0,0,0,0,0,0,0,583.0112051,1.626885938,NA,NA,NA,2214.709727,NA,NA,NA
3/1/1996,NA,NA,NA,NA,NA,21,5,5,0,0,0,0,3,0,0,1,0,0,0,0,0,0,0,0,0,583.5419831,1.619069069,NA,NA,NA,2223.641852,NA,NA,NA
4/1/1996,NA,NA,NA,NA,NA,22,4,4,0,0,0,0,4,0,0,0,1,0,0,0,0,0,0,0,0,584.0658705,1.623945783,NA,NA,NA,2230.936646,NA,NA,NA
5/1/1996,NA,NA,NA,NA,NA,22,4,5,0,0,0,0,5,0,0,0,0,1,0,0,0,0,0,0,0,584.5733505,1.620042067,NA,NA,NA,2234.57889,NA,NA,NA
6/1/1996,NA,NA,NA,NA,NA,20,5,5,0,0,0,0,6,0,0,0,0,0,1,0,0,0,0,0,0,585.0891333,1.619069069,NA,NA,NA,2236.105505,NA,NA,NA
7/1/1996,NA,NA,NA,NA,NA,22,4,5,0,0,0,0,7,0,0,0,0,0,0,1,0,0,0,0,0,585.6464858,1.617126575,NA,NA,NA,2237.941451,NA,NA,NA
8/1/1996,NA,NA,NA,NA,NA,22,5,4,0,0,0,0,8,0,0,0,0,0,0,0,1,0,0,0,0,586.2676666,1.61229067,NA,NA,NA,2241.887717,NA,NA,NA
9/1/1996,NA,NA,NA,NA,NA,20,4,6,0,0,0,0,9,0,0,0,0,0,0,0,0,1,0,0,0,586.9308999,1.602705113,NA,NA,NA,2247.249425,NA,NA,NA
10/1/1996,NA,NA,NA,NA,NA,22,4,5,0,0,0,0,10,0,0,0,0,0,0,0,0,0,1,0,0,587.6034016,1.602705113,NA,NA,NA,2252.70773,NA,NA,NA
11/1/1996,NA,NA,NA,NA,NA,18,5,7,0,0,0,0,11,0,0,0,0,0,0,0,0,0,0,1,0,588.2591831,1.600801663,NA,NA,NA,2257.253879,NA,NA,NA
12/1/1996,NA,NA,NA,NA,NA,21,4,6,0,0,0,0,12,0,0,0,0,0,0,0,0,0,0,0,1,588.8994385,1.599851632,NA,NA,NA,2261.119489,NA,NA,NA
1/1/1997,NA,NA,NA,NA,NA,21,4,6,0,0,0,0,1,1,0,0,0,0,0,0,0,0,0,0,0,589.5321576,1.594175044,NA,NA,NA,2264.846268,NA,NA,NA
2/1/1997,NA,NA,NA,NA,NA,19,4,5,0,0,0,0,2,0,1,0,0,0,0,0,0,0,0,0,0,590.1656416,1.584803057,NA,NA,NA,2268.909127,NA,NA,NA
3/1/1997,NA,NA,NA,NA,NA,21,5,5,0,0,0,0,3,0,0,1,0,0,0,0,0,0,0,0,0,590.8094382,1.579232572,NA,NA,NA,2273.51578,NA,NA,NA
4/1/1997,NA,NA,NA,NA,NA,22,4,4,0,0,0,0,4,0,0,0,1,0,0,0,0,0,0,0,0,591.4734062,1.583871915,NA,NA,NA,2278.807143,NA,NA,NA
5/1/1997,NA,NA,NA,NA,NA,21,5,5,0,0,0,0,5,0,0,0,0,1,0,0,0,0,0,0,0,592.1581018,1.586668629,NA,NA,NA,2284.822946,NA,NA,NA
6/1/1997,NA,NA,NA,NA,NA,21,4,5,0,0,0,0,6,0,0,0,0,0,1,0,0,0,0,0,0,592.8268688,1.582941867,NA,NA,NA,2291.198186,NA,NA,NA
7/1/1997,NA,NA,NA,NA,NA,22,4,5,0,0,0,0,7,0,0,0,0,0,0,1,0,0,0,0,0,593.4337482,1.578307963,NA,NA,NA,2297.466673,NA,NA,NA
8/1/1997,NA,NA,NA,NA,NA,21,5,5,0,0,0,0,8,0,0,0,0,0,0,0,1,0,0,0,0,593.9476044,1.578307963,NA,NA,NA,2303.272632,NA,NA,NA
9/1/1997,NA,NA,NA,NA,NA,21,4,5,0,0,0,0,9,0,0,0,0,0,0,0,0,1,0,0,0,594.3965965,1.570034945,NA,NA,NA,2308.70194,NA,NA,NA
10/1/1997,NA,NA,NA,NA,NA,22,4,5,0,0,0,0,10,0,0,0,0,0,0,0,0,0,1,0,0,594.8237071,1.564567615,NA,NA,NA,2313.950886,NA,NA,NA
11/1/1997,NA,NA,NA,NA,NA,17,5,8,0,0,0,0,11,0,0,0,0,0,0,0,0,0,0,1,0,595.2630831,1.567296512,NA,NA,NA,2319.208344,NA,NA,NA
12/1/1997,NA,NA,NA,NA,NA,22,4,5,0,0,0,0,12,0,0,0,0,0,0,0,0,0,0,0,1,595.7135283,1.568208261,NA,NA,NA,2324.633528,NA,NA,NA
1/1/1998,NA,NA,NA,NA,NA,20,5,6,0,0,0,0,1,1,0,0,0,0,0,0,0,0,0,0,0,596.1650109,1.566385822,NA,NA,NA,2330.378234,NA,NA,NA
2/1/1998,NA,NA,NA,NA,NA,19,4,5,0,0,0,0,2,0,1,0,0,0,0,0,0,0,0,0,0,596.6096133,1.560943833,NA,NA,NA,2336.591297,NA,NA,NA
3/1/1998,NA,NA,NA,NA,NA,22,4,5,0,0,0,0,3,0,0,1,0,0,0,0,0,0,0,0,0,597.0478751,1.558236994,NA,NA,NA,2343.4097,NA,NA,NA
4/1/1998,NA,NA,NA,NA,NA,22,4,4,0,0,0,0,4,0,0,0,1,0,0,0,0,0,0,0,0,597.4824502,1.558236994,NA,NA,NA,2350.96746,NA,NA,NA
5/1/1998,NA,NA,NA,NA,NA,20,5,6,0,0,0,0,5,0,0,0,0,1,0,0,0,0,0,0,0,597.9165738,1.558236994,NA,NA,NA,2359.132084,NA,NA,NA
6/1/1998,NA,NA,NA,NA,NA,22,4,4,0,0,0,0,6,0,0,0,0,0,1,0,0,0,0,0,0,598.3558053,1.5573368,NA,NA,NA,2366.70503,NA,NA,NA
7/1/1998,NA,NA,NA,NA,NA,22,4,5,0,0,0,0,7,0,0,0,0,0,0,1,0,0,0,0,0,598.8062855,1.552851382,NA,NA,NA,2372.221243,NA,NA,NA
8/1/1998,NA,NA,NA,NA,NA,21,5,5,0,0,0,0,8,0,0,0,0,0,0,0,1,0,0,0,0,599.272145,1.54750287,NA,NA,NA,2374.891747,NA,NA,NA
9/1/1998,NA,NA,NA,NA,NA,21,4,5,0,0,0,0,9,0,0,0,0,0,0,0,0,1,0,0,0,599.749474,1.545728211,NA,NA,NA,2376.631887,NA,NA,NA
10/1/1998,NA,NA,NA,NA,NA,21,5,5,0,0,0,0,10,0,0,0,0,0,0,0,0,0,1,0,0,600.2323528,1.542191076,NA,NA,NA,2380.033084,NA,NA,NA
11/1/1998,NA,NA,NA,NA,NA,18,4,8,0,0,0,0,11,0,0,0,0,0,0,0,0,0,0,1,0,600.71554,1.543073841,NA,NA,NA,2386.738911,NA,NA,NA
12/1/1998,NA,NA,NA,NA,NA,22,4,5,0,0,0,0,12,0,0,0,0,0,0,0,0,0,0,0,1,601.1965078,1.543073841,NA,NA,NA,2394.601531,NA,NA,NA
1/1/1999,NA,NA,NA,NA,NA,19,5,7,0,0,0,0,1,1,0,0,0,0,0,0,0,0,0,0,0,601.6734067,1.540428571,NA,NA,NA,2400.525256,NA,NA,NA
2/1/1999,NA,NA,NA,NA,NA,19,4,5,0,0,0,0,2,0,1,0,0,0,0,0,0,0,0,0,0,602.1454032,1.539548829,NA,NA,NA,2402.48411,NA,NA,NA
3/1/1999,NA,NA,NA,NA,NA,23,4,4,0,0,0,0,3,0,0,1,0,0,0,0,0,0,0,0,0,602.6157268,1.536039886,NA,NA,NA,2402.730962,NA,NA,NA
4/1/1999,NA,NA,NA,NA,NA,22,4,4,0,0,0,0,4,0,0,0,1,0,0,0,0,0,0,0,0,603.0886231,1.531676136,NA,NA,NA,2404.588391,NA,NA,NA
5/1/1999,NA,NA,NA,NA,NA,20,5,6,0,0,0,0,5,0,0,0,0,1,0,0,0,0,0,0,0,603.5684455,1.53080636,NA,NA,NA,2410.332491,NA,NA,NA
6/1/1999,NA,NA,NA,NA,NA,22,4,4,0,0,0,0,6,0,0,0,0,0,1,0,0,0,0,0,0,604.0599797,1.524745475,NA,NA,NA,2418.053416,NA,NA,NA
7/1/1999,NA,NA,NA,NA,NA,21,5,5,0,0,0,0,7,0,0,0,0,0,0,1,0,0,0,0,0,604.5681194,1.521303612,NA,NA,NA,2424.794835,NA,NA,NA
8/1/1999,NA,NA,NA,NA,NA,22,4,5,0,0,0,0,8,0,0,0,0,0,0,0,1,0,0,0,0,605.0953234,1.517877252,NA,NA,NA,2428.607953,NA,NA,NA
9/1/1999,NA,NA,NA,NA,NA,21,4,5,0,0,0,0,9,0,0,0,0,0,0,0,0,1,0,0,0,605.6343102,1.512766554,NA,NA,NA,2431.574124,NA,NA,NA
10/1/1999,NA,NA,NA,NA,NA,20,5,6,0,0,0,0,10,0,0,0,0,0,0,0,0,0,1,0,0,606.1753633,1.506847401,NA,NA,NA,2436.782242,NA,NA,NA
11/1/1999,NA,NA,NA,NA,NA,19,4,7,0,0,0,0,11,0,0,0,0,0,0,0,0,0,0,1,0,606.7107535,1.507690157,NA,NA,NA,2446.420218,NA,NA,NA
12/1/1999,NA,NA,NA,NA,NA,21,4,6,0,0,0,0,12,0,0,0,0,0,0,0,0,0,0,0,1,607.2407007,1.509378499,NA,NA,NA,2459.072046,NA,NA,NA
1/1/2000,232710,85325.66667,60462,NA,NA,20,6,5,0,0,0,0,1,1,0,0,0,0,0,0,0,0,0,0,0,607.7674125,1.503485778,NA,NA,NA,2472.42074,NA,NA,NA
2/1/2000,244019,94431.8,65227,NA,NA,20,5,4,0,0,0,0,2,0,1,0,0,0,0,0,0,0,0,0,0,608.2910144,1.493490305,NA,NA,NA,2484.391829,NA,NA,NA
3/1/2000,247544,99765,68909,NA,NA,23,4,4,0,0,0,0,3,0,0,1,0,0,0,0,0,0,0,0,0,608.803305,1.485261708,NA,NA,NA,2493.880902,NA,NA,NA
4/1/2000,245914,100145,67410,NA,NA,20,5,5,0,0,0,0,4,0,0,0,1,0,0,0,0,0,0,0,0,609.2940014,1.486080485,NA,NA,NA,2500.026064,NA,NA,NA
5/1/2000,257985,92609.4,75643,NA,NA,22,5,4,0,0,0,0,5,0,0,0,0,1,0,0,0,0,0,0,0,609.75897,1.486080485,NA,NA,NA,2502.597863,NA,NA,NA
6/1/2000,260820,102604,77873,NA,NA,22,4,4,0,0,0,0,6,0,0,0,0,0,1,0,0,0,0,0,0,610.2186756,1.481181319,NA,NA,NA,2503.896615,NA,NA,NA
7/1/2000,250338,105842,72115,NA,NA,20,6,5,0,0,0,0,7,0,0,0,0,0,0,1,0,0,0,0,0,610.6997325,1.474699125,NA,NA,NA,2506.855078,NA,NA,NA
8/1/2000,253989,102662,76739,NA,NA,23,4,4,0,0,0,0,8,0,0,0,0,0,0,0,1,0,0,0,0,611.2215048,1.472282906,NA,NA,NA,2513.385351,NA,NA,NA
9/1/2000,267337,102789.5,80405,NA,NA,20,6,4,0,0,0,0,9,0,0,0,0,0,0,0,0,1,0,0,0,611.7743553,1.461903471,NA,NA,NA,2521.316887,NA,NA,NA
10/1/2000,267080.9545,112181,78463,NA,NA,22,4,5,0,0,0,0,10,0,0,0,0,0,0,0,0,0,1,0,0,612.3413967,1.46031961,NA,NA,NA,2527.458483,NA,NA,NA
11/1/2000,266352.3132,112571.4559,72218,NA,NA,20,6,4,0,0,0,0,11,0,0,0,0,0,0,0,0,0,0,1,0,612.9072349,1.46031961,NA,NA,NA,2529.281486,NA,NA,NA
12/1/2000,256185,91876.83333,74820,NA,NA,20,6,5,0,0,0,0,12,0,0,0,0,0,0,0,0,0,0,0,1,613.4624491,1.463490771,NA,NA,NA,2526.907464,NA,NA,NA
1/1/2001,258328,93508,64854,NA,NA,21,6,4,0,0,0,0,1,1,0,0,0,0,0,0,0,0,0,0,0,613.9991116,1.457950243,NA,NA,NA,2521.120539,NA,NA,NA
2/1/2001,259913,99738.8,64644,NA,NA,19,5,4,0,0,0,0,2,0,1,0,0,0,0,0,0,0,0,0,0,614.5170427,1.454803022,NA,NA,NA,2512.958561,NA,NA,NA
3/1/2001,260170,108856,71413,NA,NA,22,5,4,0,0,0,0,3,0,0,1,0,0,0,0,0,0,0,0,0,615.0470543,1.446217811,NA,NA,NA,2504.47429,NA,NA,NA
4/1/2001,259015,105199,72270,NA,NA,21,4,5,0,0,0,0,4,0,0,0,1,0,0,0,0,0,0,0,0,615.6277061,2.167001608,NA,NA,NA,2497.974214,NA,NA,NA
5/1/2001,260982,94160.6,76338,NA,NA,22,5,4,0,0,0,0,5,0,0,0,0,1,0,0,0,0,0,0,0,616.2653521,2.15890283,NA,NA,NA,2494.413849,NA,NA,NA
6/1/2001,262492,95778,78275,NA,NA,21,5,4,0,0,0,0,6,0,0,0,0,0,1,0,0,0,0,0,0,616.8375233,2.1474376,NA,NA,NA,2489.34482,NA,NA,NA
7/1/2001,254760,100510,72905,NA,NA,21,5,5,0,0,0,0,7,0,0,0,0,0,0,1,0,0,0,0,0,617.189545,2.153154952,NA,NA,NA,2476.967778,NA,NA,NA
8/1/2001,250885,97968,74795,NA,NA,23,4,4,0,0,0,0,8,0,0,0,0,0,0,0,1,0,0,0,0,617.2204742,2.149720893,NA,NA,NA,2453.832254,NA,NA,NA
9/1/2001,202934,93006.16667,72466,NA,NA,19,6,5,1,0,0,0,9,0,0,0,0,0,0,0,0,1,0,0,0,617.044294,2.150864362,NA,NA,NA,2425.883296,NA,NA,NA
10/1/2001,208724.5652,89945,66140,NA,NA,23,4,4,1,0,0,0,10,0,0,0,0,0,0,0,0,0,1,0,0,616.8287192,2.153154952,NA,NA,NA,2401.414833,NA,NA,NA
11/1/2001,196112.1782,80549.23924,63770,NA,NA,20,6,4,1,0,0,0,11,0,0,0,0,0,0,0,0,0,0,1,0,616.7043437,2.153154952,NA,NA,NA,2386.687017,NA,NA,NA
12/1/2001,178241,89199.83333,66571,NA,NA,20,6,5,1,0,0,0,12,0,0,0,0,0,0,0,0,0,0,0,1,616.6532786,2.15890283,NA,NA,NA,2379.824904,NA,NA,NA
1/1/2002,181507,75046.66667,54022,77547,54022,21,6,4,1,0,0,0,1,1,0,0,0,0,0,0,0,0,0,0,0,616.620514,2.145159151,0,0,0,2376.919774,181507,77547,54022
2/1/2002,179839,82211.4,57610,83041,57610,19,5,4,1,0,0,0,2,0,1,0,0,0,0,0,0,0,0,0,0,616.5618962,2.129344392,0,0,0,2374.669193,179839,83041,57610
3/1/2002,177386,89899,57979,89899,57979,21,5,5,1,0,0,0,3,0,0,1,0,0,0,0,0,0,0,0,0,616.476695,2.115973312,0,0,0,2372.195864,177386,89899,57979
4/1/2002,182462,86839,60076,86839,60076,22,4,4,1,0,0,0,4,0,0,0,1,0,0,0,0,0,0,0,0,616.3750366,2.108250782,0,0,0,2369.228776,182462,86839,60076
5/1/2002,176503,77315.2,62811,81898,62811,22,5,4,1,0,0,0,5,0,0,0,0,1,0,0,0,0,0,0,0,616.2676099,2.11265674,0,0,0,2365.606291,176502,81898,62811
6/1/2002,175940,83420,66756,83420,66756,20,5,5,1,0,0,0,6,0,0,0,0,0,1,0,0,0,0,0,0,616.1673562,2.111553525,0,0,0,2361.604263,175940,83420,66756
7/1/2002,169371,76503,60934,80263,60934,22,5,4,1,0,0,0,7,0,0,0,0,0,0,1,0,0,0,0,0,616.0877802,2.106054688,0,0,0,2357.60792,169371,80263,60934
8/1/2002,168532,78132,64622,78131,64622,22,5,4,1,0,0,0,8,0,0,0,0,0,0,0,1,0,0,0,0,616.0375587,2.094057483,0,0,0,2353.941384,168532,78131,64622
9/1/2002,176328,83911.8,63358,89599,63358,20,5,5,1,0,0,0,9,0,0,0,0,0,0,0,0,1,0,0,0,616.0060583,2.091890843,0,0,0,2350.684351,176328,89599,63358
10/1/2002,168429.5652,80731,63646,80731,63646,23,4,4,1,0,0,0,10,0,0,0,0,0,0,0,0,0,1,0,0,615.9778183,2.087570986,0,0,0,2347.855414,170083,80731,63646
11/1/2002,167672.483,82316.11755,61844,83538,61843,19,7,4,1,0,0,0,11,0,0,0,0,0,0,0,0,0,0,1,0,615.9375347,2.090809204,0,0,0,2345.31902,168713,83538,61843
12/1/2002,157958,88170,67300,90845,67300,21,5,5,1,0,0,0,12,0,0,0,0,0,0,0,0,0,0,0,1,615.8705318,2.094057483,0,0,0,2342.323049,161982,90845,67300
1/1/2003,160170,71655.33333,51824,71488,51824,21,6,4,1,0,0,0,1,1,0,0,0,0,0,0,0,0,0,0,0,615.7622906,2.076848998,0,0,0,2337.961239,160048,71488,51824
2/1/2003,160867,62116.2,52513,71921,52513,19,5,4,1,0,0,0,2,0,1,0,0,0,0,0,0,0,0,0,0,615.6094276,2.060970948,0,0,0,2331.811553,160867,71921,52513
3/1/2003,160269,84040,57064,84040,57064,21,5,5,1,0,0,0,3,0,0,1,0,0,0,0,0,0,0,0,0,615.4531,2.051560122,0,0,0,2325.388861,160269,84040,57064
4/1/2003,157178,76129,59661,76129,59661,22,4,4,1,0,0,0,4,0,0,0,1,0,0,0,0,0,0,0,0,615.3456007,2.055732079,0,0,0,2320.692263,157178,76129,59661
5/1/2003,157661,70609.66667,59529,75650,59529,21,6,4,1,0,0,0,5,0,0,0,0,1,0,0,0,0,0,0,0,615.3230361,2.0546875,0,0,0,2319.189679,157661,75650,59529
6/1/2003,157628,75878,63435,75878,63435,21,4,5,1,0,0,0,6,0,0,0,0,0,1,0,0,0,0,0,0,615.3567686,2.053643982,0,0,0,2320.224324,161773,75878,63435
7/1/2003,159115.5455,78291.4,59233,78959,59233,22,5,4,1,0,0,0,7,0,0,0,0,0,0,1,0,0,0,0,0,615.4019745,2.045333839,0,0,0,2322.608238,159151,78959,59233
8/1/2003,144234.4286,73522.4,60693,73561,60693,21,5,5,1,0,0,0,8,0,0,0,0,0,0,0,1,0,0,0,0,615.4224378,2.030951783,0,0,0,2325.142894,144250,73561,60693
9/1/2003,159563.1905,76001,63114.75,80677,63307,21,5,4,1,0,0,0,9,0,0,0,0,0,0,0,0,1,0,0,0,615.4163735,2.025864228,0,0,0,2326.587501,159573,80677,63307
10/1/2003,159225.3043,81679,60430,81679,60482,23,4,4,1,0,0,0,10,0,0,0,0,0,0,0,0,0,1,0,0,615.3906044,2.0218125,0,0,0,2325.6907,160130,81679,60482
11/1/2003,161795.4444,88218.71429,62725,86242,62725,18,7,5,1,0,0,0,11,0,0,0,0,0,0,0,0,0,0,1,0,615.3525226,2.027896189,0,0,0,2321.919992,163070,86242,62725
12/1/2003,172311.0909,86788.2,62275.75,87730,62313,22,5,4,1,0,0,0,12,0,0,0,0,0,0,0,0,0,0,0,1,615.3117987,2.028913698,0,0,0,2317.618306,176505,87730,62313
1/1/2004,177525.4,75804,49634,74050,49634,20,7,4,1,0,0,0,1,1,0,0,0,0,0,0,0,0,0,0,0,615.2786724,2.022823912,0,0,0,2315.847427,177570,74050,49634
2/1/2004,191287.4211,87300,60970,88649,60970,19,5,5,0,0,0,0,2,0,1,0,0,0,0,0,0,0,0,0,0,615.2597305,2.010753357,0,0,0,2318.648713,191291,88649,60970
3/1/2004,189024.1304,91208,64254,91208,64254,23,4,4,0,0,0,0,3,0,0,1,0,0,0,0,0,0,0,0,0,615.2469468,1.988016224,0,0,0,2323.981811,189097,91208,64254
4/1/2004,190263,96222,64828.75,96222,64910,22,4,4,0,0,0,0,4,0,0,0,1,0,0,0,0,0,0,0,0,615.2286419,1.982169118,0,0,0,2328.785939,190263,96222,64910
5/1/2004,194556,85723,67675,91377,67675,20,6,5,0,0,0,0,5,0,0,0,0,1,0,0,0,0,0,0,0,615.1973535,1.978290117,0,0,0,2330.754938,194556,91377,67675
6/1/2004,199902,90659,74653,90659,74653,22,4,4,0,0,0,0,6,0,0,0,0,0,1,0,0,0,0,0,0,615.1624884,1.962924757,0,0,0,2330.601143,199902,90659,74653
7/1/2004,195774.0476,84863.66667,68117,88593,68117,21,6,4,0,0,0,0,7,0,0,0,0,0,0,1,0,0,0,0,0,615.1376705,1.96770073,0,0,0,2329.791515,195926,88593,68117
8/1/2004,192886,86926,69522,86926,69522,22,4,5,0,0,0,0,8,0,0,0,0,0,0,0,1,0,0,0,0,615.1322484,1.965787555,0,0,0,2329.570826,192886,86926,69522
9/1/2004,200209,84600.4,71098,86290,71098,21,5,4,0,0,0,0,9,0,0,0,0,0,0,0,0,1,0,0,0,615.1384696,1.963878096,0,0,0,2330.295108,200209,86290,71098
10/1/2004,198391.8571,90672,69064,90672,69064,21,5,5,0,0,0,0,10,0,0,0,0,0,0,0,0,0,1,0,0,615.144306,1.950615051,0,0,0,2332.098208,200575,90672,69064
11/1/2004,195030.15,91410.66667,64852,89946,64852,20,6,4,0,0,0,0,11,0,0,0,0,0,0,0,0,0,0,1,0,615.1408157,1.951556467,0,0,0,2335.024696,196542,89946,64852
12/1/2004,199264,92326.33333,71552,105516,71552,21,6,4,0,0,0,0,12,0,0,0,0,0,0,0,0,0,0,0,1,615.1314001,1.955331238,0,0,0,2338.762045,193804,105516,71552
1/1/2005,191490.35,74210.5,53086.6,70081.6,52942.67,20,6,5,0,0,0,0,1,1,0,0,0,0,0,0,0,0,0,0,0,615.1225468,1.94311629,180.3333333,569.4,3299.45,2342.908451,186923.55,70081.6,52942.67
2/1/2005,196499,83408.8,65767,86386,65767,19,5,4,0,0,0,0,2,0,1,0,0,0,0,0,0,0,0,0,0,615.1204446,1.935674964,0,0,0,2347.138299,196499,86386,65767
3/1/2005,193516,89088,57685,89088,57685,23,4,4,0,0,0,0,3,0,0,1,0,0,0,0,0,0,0,0,0,615.1300881,1.903778249,0,0,0,2351.430721,193516,89088,57685
4/1/2005,208759.4762,86284,64892,86284,64892,21,5,4,0,0,0,0,4,0,0,0,1,0,0,0,0,0,0,0,0,615.1561731,1.902882353,0,0,0,2355.841033,209008,86284,64892
5/1/2005,206201,88679.2,70702,92896,70702,21,5,5,0,0,0,0,5,0,0,0,0,1,0,0,0,0,0,0,0,615.1970848,1.912783822,0,0,0,2360.369617,206201,92896,70702
6/1/2005,211153.3182,94610.25,76908,94721,76908,22,4,4,0,0,0,0,6,0,0,0,0,0,1,0,0,0,0,0,0,615.225965,1.919138586,0,0,0,2364.79711,211199,94721,76908
7/1/2005,207674,92257.33333,73437.8,93597,73815.33,20,6,5,0,0,0,0,7,0,0,0,0,0,0,1,0,0,0,0,0,615.2096448,1.902882353,21.66666667,17,0,2368.849213,207674,93597,73815.33
8/1/2005,202986.8261,87189.5,65926.5,87177.5,65888.5,23,4,4,0,0,0,0,8,0,0,0,0,0,0,0,1,0,0,0,0,615.1270525,1.88866184,38.5,12.5,2.173913043,2372.378547,202984.83,87177.5,65888.5
9/1/2005,211369.8095,90114.6,74779,95081.25,74779,21,5,4,0,0,0,0,9,0,0,0,0,0,0,0,0,1,0,0,0,615.0055055,1.873783596,0,172.75,189.1904762,2375.745418,211180.81,95081.25,74779
10/1/2005,210197.619,90173,70018,90173,70018,21,5,5,0,0,0,0,10,0,0,0,0,0,0,0,0,0,1,0,0,614.8844185,1.866862881,0,0,0,2379.437054,212579,90173,70018
11/1/2005,213309.3,92866.83333,70244.25,93767.75,70049.57,20,6,4,0,0,0,0,11,0,0,0,0,0,0,0,0,0,0,1,0,614.7937069,1.87813516,780.4285714,35.25,188.7894737,2383.794952,214737.21,93767.75,70049.57
12/1/2005,216012.5714,89367,62640,92583.6,62640,21,6,4,0,0,0,0,12,0,0,0,0,0,0,0,0,0,0,0,1,614.7252891,1.887780112,0,234.4,260.4285714,2388.577699,215752.57,92583.6,62640
1/1/2006,212746,83670.33333,60693,82453,60693,20,6,5,0,0,0,0,1,1,0,0,0,0,0,0,0,0,0,0,0,614.6615844,1.872915702,0,0,206.7,2393.398149,212332.3,82453,60693
2/1/2006,219429,89881.8,56117,89256,56117,19,5,4,0,0,0,0,2,0,1,0,0,0,0,0,0,0,0,0,0,614.5879004,1.868588262,0,0,0,2397.938404,219429,89256,56117
3/1/2006,221795.8261,103938.75,67545,103526.75,67545,23,4,4,0,0,0,0,3,0,0,1,0,0,0,0,0,0,0,0,0,614.5010986,1.853173694,0,412.25,105.4347826,2402.157539,221870.57,103526.75,67545
4/1/2006,220328,97400.6,73620,96945.6,73620,20,5,5,0,0,0,0,4,0,0,0,1,0,0,0,0,0,0,0,0,614.4009287,1.836341962,0,455.4,0,2406.083874,220328,96945.6,73620
5/1/2006,227054.0909,100293.4,80740,105549.75,80740,22,5,4,0,0,0,0,5,0,0,0,0,1,0,0,0,0,0,0,0,614.2908978,1.824740523,0,43.25,1163.909091,2409.708767,225889.09,105549.75,80740
6/1/2006,231531.2727,95307,81910,94873,82910,22,4,4,0,0,0,0,6,0,0,0,0,0,1,0,0,0,0,0,0,614.1895411,1.816543127,0,404,648.1818182,2412.875729,230249.82,94873,82910
7/1/2006,225172.25,96554.16667,76882,98518,76873.33,20,6,5,0,0,0,0,7,0,0,0,0,0,0,1,0,0,0,0,0,614.1191512,1.812471986,3.666666667,0,380.65,2415.391311,224742.35,98518,76873.33
8/1/2006,224921.6522,100514,75649,100488,75649,23,4,4,0,0,0,0,8,0,0,0,0,0,0,0,1,0,0,0,0,614.0949587,1.804384203,0,13,321.0434783,2417.323869,224598.96,100488,75649
9/1/2006,233170.05,98325.16667,84260,99389,84260,20,6,4,0,0,0,0,9,0,0,0,0,0,0,0,0,1,0,0,0,614.1039476,1.81409825,0,0,88.95,2419.788992,233081.05,99389,84260
10/1/2006,235527.6818,100677,78676,100677,78676,22,4,5,0,0,0,0,10,0,0,0,0,0,0,0,0,0,1,0,0,614.1260402,1.823917456,0,0,862.8095238,2424.164076,236989.19,100677,78676
11/1/2006,237786.4,108317.1667,78996.25,110225.5,78840,20,6,4,0,0,0,0,11,0,0,0,0,0,0,0,0,0,0,1,0,614.1452558,1.830522861,625,4.5,0,2431.243459,238040,110225.5,78840
12/1/2006,227508.75,103541.3333,89930,114936,89930,20,6,5,0,0,0,0,12,0,0,0,0,0,0,0,0,0,0,0,1,614.1620016,1.827214189,0,0,114.25,2439.48925,227394.75,114936,89930
1/1/2007,229699,94339.33333,68644,95844,68643,21,6,4,0,0,0,0,1,1,0,0,0,0,0,0,0,0,0,0,0,614.1807816,1.823366416,0,0,0,2446.780498,229700,95844,68643
2/1/2007,229594,93647.4,67784,94335,67784,19,5,4,0,0,0,0,2,0,1,0,0,0,0,0,0,0,0,0,0,614.2014276,1.812748245,0,0,0,2451.568265,229594,94335,67784
3/1/2007,235968,109374.8,73284,109369.8,73284,22,5,4,0,0,0,0,3,0,0,1,0,0,0,0,0,0,0,0,0,614.2050817,1.800760184,0,5.2,0,2454.591657,235968,109369.8,73284
4/1/2007,235043.4286,111836,71894,111836,71894,21,4,5,0,0,0,0,4,0,0,0,1,0,0,0,0,0,0,0,0,614.1682134,1.790958012,0,0,39.57142857,2457.161789,235003.43,111836,71894
5/1/2007,244851.3182,103857.2,84684,110349,84684,22,5,4,0,0,0,0,5,0,0,0,0,1,0,0,0,0,0,0,0,614.0902936,1.780187633,0,0,192.6818182,2460.322881,244658.32,110349,84684
6/1/2007,249602.6667,111655,89376,111629,89376,21,5,4,0,0,0,0,6,0,0,0,0,0,1,0,0,0,0,0,0,614.062798,1.771515128,0,26,3.333333333,2464.05156,249599.67,111629,89376
7/1/2007,245347.7143,107282.4,81560,110895,81560,21,5,5,0,0,0,0,7,0,0,0,0,0,0,1,0,0,0,0,0,614.2002036,1.768648197,0,0,376.2857143,2468.057558,244971.71,110895,81560
8/1/2007,241628.1739,110079,84844,110079,84844,23,4,4,0,0,0,0,8,0,0,0,0,0,0,0,1,0,0,0,0,614.5781085,1.770987535,0,0,7.826086957,2472.109356,241622.17,110079,84844
9/1/2007,254124,109146.1667,89869,112591,89869,19,6,5,0,0,0,0,9,0,0,0,0,0,0,0,0,1,0,0,0,615.1165945,1.771127162,0,0,0,2476.210439,254124,112591,89869
10/1/2007,253604.7391,113290,87586,113290,87586,23,4,4,0,0,0,0,10,0,0,0,0,0,0,0,0,0,1,0,0,615.6968649,1.769236323,0,0,0,2480.423045,256053,113290,87586
11/1/2007,247588.15,109267.3333,83149,107059,82364.43,20,6,4,0,0,0,0,11,0,0,0,0,0,0,0,0,0,0,1,0,616.225576,1.761897396,3136.571429,0,0,2484.699302,249638,107059,82364.43
12/1/2007,232050.9,106844.5,77576,117363,77576,20,6,5,0,0,0,0,12,0,0,0,0,0,0,0,0,0,0,0,1,616.7111983,1.762734584,0,0,169.1,2488.550902,231881.9,117363,77576
1/1/2008,241848,97627.66667,70768,99235,70768,21,6,4,0,0,0,0,1,1,0,0,0,0,0,0,0,0,0,0,0,617.1876556,1.759099748,0,0,42.95238095,2491.37943,241865.05,99235,70768
2/1/2008,246334,101263.2,75110,100670,75110,20,5,4,0,0,0,0,2,0,1,0,0,0,0,0,0,0,0,0,0,617.6792102,1.750335469,0,0,0,2492.776312,246334,100670,75110
3/1/2008,249747.619,112355,77552,112355,77552,21,5,5,0,0,0,0,3,0,0,1,0,0,0,0,0,0,0,0,0,618.1714772,1.734553152,0,0,229.3809524,2493.092349,249518.62,112355,77552
4/1/2008,255987,117631,80511.5,117631,80425.5,22,4,4,0,0,0,0,4,0,0,0,1,0,0,0,0,0,0,0,0,618.6404104,2.017587096,86.5,0,0,2492.868181,255987,117631,80425.5
5/1/2008,254950.0476,109592.1667,90551,113683,90551,21,6,4,0,0,0,0,5,0,0,0,0,1,0,0,0,0,0,0,0,619.0774751,1.997688979,0,0,38.95238095,2492.380637,254911.05,113683,90551
6/1/2008,259586.4286,118554,91660,118554,91660,21,4,5,0,0,0,0,6,0,0,0,0,0,1,0,0,0,0,0,0,619.5361844,1.977350365,0,0,165.5714286,2490.851283,259420.43,118554,91660
7/1/2008,259215.1364,111847,86906.5,110751,86858.4,22,5,4,0,0,0,0,7,0,0,0,0,0,0,1,0,0,0,0,0,620.0855633,1.963417654,63.6,0,359.8636364,2487.23787,258855.14,110751,86858.4
8/1/2008,252414.619,118364,95810,118364,95810,21,5,5,0,0,0,0,8,0,0,0,0,0,0,0,1,0,0,0,0,620.7718447,1.961156724,0,0,15.38095238,2480.765878,252399.62,118364,95810
9/1/2008,260382.9524,106723.6,88276,109836,88276,21,5,4,0,0,0,0,9,0,0,0,0,0,0,0,0,1,0,0,0,621.5500939,1.964922383,0,0,1.047619048,2471.731698,260381.95,109836,88276
10/1/2008,258126.3478,117083,89883,117083,89883,23,4,4,0,0,0,0,10,0,0,0,0,0,0,0,0,0,1,0,0,622.3525842,1.978818429,0,0,9.090909091,2460.699446,260640.91,117083,89883
11/1/2008,253023.8889,111043.2857,80642,109518,80642,18,7,5,0,0,0,0,11,0,0,0,0,0,0,0,0,0,0,1,0,623.1257135,2.011770889,0,0,0,2448.20059,254777,109518,80642
12/1/2008,235603,103819.8,84490,114746,84490,22,5,4,0,0,0,0,12,0,0,0,0,0,0,0,0,0,0,0,1,623.8723776,2.024600664,0,0,0,2434.635991,235603,114746,84490
1/1/2009,237641,94161.42857,68951,93801.8,68950.67,20,7,4,0,0,0,0,1,1,0,0,0,0,0,0,0,0,0,0,0,624.6095971,2.021217685,0.333333333,0.2,0.15,2420.37386,237640.85,93801.8,68950.67
2/1/2009,245971,107220.8,79524,107609,79524,19,5,4,0,0,0,0,2,0,1,0,0,0,0,0,0,0,0,0,0,625.3518613,2.010356341,0,0,566.0526316,2405.944835,244838.95,107609,79524
3/1/2009,244049,125257,77256,125257,77258,22,4,5,0,0,0,0,3,0,0,1,0,0,0,0,0,0,0,0,0,626.1035351,2.006901224,0,0,539.6818182,2392.529261,242969.32,125257,77258
4/1/2009,243728,116011,87695,116011,87693,22,4,4,0,0,0,0,4,0,0,0,1,0,0,0,0,0,0,0,0,626.8664524,2.002513987,0,0,149.6818182,2381.46991,243280.32,116011,87693
5/1/2009,244205,106239.5,83285,110631.8,83284.67,20,6,5,0,0,0,0,5,0,0,0,0,1,0,0,0,0,0,0,0,627.6372036,1.999178938,0.333333333,0.2,0.15,2373.701189,244204.85,110631.8,83284.67
6/1/2009,245069,111209,92152,110544.75,92150,22,4,4,0,0,0,0,6,0,0,0,0,0,1,0,0,0,0,0,0,628.3914059,1.989089142,0,332.25,254.4090909,2368.524054,244560.59,110544.75,92150
7/1/2009,244323,120303.4,88298,117284.75,88296.6,22,5,4,0,0,0,0,7,0,0,0,0,0,0,1,0,0,0,0,0,629.099433,1.985506103,0.4,0.25,0.136363636,2364.831095,244322.86,117284.75,88296.6
8/1/2009,237543,108524,85281,107731.6,85282,21,5,5,0,0,0,0,8,0,0,0,0,0,0,0,1,0,0,0,0,629.7417216,1.979823277,0,396.4,0,2361.805453,237543,107731.6,85282
9/1/2009,246956,110718.2,90203,114435.75,90202.6,21,5,4,0,0,0,0,9,0,0,0,0,0,0,0,0,1,0,0,0,630.3389598,1.977449826,0.4,0.25,0.142857143,2359.792464,246955.86,114435.75,90202.6
10/1/2009,247210.0455,113373,86834,113373,86832,22,5,4,0,0,0,0,10,0,0,0,0,0,0,0,0,0,1,0,0,630.9218988,1.979009355,0,0,163.4285714,2359.428015,249508.57,113373,86832
11/1/2009,248541.1053,109985.1667,89118,109291,89116,19,6,5,0,0,0,0,11,0,0,0,0,0,0,0,0,0,0,1,0,631.515432,1.975718976,0,0,0,2361.161513,250266,109291,89116
12/1/2009,232699,93292.4,83431,101766,83431,22,5,4,0,0,0,0,12,0,0,0,0,0,0,0,0,0,0,0,1,632.1210224,1.978619242,0,0,656.7272727,2364.696454,231385.27,101766,83431
1/1/2010,236940.0526,99284.14286,67567.4,97228,78098,21,5,5,0,0,0,0,1,1,0,0,0,0,0,0,0,0,0,0,0,632.7342752,1.974123321,13.42857143,0,0,2369.549853,236940.0526,99284.14286,67567.4
2/1/2010,226631.8947,99940.8,78893.25,98245,84459,20,4,4,0,0,0,0,2,0,1,0,0,0,0,0,0,0,0,0,0,633.3476747,1.975015909,0,0,549.7368421,2375.048106,226631.8947,99940.8,78893.25
3/1/2010,245117.2609,127170.5,80390,127171,80390,23,4,4,0,0,0,0,3,0,0,1,0,0,0,0,0,0,0,0,0,633.9412204,1.964824178,0,228,17.04347826,2379.755121,245117.2609,127170.5,80390
4/1/2010,248004.5455,120618.5,82583.75,120619,82584,22,4,4,0,0,0,0,4,0,0,0,1,0,0,0,0,0,0,0,0,634.4917911,1.961327948,0,0,366.6363636,2382.044185,248004.5455,120618.5,82583.75
5/1/2010,249744.2,115865.1667,92630.4,121560,91757,21,5,5,0,0,0,0,5,0,0,0,0,1,0,0,0,0,0,0,0,634.9934968,1.956885824,0,0,0,2381.028541,249744.2,115865.1667,92630.4
6/1/2010,255148.5,122178.5,94189.5,122179,94190,22,4,4,0,0,0,0,6,0,0,0,0,0,1,0,0,0,0,0,0,635.509374,1.958982339,0,0,0,2378.78125,255148.5,122178.5,94189.5
7/1/2010,252856.0952,109546.1667,98591.75,113337,96992,22,5,4,0,0,0,0,7,0,0,0,0,0,0,1,0,0,0,0,0,636.1196907,1.956301551,0,0,281,2378.115332,252856.0952,109546.1667,98591.75
8/1/2010,247377,123607.25,88465.2,123607,88465,22,4,5,0,0,0,0,8,0,0,0,0,0,0,0,1,0,0,0,0,636.8789236,1.952884062,0,0,483.2727273,2381.164069,247377,123607.25,88465.2
9/1/2010,255066.8571,120629,94326.5,125946,95333,22,4,4,0,0,0,0,9,0,0,0,0,0,0,0,0,1,0,0,0,637.7383835,1.953563368,0,0,16.57142857,2387.341803,255066.8571,120629,94326.5
10/1/2010,258095.1905,128413,100314.2,128413,116912,20,6,5,0,0,0,0,10,0,0,0,0,0,0,0,0,0,1,0,0,638.62359,1.949559056,0,0,1169.95,2395.383141,258095.1905,128413,100314.2
11/1/2010,254552.9,117790.5,90011,120048,116412,21,5,4,0,0,0,0,11,0,0,0,0,0,0,0,0,0,0,1,0,639.4753929,1.949728261,0,0,0,2404.112664,254552.9,117790.5,90011
12/1/2010,233197.381,125075.1667,81534.5,115934,102142,23,4,4,0,0,0,0,12,0,0,0,0,0,0,0,0,0,0,0,1,640.2959633,1.9504215,0,0,1525.380952,2412.714848,233197.381,125075.1667,81534.5
1/1/2011,233686.95,103291,76760.2,101353,82797,21,5,5,0,0,0,0,1,1,0,0,0,0,0,0,0,0,0,0,0,641.1028024,1.944272149,0,0,0,2420.464144,233686.95,103291,76760.2
2/1/2011,248985.6842,105016,84039.75,106615,86956,20,4,4,0,0,0,0,2,0,1,0,0,0,0,0,0,0,0,0,0,641.9125404,1.934759384,0,0,826.5263158,2426.859878,248985.6842,105016,84039.75
3/1/2011,254413.4348,136294.25,83080.75,136294,83081,23,4,4,0,0,0,0,3,0,0,1,0,0,0,0,0,0,0,0,0,642.7383227,1.920698689,0,707.5,587.826087,2432.300884,254413.4348,136294.25,83080.75
4/1/2011,254241.6667,118432.4,90207.5,118432,90208,21,5,4,0,0,0,0,4,0,0,0,1,0,0,0,0,0,0,0,0,643.5924234,2.187318704,0,0,1716.190476,2437.410873,254241.6667,118432.4,90207.5
5/1/2011,257066.5238,114203.4,92422,120764,91679,22,4,5,0,0,0,0,5,0,0,0,0,1,0,0,0,0,0,0,0,644.4738377,2.173352199,0,0,0,2442.633473,257066.5238,114203.4,92422
6/1/2011,263255.5909,128292.5,104166.25,128293,104166,22,4,4,0,0,0,0,6,0,0,0,0,0,1,0,0,0,0,0,0,645.3284447,2.169574053,0,0,2292.818182,2447.69198,263255.5909,128292.5,104166.25
7/1/2011,260469.35,123426.8333,92308.4,123492,97441,21,5,5,0,0,0,0,7,0,0,0,0,0,0,1,0,0,0,0,0,646.0888445,2.163835867,0,0,0,2452.129604,260469.35,123426.8333,92308.4
8/1/2011,251151.4783,98044.5,62331.5,98045,62332,23,4,4,0,0,0,0,8,0,0,0,0,0,0,0,1,0,0,0,0,646.7110025,2.156099785,0,0,2501.304348,2455.746059,251151.4783,98044.5,62331.5
9/1/2011,263274.5714,123436.4,100009,130121,99347,22,4,4,0,0,0,0,9,0,0,0,0,0,0,0,0,1,0,0,0,647.2443453,2.151788601,0,0,952.9047619,2459.367068,263274.5714,123436.4,100009
10/1/2011,264716.6667,123129.8,100201.8,123130,117847,20,6,5,0,0,0,0,10,0,0,0,0,0,0,0,0,0,1,0,0,647.7616646,2.156160143,252.8333333,43.2,1512.55,2464.074852,264716.6667,123129.8,100201.8
11/1/2011,262479.45,123986,95457.25,123234,123865,21,5,4,0,0,0,0,11,0,0,0,0,0,0,0,0,0,0,1,0,648.3192146,2.162507972,0,0,91.84210526,2470.5489,262479.45,123986,95457.25
12/1/2011,252091.5238,130805.6667,92412,135025,95871,22,5,4,0,0,0,0,12,0,0,0,0,0,0,0,0,0,0,0,1,648.9070986,2.171304071,0,0,0,2477.857754,252091.5238,130805.6667,92412
1/1/2012,252769.35,106987.6667,86184,107208,92002,22,4,5,0,0,0,0,1,1,0,0,0,0,0,0,0,0,0,0,0,649.4988819,2.162464604,0,0,0,2484.667222,252769.35,106987.6667,86184
2/1/2012,261032.75,115117.6,86594.25,114891,92480,21,4,4,0,0,0,0,2,0,1,0,0,0,0,0,0,0,0,0,0,650.0751053,2.154144276,0,0,451.95,2489.994024,261032.75,115117.6,86594.25
3/1/2012,267881.7727,129661.2,91947.75,129661,91948,22,5,4,0,0,0,0,3,0,0,1,0,0,0,0,0,0,0,0,0,650.6442103,2.140443929,0,314.4,1912.363636,2494.258531,267881.7727,129661.2,91947.75
4/1/2012,260698.7619,132474.5,88181,132475,88181,21,4,5,0,0,0,0,4,0,0,0,1,0,0,0,0,0,0,0,0,651.2216135,2.136525209,0,0,0,2498.232027,260698.7619,132474.5,88181
5/1/2012,261233.7727,121824,99555.5,129287,98039,23,4,4,0,0,0,0,5,0,0,0,0,1,0,0,0,0,0,0,0,651.8140791,2.133962921,0,0,0,2502.436402,261233.7727,121824,99555.5
6/1/2012,264730.8095,125922.6,105328.25,125923,105328,21,5,4,0,0,0,0,6,0,0,0,0,0,1,0,0,0,0,0,0,652.3937619,2.136042725,0,0,341.2380952,2506.395971,264730.8095,125922.6,105328.25
7/1/2012,264224,126706.4,97788.4,124534,104056,22,4,5,0,0,0,0,7,0,0,0,0,0,0,1,0,0,0,0,0,652.9241643,2.139348295,0,0,903.4285714,2509.385652,264224,126706.4,97788.4
8/1/2012,256134.5652,124031,100599.25,124031,100599,23,4,4,0,0,0,0,8,0,0,0,0,0,0,0,1,0,0,0,0,653.3801568,2.127059399,0,0,143.6521739,2510.977244,256134.5652,124031,100599.25
9/1/2012,267479.9474,125632.8333,103751.4,131997,102095,20,5,5,0,0,0,0,9,0,0,0,0,0,0,0,0,1,0,0,0,653.7820826,2.118018181,0,0,0,2511.930058,267479.9474,125632.8333,103751.4
10/1/2012,232578.5217,137725.25,92079.25,137725,115443,22,5,4,0,0,0,0,10,0,0,0,0,0,0,0,0,0,1,0,0,654.1616527,2.120325472,0,0,163.7272727,2513.300283,232578.5217,137725.25,92079.25
11/1/2012,121710.05,59748.16667,37912.25,NA,NA,21,5,4,0,1,0,1,11,0,0,0,0,0,0,0,0,0,0,1,0,654.5443989,2.120258765,0,0,0,2515.96019,121710.05,59748.16667,37912.25
12/1/2012,185834.2,72759.33333,61082.2,NA,NA,21,5,5,0,1,0,1,12,0,0,0,0,0,0,0,0,0,0,0,1,654.9311349,2.126363116,0,0,0,2520.046374,185834.2,72759.33333,61082.2
1/1/2013,217107.381,84610.16667,61876.5,NA,NA,23,4,4,0,0,0,1,1,1,0,0,0,0,0,0,0,0,0,0,0,655.3164949,2.380404581,0,0,271.5714286,2525.511511,217107.381,84610.16667,61876.5
2/1/2013,233633.1579,87278.4,69437.5,NA,NA,20,4,4,0,0,0,1,2,0,1,0,0,0,0,0,0,0,0,0,0,655.6980343,2.367147802,0,0,0,2532.144747,233633.1579,87278.4,69437.5
3/1/2013,235594.8095,118285,79938,NA,NA,21,5,5,0,0,0,1,3,0,0,1,0,0,0,0,0,0,0,0,0,656.084993,2.363872769,0,0,0,2539.081103,235594.8095,118285,79938
4/1/2013,247807.6364,122783.75,88547.5,NA,NA,22,4,4,0,0,0,1,4,0,0,0,1,0,0,0,0,0,0,0,0,656.4895317,2.369616982,0,0,880.4545455,2545.292066,247807.6364,122783.75,88547.5
5/1/2013,249228.4545,107112.4,92739.5,NA,NA,23,4,4,0,0,0,1,5,0,0,0,0,1,0,0,0,0,0,0,0,656.9156514,2.366815273,0,0,0,2550.101596,249228.4545,107112.4,92739.5
6/1/2013,252261.65,121761,97890.4,NA,NA,20,5,5,0,0,0,1,6,0,0,0,0,0,1,0,0,0,0,0,0,657.334713,2.360910004,0,0,0,2554.243532,252261.65,121761,97890.4
7/1/2013,250018.2727,117458.4,87679.5,NA,NA,23,4,4,0,0,0,1,7,0,0,0,0,0,0,1,0,0,0,0,0,657.7099173,2.357102469,0,0,0,2558.804184,250018.2727,117458.4,87679.5
8/1/2013,245249.8182,120759.6,94318,NA,NA,22,5,4,0,0,0,1,8,0,0,0,0,0,0,0,1,0,0,0,0,658.0164926,2.354056136,0,0,277.7727273,2564.558697,245249.8182,120759.6,94318
9/1/2013,256737.85,117259.4,95625.6,NA,NA,21,4,5,0,0,0,1,9,0,0,0,0,0,0,0,0,1,0,0,0,658.2777762,2.346361178,0,113.5,0,2571.037555,256737.85,117259.4,95625.6
10/1/2013,256562.5652,125494.5,93437.75,NA,NA,22,5,4,0,0,0,1,10,0,0,0,0,0,0,0,0,0,1,0,0,658.5291327,2.359458939,48.8,0,0,2577.46008,256562.5652,125494.5,93437.75
11/1/2013,249878.9474,111531.1429,82784.5,NA,NA,20,6,4,0,0,0,1,11,0,0,0,0,0,0,0,0,0,0,1,0,658.7982448,2.356635403,0,0,35.61111111,2583.264299,249878.9474,111531.1429,82784.5
12/1/2013,232166.381,112703.2,85239.6,NA,NA,22,4,5,0,0,0,1,12,0,0,0,0,0,0,0,0,0,0,0,1,659.0820673,2.357487251,0,0,897.3809524,2588.763077,232166.381,112703.2,85239.6
1/1/2014,231390.2857,95553.83333,72751.75,NA,NA,23,4,4,0,0,0,1,1,1,0,0,0,0,0,0,0,0,0,0,0,659.3698732,2.59610125,0,0,83,2594.487985,231390.2857,95553.83333,72751.75
2/1/2014,232371.3158,110118.8,78641,NA,NA,20,4,4,0,0,0,1,2,0,1,0,0,0,0,0,0,0,0,0,0,659.6526178,2.601884418,0,0,739.2631579,2600.885667,232371.3158,110118.8,78641
3/1/2014,248144,110695,73949,NA,NA,21,5,5,0,0,0,1,3,0,0,1,0,0,0,0,0,0,0,0,0,659.9279862,2.592356455,0,0,0,2608.063052,248144,110695,73949
4/1/2014,252182.3636,112770.75,83101.25,NA,NA,22,4,4,0,0,0,1,4,0,0,0,1,0,0,0,0,0,0,0,0,660.1953458,2.592216859,0,0,555.4545455,2616.042138,252182.3636,112770.75,83101.25
5/1/2014,255112.7143,106410,91522,NA,NA,22,5,4,0,0,0,1,5,0,0,0,0,1,0,0,0,0,0,0,0,660.4574546,2.579911953,0,0,0,2624.683657,255112.7143,106410,91522
6/1/2014,259000.6667,112579.25,91968.2,NA,NA,21,4,5,0,0,0,1,6,0,0,0,0,0,1,0,0,0,0,0,0,660.7306323,2.578678018,0,20,0.333333333,2633.203268,259000.6667,112579.25,91968.2
7/1/2014,257111.8182,107378.6,80838.5,NA,NA,23,4,4,0,0,0,1,7,0,0,0,0,0,0,1,0,0,0,0,0,661.0345892,2.577218564,0,0,926.8636364,2640.655362,257111.8182,107378.6,80838.5
8/1/2014,249575.4762,104509,83146.8,NA,NA,21,5,5,0,0,0,1,8,0,0,0,0,0,0,0,1,0,0,0,0,661.381617,2.581394235,0,0,580.952381,2646.381045,249575.4762,104509,83146.8
9/1/2014,258150.1429,105559.8,82507.75,NA,NA,22,4,4,0,0,0,1,9,0,0,0,0,0,0,0,0,1,0,0,0,661.7543339,2.581404123,0,0,0,2650.868282,258150.1429,105559.8,82507.75
10/1/2014,259577.7391,105930.25,85194,NA,NA,22,5,4,0,0,0,1,10,0,0,0,0,0,0,0,0,0,1,0,0,662.1279397,2.587092131,0,0,0,2654.891752,259577.7391,105930.25,85194
11/1/2014,251945,101305.8571,79014.8,NA,NA,19,6,5,0,0,0,1,11,0,0,0,0,0,0,0,0,0,0,1,0,662.4834689,2.598243132,0,0,408,2659.077363,251945,101305.8571,79014.8
12/1/2014,236510,106840,85523.25,NA,NA,23,4,4,0,0,0,1,12,0,0,0,0,0,0,0,0,0,0,0,1,662.8252954,2.611351131,0,0,925,2663.455944,236510,106840,85523.25
1/1/2015,227562.75,93332.85714,65719,88874,78640,22,5,4,0,0,0,0,1,1,0,0,0,0,0,0,0,0,0,0,0,663.1636279,2.869195475,0,0,0,2667.90955,227562.75,93332.85714,65719
2/1/2015,245119.6316,94641.8,69431,94726,74406,20,4,4,0,0,0,0,2,0,1,0,0,0,0,0,0,0,0,0,0,663.5065037,2.859632966,0,0,105.1578947,2672.311426,245119.6316,94641.8,69431
3/1/2015,250477.9091,107723,80340.6,107723,80341,22,4,5,0,0,0,0,3,0,0,1,0,0,0,0,0,0,0,0,0,663.8532741,2.855150454,0,0,10.45454545,2676.499559,250477.9091,107723,80340.6
4/1/2015,257900.6818,122708.75,89893.5,122709,89894,22,4,4,0,0,0,0,4,0,0,0,1,0,0,0,0,0,0,0,0,664.2011188,2.851723733,0,0,453.4545455,2680.303124,257900.6818,122708.75,89893.5
5/1/2015,264202.45,114788.1667,95415.2,119435,94771,21,5,5,0,0,0,0,5,0,0,0,0,1,0,0,0,0,0,0,0,664.5479436,2.839631549,0,0,127.5,2683.719622,264202.45,114788.1667,95415.2
6/1/2015,266463.4545,116407.75,97615.25,116408,97615,22,4,4,0,0,0,0,6,0,0,0,0,0,1,0,0,0,0,0,0,664.8945588,2.834788652,0,0,588.2272727,2687.419864,266463.4545,116407.75,97615.25
7/1/2015,266461.5455,120634,91505,116885,100330,23,4,4,0,0,0,0,7,0,0,0,0,0,0,1,0,0,0,0,0,665.2425007,2.838185636,0,0,1031.318182,2692.242989,266461.5455,120634,91505
8/1/2015,258771.3333,119476.6,95663.6,119477,95664,21,5,5,0,0,0,0,8,0,0,0,0,0,0,0,1,0,0,0,0,665.5925683,2.83657838,0,0,522.952381,2698.719662,258771.3333,119476.6,95663.6
9/1/2015,268852.7619,118216.6,95914.25,124026,95727,22,4,4,0,0,0,0,9,0,0,0,0,0,0,0,0,1,0,0,0,665.9426106,2.830729475,0,0,188.9047619,2706.146658,268852.7619,118216.6,95914.25
10/1/2015,271628.8636,123323,93542.75,123323,117169,21,6,4,0,0,0,0,10,0,0,0,0,0,0,0,0,0,1,0,0,666.2897392,2.834756133,0,0,0,2713.512278,271628.8636,123323,93542.75
11/1/2015,266531.8421,112582.8333,92891.6,113984,114775,20,5,5,0,0,0,0,11,0,0,0,0,0,0,0,0,0,0,1,0,666.632397,2.840251677,0,0,0,2719.915337,266531.8421,112582.8333,92891.6
12/1/2015,247857.1818,115033.2,97921,125486,92981,23,4,4,0,0,0,0,12,0,0,0,0,0,0,0,0,0,0,0,1,666.974352,2.851921205,0,0,577.5,2724.896709,247857.1818,115033.2,97921
1/1/2016,250484.3684,93650.42857,67581.4,87875,79155,21,5,5,0,0,0,0,1,1,0,0,0,0,0,0,0,0,0,0,0,667.3207036,2.847528443,0,0,0,2728.107779,250484.3684,93650.42857,67581.4
2/1/2016,259080.7,101432.6,77495.75,102088,81759,21,4,4,0,0,0,0,2,0,1,0,0,0,0,0,0,0,0,0,0,667.6744223,2.841710589,0,0,155.35,2729.585013,259080.7,101432.6,77495.75
3/1/2016,265123.4348,119979.25,82666.75,119979,82667,23,4,4,0,0,0,0,3,0,0,1,0,0,0,0,0,0,0,0,0,668.0299625,2.834832013,0,0,8.304347826,2730.905192,265123.4348,119979.25,82666.75
4/1/2016,269588.2857,117505.2,88256.5,117505,88257,21,5,4,0,0,0,0,4,0,0,0,1,0,0,0,0,0,0,0,0,668.3796496,2.82283936,0,0,536.1904762,2734.030177,269588.2857,117505.2,88256.5
5/1/2016,271904.3333,110346.6,88916.4,117629,87633,22,4,5,0,0,0,0,5,0,0,0,0,1,0,0,0,0,0,0,0,668.7181719,2.815410046,0,0,0,2740.181529,271904.3333,110346.6,88916.4
6/1/2016,277941.5909,120929.75,94236.75,120930,94237,22,4,4,0,0,0,0,6,0,0,0,0,0,1,0,0,0,0,0,0,669.0496686,2.809381833,0,0,4.772727273,2747.619619,277941.5909,120929.75,94236.75
7/1/2016,272429.85,109279.8333,91290.6,111618,92341,21,5,5,0,0,0,0,7,0,0,0,0,0,0,1,0,0,0,0,0,669.3806418,2.81103302,0,0,369.25,2753.86452,272429.85,109279.8333,91290.6
8/1/2016,269425.1739,97194.75,78344,NA,NA,23,4,4,0,0,0,1,8,0,0,0,0,0,0,0,1,0,0,0,0,669.7162952,2.806372085,0,0,15.2173913,2757.299306,269425.1739,97194.75,78344
9/1/2016,277863.7143,104241.4,83959,NA,NA,22,4,4,0,0,0,1,9,0,0,0,0,0,0,0,0,1,0,0,0,670.0566395,2.801684228,0,0,275.6190476,2759.759058,277863.7143,104241.4,83959
10/1/2016,273053.9524,99278.6,76732.4,NA,NA,20,6,5,0,0,0,1,10,0,0,0,0,0,0,0,0,0,1,0,0,670.4003867,2.800244959,116.6666667,8.4,375.45,2763.941857,273053.9524,99278.6,76732.4
11/1/2016,275303.25,105661.3333,79026.25,NA,NA,21,5,4,0,0,0,1,11,0,0,0,0,0,0,0,0,0,0,1,0,670.7455435,2.795335083,0,0,0.157894737,2771.618001,275303.25,105661.3333,79026.25
12/1/2016,258947.0476,101106.1667,76749.75,NA,NA,22,5,4,0,0,0,1,12,0,0,0,0,0,0,0,0,0,0,0,1,671.0872937,2.793039172,0,0,0,2780.846647,258947.0476,101106.1667,76749.75
1/1/2017,266693.25,98820.16667,78604.8,97010,85415,22,4,5,0,0,0,0,1,1,0,0,0,0,0,0,0,0,0,0,0,671.4201152,2.777384917,0,0,153.05,2788.759168,266693.25,98820.16667,78604.8
2/1/2017,266070.3158,112091.8,80353.75,110189,88224,20,4,4,0,0,0,0,2,0,1,0,0,0,0,0,0,0,0,0,0,671.7411475,2.769654452,7.2,0,207.2105263,2793.318096,266070.3158,112091.8,80353.75
3/1/2017,265085.3913,107578,77458.5,107578,77459,23,4,4,0,0,0,0,3,0,0,1,0,0,0,0,0,0,0,0,0,672.058175,2.770482506,0,10.75,1659.130435,2795.810605,265085.3913,107578,77458.5
4/1/2017,278387.45,121896.8,93565.2,121897,93565,20,5,5,0,0,0,0,4,0,0,0,1,0,0,0,0,0,0,0,0,672.3816435,2.766698203,431.8,0,10963.9,2798.355025,278387.45,121896.8,93565.2
5/1/2017,284091.6364,103471.8,92974,110589,89380,23,4,4,0,0,0,0,5,0,0,0,0,1,0,0,0,0,0,0,0,672.7168273,2.764273835,0,0,0,2802.482385,284091.6364,103471.8,92974
6/1/2017,288210.9091,124222.75,98632.5,124223,98633,22,4,4,0,0,0,0,6,0,0,0,0,0,1,0,0,0,0,0,0,673.048315,2.759304303,0,0,5,2807.374493,288210.9091,124222.75,98632.5
7/1/2017,279219,116646.8333,94802.6,118351,97023,21,5,5,0,0,1,0,7,0,0,0,0,0,0,1,0,0,0,0,0,673.355524,2.765635084,0,10.2,18275.2,2811.625851,279219,116646.8333,94802.6
8/1/2017,272890.3478,119618.5,94766.5,119619,94767,23,4,4,0,0,1,0,8,0,0,0,0,0,0,0,1,0,0,0,0,673.6246644,2.75939674,0,0,24107.82609,2814.252097,272890.3478,119618.5,94766.5
9/1/2017,292579.2,120137.6667,95157.25,124152,96139,21,5,4,0,0,0,0,9,0,0,0,0,0,0,0,0,1,0,0,0,673.8691184,2.745071447,326.8,0,841.9,2815.953404,292579.2,120137.6667,95157.25
10/1/2017,293285.6364,129132,89989.8,129132,110852,21,5,5,0,0,0,0,10,0,0,0,0,0,0,0,0,0,1,0,0,674.1090609,2.75,43.66666667,0,26.19047619,2817.851081,293285.6364,129132,89989.8
11/1/2017,289539.65,114253.8333,87081,115540,117904,21,5,4,0,0,0,0,11,0,0,0,0,0,0,0,0,0,0,1,0,674.3605041,2.75,0,0,127.7368421,2820.816219,289539.65,114253.8333,87081
12/1/2017,265352.75,106297,91394.4,114860,86743,21,5,5,0,0,0,0,12,0,0,0,0,0,0,0,0,0,0,0,1,674.6228089,2.75,0,0,166.15,2824.71905,265352.75,106297,91394.4
1/1/2018,266394.1905,98564.66667,70543,100394,78664,23,4,4,0,0,0,0,1,1,0,0,0,0,0,0,0,0,0,0,0,674.8911731,2.75,130.3333333,271.25,220.1904762,2829.179589,266394.1905,98564.66667,70543
2/1/2018,279687.2632,104365.4,73607.75,101733,81866,20,4,4,0,0,0,0,2,0,1,0,0,0,0,0,0,0,0,0,0,675.1613176,2.75,746,0,6.263157895,2833.898322,279687.2632,104365.4,73607.75
3/1/2018,262112.9091,118684.6,83404,118685,83404,22,5,4,0,0,0,0,3,0,0,1,0,0,0,0,0,0,0,0,0,675.4310546,2.75,0,0,2874,2838.897621,262112.9091,118684.6,83404
4/1/2018,284022.3333,127001.75,85515.8,127002,85516,21,4,5,0,0,0,0,4,0,0,0,1,0,0,0,0,0,0,0,0,675.6987194,2.75,0,0,261.047619,2844.280329,284022.3333,127001.75,85515.8
5/1/2018,291747,111373.4,84873,116301,86231,23,4,4,0,0,0,0,5,0,0,0,0,1,0,0,0,0,0,0,0,675.9645625,2.75,0,0,0.363636364,2849.972492,291747,111373.4,84873
6/1/2018,291024.5714,119846.8,98296,119847,98296,21,5,4,0,0,0,0,6,0,0,0,0,0,1,0,0,0,0,0,0,676.2364967,2.75,0,0,0,2855.192964,291024.5714,119846.8,98296
7/1/2018,281680.1429,108609.4,79581.6,NA,NA,22,4,5,0,0,0,1,7,0,0,0,0,0,0,1,0,0,0,0,0,676.5243501,2.75,NA,NA,NA,2858.983804,281680.1429,108609.4,79581.6
8/1/2018,275404.7391,98026.75,79257.5,NA,NA,23,4,4,0,0,0,1,8,0,0,0,0,0,0,0,1,0,0,0,0,676.8351789,2.75,NA,NA,NA,2860.806986,275404.7391,98026.75,79257.5
9/1/2018,289028.6842,107847.8333,80417.4,NA,NA,20,5,5,0,0,0,1,9,0,0,0,0,0,0,0,0,1,0,0,0,677.1649508,2.75,NA,NA,NA,2861.804158,289028.6842,107847.8333,80417.4
10/1/2018,295574.1304,100914.75,78066.75,NA,NA,22,5,4,0,0,0,1,10,0,0,0,0,0,0,0,0,0,1,0,0,677.5068615,2.75,NA,NA,NA,2863.536885,295574.1304,100914.75,78066.75
11/1/2018,282558.75,107791.6667,88760.5,111519,113625,21,5,4,0,0,0,0,11,0,0,0,0,0,0,0,0,0,0,1,0,677.8550221,2.75,NA,NA,NA,2867.075842,282558.75,107791.6667,88760.5
12/1/2018,258210.2,120760,92490.8,131000,88669,21,5,5,0,0,0,0,12,0,0,0,0,0,0,0,0,0,0,0,1,678.2072062,2.75,NA,NA,NA,2871.528139,258210.2,120760,92490.8
1/1/2019,272332.1429,85226.66667,62358.75,NA,NA,23,4,4,0,0,0,1,1,1,0,0,0,0,0,0,0,0,0,0,0,678.5621026,2.75,NA,NA,NA,2875.509994,272332.1429,85226.66667,62358.75
2/1/2019,277792.4737,97840.6,69546,NA,NA,20,4,4,0,0,0,1,2,0,1,0,0,0,0,0,0,0,0,0,0,678.9189545,2.75,NA,NA,NA,2878.048513,277792.4737,97840.6,69546
3/1/2019,281513.381,105389.8,69639.6,NA,NA,21,5,5,0,0,0,1,3,0,0,1,0,0,0,0,0,0,0,0,0,679.2792208,2.75,NA,NA,NA,2879.81435,281513.381,105389.8,69639.6
4/1/2019,285912.2273,113327,79807.5,NA,NA,22,4,4,0,0,0,1,4,0,0,0,1,0,0,0,0,0,0,0,0,679.6449145,2.75,NA,NA,NA,2881.889044,285912.2273,113327,79807.5
5/1/2019,289402.0455,110357.4,80168.25,NA,NA,23,4,4,0,0,0,1,5,0,0,0,0,1,0,0,0,0,0,0,0,680.0166817,2.75,NA,NA,NA,2885.04503,289402.0455,110357.4,80168.25
6/1/2019,292062,113275.4,90076.2,NA,NA,20,5,5,0,0,0,1,6,0,0,0,0,0,1,0,0,0,0,0,0,680.3897009,2.75,NA,NA,NA,2888.818317,NA,NA,NA
7/1/2019,288156.9091,104018.6,79417.5,NA,NA,23,4,4,0,0,0,1,7,0,0,0,0,0,0,1,0,0,0,0,0,680.7577836,2.75,NA,NA,NA,2892.435811,NA,NA,NA
8/1/2019,281487,110713.2,83349.5,NA,NA,22,5,4,0,0,0,1,8,0,0,0,0,0,0,0,1,0,0,0,0,681.116798,2.75,NA,NA,NA,2895.287807,NA,NA,NA
9/1/2019,NA,NA,NA,NA,NA,20,4,6,0,0,0,0,9,0,0,0,0,0,0,0,0,1,0,0,0,681.4708395,2.75,NA,NA,NA,2897.418172,NA,NA,NA
10/1/2019,NA,NA,NA,NA,NA,22,4,5,0,0,0,0,10,0,0,0,0,0,0,0,0,0,1,0,0,681.8260602,2.75,NA,NA,NA,2899.034166,NA,NA,NA
11/1/2019,NA,NA,NA,NA,NA,18,5,7,0,0,0,0,11,0,0,0,0,0,0,0,0,0,0,1,0,682.1872145,2.75,NA,NA,NA,2900.361397,NA,NA,NA
12/1/2019,NA,NA,NA,NA,NA,21,4,6,0,0,0,0,12,0,0,0,0,0,0,0,0,0,0,0,1,682.5534665,2.75,NA,NA,NA,2901.698872,NA,NA,NA
1/1/2020,NA,NA,NA,NA,NA,21,4,6,0,0,0,0,1,1,0,0,0,0,0,0,0,0,0,0,0,682.9225828,2.75,NA,NA,NA,2903.363949,NA,NA,NA
2/1/2020,NA,NA,NA,NA,NA,19,5,5,0,0,0,0,2,0,1,0,0,0,0,0,0,0,0,0,0,683.2928296,2.75,NA,NA,NA,2905.475609,NA,NA,NA
3/1/2020,NA,NA,NA,NA,NA,22,4,5,0,0,0,0,3,0,0,1,0,0,0,0,0,0,0,0,0,683.6644717,2.75,NA,NA,NA,2907.359326,NA,NA,NA
4/1/2020,NA,NA,NA,NA,NA,22,4,4,0,0,0,0,4,0,0,0,1,0,0,0,0,0,0,0,0,684.0382737,2.75,NA,NA,NA,2908.142198,NA,NA,NA
5/1/2020,NA,NA,NA,NA,NA,20,5,6,0,0,0,0,5,0,0,0,0,1,0,0,0,0,0,0,0,684.4148862,2.75,NA,NA,NA,2907.288357,NA,NA,NA
6/1/2020,NA,NA,NA,NA,NA,22,4,4,0,0,0,0,6,0,0,0,0,0,1,0,0,0,0,0,0,684.7945034,2.75,NA,NA,NA,2905.610067,NA,NA,NA
7/1/2020,NA,NA,NA,NA,NA,22,4,5,0,0,0,0,7,0,0,0,0,0,0,1,0,0,0,0,0,685.1772056,2.75,NA,NA,NA,2904.256625,NA,NA,NA
8/1/2020,NA,NA,NA,NA,NA,21,5,5,0,0,0,0,8,0,0,0,0,0,0,0,1,0,0,0,0,685.5630299,2.75,NA,NA,NA,2904.08187,NA,NA,NA
9/1/2020,NA,NA,NA,NA,NA,21,4,5,0,0,0,0,9,0,0,0,0,0,0,0,0,1,0,0,0,685.9518402,2.75,NA,NA,NA,2904.757803,NA,NA,NA
10/1/2020,NA,NA,NA,NA,NA,21,5,5,0,0,0,0,10,0,0,0,0,0,0,0,0,0,1,0,0,686.3434572,2.75,NA,NA,NA,2905.660963,NA,NA,NA
11/1/2020,NA,NA,NA,NA,NA,18,4,8,0,0,0,0,11,0,0,0,0,0,0,0,0,0,0,1,0,686.737724,2.75,NA,NA,NA,2906.293842,NA,NA,NA
12/1/2020,NA,NA,NA,NA,NA,22,4,5,0,0,0,0,12,0,0,0,0,0,0,0,0,0,0,0,1,687.1345736,2.75,NA,NA,NA,2906.662733,NA,NA,NA
1/1/2021,NA,NA,NA,NA,NA,19,5,7,0,0,0,0,1,1,0,0,0,0,0,0,0,0,0,0,0,687.5339613,2.75,NA,NA,NA,2906.899879,NA,NA,NA
2/1/2021,NA,NA,NA,NA,NA,19,4,5,0,0,0,0,2,0,1,0,0,0,0,0,0,0,0,0,0,687.9358795,2.75,NA,NA,NA,2907.125155,NA,NA,NA
3/1/2021,NA,NA,NA,NA,NA,23,4,4,0,0,0,0,3,0,0,1,0,0,0,0,0,0,0,0,0,688.3404691,2.75,NA,NA,NA,2907.408965,NA,NA,NA
4/1/2021,NA,NA,NA,NA,NA,22,4,4,0,0,0,0,4,0,0,0,1,0,0,0,0,0,0,0,0,688.7479081,2.75,NA,NA,NA,2907.809347,NA,NA,NA
5/1/2021,NA,NA,NA,NA,NA,20,5,6,0,0,0,0,5,0,0,0,0,1,0,0,0,0,0,0,0,689.1581814,2.75,NA,NA,NA,2908.360298,NA,NA,NA
6/1/2021,NA,NA,NA,NA,NA,22,4,4,0,0,0,0,6,0,0,0,0,0,1,0,0,0,0,0,0,689.5705024,2.75,NA,NA,NA,2908.999654,NA,NA,NA
7/1/2021,NA,NA,NA,NA,NA,21,5,5,0,0,0,0,7,0,0,0,0,0,0,1,0,0,0,0,0,689.9838914,2.75,NA,NA,NA,2909.641212,NA,NA,NA
8/1/2021,NA,NA,NA,NA,NA,22,4,5,0,0,0,0,8,0,0,0,0,0,0,0,1,0,0,0,0,690.3977067,2.75,NA,NA,NA,2910.219759,NA,NA,NA
9/1/2021,NA,NA,NA,NA,NA,21,4,5,0,0,0,0,9,0,0,0,0,0,0,0,0,1,0,0,0,690.8126591,2.75,NA,NA,NA,2910.754036,NA,NA,NA
10/1/2021,NA,NA,NA,NA,NA,20,5,6,0,0,0,0,10,0,0,0,0,0,0,0,0,0,1,0,0,691.2297972,2.75,NA,NA,NA,2911.283775,NA,NA,NA
11/1/2021,NA,NA,NA,NA,NA,19,4,7,0,0,0,0,11,0,0,0,0,0,0,0,0,0,0,1,0,691.6498551,2.75,NA,NA,NA,2911.844834,NA,NA,NA
12/1/2021,NA,NA,NA,NA,NA,21,4,6,0,0,0,0,12,0,0,0,0,0,0,0,0,0,0,0,1,692.0723078,2.75,NA,NA,NA,2912.457577,NA,NA,NA
1/1/2022,NA,NA,NA,NA,NA,20,5,6,0,0,0,0,1,1,0,0,0,0,0,0,0,0,0,0,0,692.4963158,2.75,NA,NA,NA,2913.138495,NA,NA,NA
2/1/2022,NA,NA,NA,NA,NA,19,4,5,0,0,0,0,2,0,1,0,0,0,0,0,0,0,0,0,0,692.921536,2.75,NA,NA,NA,2913.89485,NA,NA,NA
3/1/2022,NA,NA,NA,NA,NA,23,4,4,0,0,0,0,3,0,0,1,0,0,0,0,0,0,0,0,0,693.3496112,2.75,NA,NA,NA,2914.696979,NA,NA,NA
4/1/2022,NA,NA,NA,NA,NA,21,5,4,0,0,0,0,4,0,0,0,1,0,0,0,0,0,0,0,0,693.7826807,2.75,NA,NA,NA,2915.505992,NA,NA,NA
5/1/2022,NA,NA,NA,NA,NA,21,4,6,0,0,0,0,5,0,0,0,0,1,0,0,0,0,0,0,0,694.2212257,2.75,NA,NA,NA,2916.290918,NA,NA,NA
6/1/2022,NA,NA,NA,NA,NA,22,4,4,0,0,0,0,6,0,0,0,0,0,1,0,0,0,0,0,0,694.6590943,2.75,NA,NA,NA,2917.052468,NA,NA,NA
7/1/2022,NA,NA,NA,NA,NA,20,5,6,0,0,0,0,7,0,0,0,0,0,0,1,0,0,0,0,0,695.0884767,2.75,NA,NA,NA,2917.799276,NA,NA,NA
8/1/2022,NA,NA,NA,NA,NA,23,4,4,0,0,0,0,8,0,0,0,0,0,0,0,1,0,0,0,0,695.5041464,2.75,NA,NA,NA,2918.542162,NA,NA,NA
9/1/2022,NA,NA,NA,NA,NA,21,4,5,0,0,0,0,9,0,0,0,0,0,0,0,0,1,0,0,0,695.9112116,2.75,NA,NA,NA,2919.300697,NA,NA,NA
10/1/2022,NA,NA,NA,NA,NA,20,5,6,0,0,0,0,10,0,0,0,0,0,0,0,0,0,1,0,0,696.3173637,2.75,NA,NA,NA,2920.096639,NA,NA,NA
11/1/2022,NA,NA,NA,NA,NA,19,4,7,0,0,0,0,11,0,0,0,0,0,0,0,0,0,0,1,0,696.7287,2.75,NA,NA,NA,2920.944189,NA,NA,NA
12/1/2022,NA,NA,NA,NA,NA,21,5,5,0,0,0,0,12,0,0,0,0,0,0,0,0,0,0,0,1,697.1449399,2.75,NA,NA,NA,2921.827322,NA,NA,NA
1/1/2023,NA,NA,NA,NA,NA,20,4,7,0,0,0,0,1,1,0,0,0,0,0,0,0,0,0,0,0,697.5642084,2.75,NA,NA,NA,2922.722454,NA,NA,NA
2/1/2023,NA,NA,NA,NA,NA,19,4,5,0,0,0,0,2,0,1,0,0,0,0,0,0,0,0,0,0,697.9848971,2.75,NA,NA,NA,2923.608144,NA,NA,NA
3/1/2023,NA,NA,NA,NA,NA,23,4,4,0,0,0,0,3,0,0,1,0,0,0,0,0,0,0,0,0,698.4064636,2.75,NA,NA,NA,2924.471512,NA,NA,NA
4/1/2023,NA,NA,NA,NA,NA,20,5,5,0,0,0,0,4,0,0,0,1,0,0,0,0,0,0,0,0,698.8286323,2.75,NA,NA,NA,2925.301817,NA,NA,NA
5/1/2023,NA,NA,NA,NA,NA,22,4,5,0,0,0,0,5,0,0,0,0,1,0,0,0,0,0,0,0,699.2510848,2.75,NA,NA,NA,2926.089305,NA,NA,NA
6/1/2023,NA,NA,NA,NA,NA,22,4,4,0,0,0,0,6,0,0,0,0,0,1,0,0,0,0,0,0,699.6733321,2.75,NA,NA,NA,2926.828163,NA,NA,NA
7/1/2023,NA,NA,NA,NA,NA,20,5,6,0,0,0,0,7,0,0,0,0,0,0,1,0,0,0,0,0,700.0948427,2.75,NA,NA,NA,2927.513563,NA,NA,NA
8/1/2023,NA,NA,NA,NA,NA,23,4,4,0,0,0,0,8,0,0,0,0,0,0,0,1,0,0,0,0,700.5154098,2.75,NA,NA,NA,2928.146041,NA,NA,NA
9/1/2023,NA,NA,NA,NA,NA,20,5,5,0,0,0,0,9,0,0,0,0,0,0,0,0,1,0,0,0,700.9361258,2.75,NA,NA,NA,2928.747584,NA,NA,NA
10/1/2023,NA,NA,NA,NA,NA,21,4,6,0,0,0,0,10,0,0,0,0,0,0,0,0,0,1,0,0,701.3584084,2.75,NA,NA,NA,2929.345538,NA,NA,NA
11/1/2023,NA,NA,NA,NA,NA,19,4,7,0,0,0,0,11,0,0,0,0,0,0,0,0,0,0,1,0,701.7833454,2.75,NA,NA,NA,2929.959137,NA,NA,NA
12/1/2023,NA,NA,NA,NA,NA,20,5,6,0,0,0,0,12,0,0,0,0,0,0,0,0,0,0,0,1,702.2107073,2.75,NA,NA,NA,2930.575149,NA,NA,NA
1/1/2024,NA,NA,NA,NA,NA,21,4,6,0,0,0,0,1,1,0,0,0,0,0,0,0,0,0,0,0,702.6399351,2.75,NA,NA,NA,2931.172228,NA,NA,NA
2/1/2024,NA,NA,NA,NA,NA,20,4,5,0,0,0,0,2,0,1,0,0,0,0,0,0,0,0,0,0,703.0706611,2.75,NA,NA,NA,2931.74725,NA,NA,NA
3/1/2024,NA,NA,NA,NA,NA,21,5,5,0,0,0,0,3,0,0,1,0,0,0,0,0,0,0,0,0,703.503283,2.75,NA,NA,NA,2932.369984,NA,NA,NA
4/1/2024,NA,NA,NA,NA,NA,22,4,4,0,0,0,0,4,0,0,0,1,0,0,0,0,0,0,0,0,703.9383895,2.75,NA,NA,NA,2933.128423,NA,NA,NA
5/1/2024,NA,NA,NA,NA,NA,22,4,5,0,0,0,0,5,0,0,0,0,1,0,0,0,0,0,0,0,704.3755636,2.75,NA,NA,NA,2934.078342,NA,NA,NA
6/1/2024,NA,NA,NA,NA,NA,20,5,5,0,0,0,0,6,0,0,0,0,0,1,0,0,0,0,0,0,704.8103641,2.75,NA,NA,NA,2935.146645,NA,NA,NA
7/1/2024,NA,NA,NA,NA,NA,22,4,5,0,0,0,0,7,0,0,0,0,0,0,1,0,0,0,0,0,705.2373437,2.75,NA,NA,NA,2936.228021,NA,NA,NA
8/1/2024,NA,NA,NA,NA,NA,22,5,4,0,0,0,0,8,0,0,0,0,0,0,0,1,0,0,0,0,705.6530184,2.75,NA,NA,NA,2937.242325,NA,NA,NA
9/1/2024,NA,NA,NA,NA,NA,20,4,6,0,0,0,0,9,0,0,0,0,0,0,0,0,1,0,0,0,706.0617564,2.75,NA,NA,NA,2938.210079,NA,NA,NA
10/1/2024,NA,NA,NA,NA,NA,22,4,5,0,0,0,0,10,0,0,0,0,0,0,0,0,0,1,0,0,706.4698892,2.75,NA,NA,NA,2939.176973,NA,NA,NA
11/1/2024,NA,NA,NA,NA,NA,18,5,7,0,0,0,0,11,0,0,0,0,0,0,0,0,0,0,1,0,706.8824017,2.75,NA,NA,NA,2940.176659,NA,NA,NA
12/1/2024,NA,NA,NA,NA,NA,21,4,6,0,0,0,0,12,0,0,0,0,0,0,0,0,0,0,0,1,707.2988925,2.75,NA,NA,NA,2941.194628,NA,NA,NA
1/1/2025,NA,NA,NA,NA,NA,21,4,6,0,0,0,0,1,1,0,0,0,0,0,0,0,0,0,0,0,707.7176138,2.75,NA,NA,NA,2942.204335,NA,NA,NA
2/1/2025,NA,NA,NA,NA,NA,19,4,5,0,0,0,0,2,0,1,0,0,0,0,0,0,0,0,0,0,708.137152,2.75,NA,NA,NA,2943.190568,NA,NA,NA
3/1/2025,NA,NA,NA,NA,NA,21,5,5,0,0,0,0,3,0,0,1,0,0,0,0,0,0,0,0,0,708.557431,2.75,NA,NA,NA,2944.18346,NA,NA,NA
4/1/2025,NA,NA,NA,NA,NA,22,4,4,0,0,0,0,4,0,0,0,1,0,0,0,0,0,0,0,0,708.978709,2.75,NA,NA,NA,2945.224479,NA,NA,NA
5/1/2025,NA,NA,NA,NA,NA,21,5,5,0,0,0,0,5,0,0,0,0,1,0,0,0,0,0,0,0,709.4007386,2.75,NA,NA,NA,2946.340943,NA,NA,NA
6/1/2025,NA,NA,NA,NA,NA,21,4,5,0,0,0,0,6,0,0,0,0,0,1,0,0,0,0,0,0,709.8212504,2.75,NA,NA,NA,2947.503572,NA,NA,NA
7/1/2025,NA,NA,NA,NA,NA,22,4,5,0,0,0,0,7,0,0,0,0,0,0,1,0,0,0,0,0,710.2374694,2.75,NA,NA,NA,2948.668939,NA,NA,NA
8/1/2025,NA,NA,NA,NA,NA,21,5,5,0,0,0,0,8,0,0,0,0,0,0,0,1,0,0,0,0,710.6476904,2.75,NA,NA,NA,2949.804499,NA,NA,NA
9/1/2025,NA,NA,NA,NA,NA,21,4,5,0,0,0,0,9,0,0,0,0,0,0,0,0,1,0,0,0,711.0544867,2.75,NA,NA,NA,2950.921247,NA,NA,NA
10/1/2025,NA,NA,NA,NA,NA,22,4,5,0,0,0,0,10,0,0,0,0,0,0,0,0,0,1,0,0,711.4615017,2.75,NA,NA,NA,2952.041063,NA,NA,NA
11/1/2025,NA,NA,NA,NA,NA,17,5,8,0,0,0,0,11,0,0,0,0,0,0,0,0,0,0,1,0,711.8715752,2.75,NA,NA,NA,2953.180109,NA,NA,NA
12/1/2025,NA,NA,NA,NA,NA,22,4,5,0,0,0,0,12,0,0,0,0,0,0,0,0,0,0,0,1,712.2843344,2.75,NA,NA,NA,2954.331673,NA,NA,NA
1/1/2026,NA,NA,NA,NA,NA,20,4,7,0,0,0,0,1,1,0,0,0,0,0,0,0,0,0,0,0,712.6986032,2.75,NA,NA,NA,2955.483329,NA,NA,NA
2/1/2026,NA,NA,NA,NA,NA,19,4,5,0,0,0,0,2,0,1,0,0,0,0,0,0,0,0,0,0,713.1135213,2.75,NA,NA,NA,2956.628943,NA,NA,NA
3/1/2026,NA,NA,NA,NA,NA,22,5,4,0,0,0,0,3,0,0,1,0,0,0,0,0,0,0,0,0,713.5294914,2.75,NA,NA,NA,2957.787572,NA,NA,NA
4/1/2026,NA,NA,NA,NA,NA,22,4,4,0,0,0,0,4,0,0,0,1,0,0,0,0,0,0,0,0,713.9472319,2.75,NA,NA,NA,2958.984565,NA,NA,NA
5/1/2026,NA,NA,NA,NA,NA,20,5,6,0,0,0,0,5,0,0,0,0,1,0,0,0,0,0,0,0,714.3664436,2.75,NA,NA,NA,2960.234967,NA,NA,NA
6/1/2026,NA,NA,NA,NA,NA,22,4,4,0,0,0,0,6,0,0,0,0,0,1,0,0,0,0,0,0,714.7827563,2.75,NA,NA,NA,2961.51259,NA,NA,NA
7/1/2026,NA,NA,NA,NA,NA,22,4,5,0,0,0,0,7,0,0,0,0,0,0,1,0,0,0,0,0,715.1907819,2.75,NA,NA,NA,2962.780939,NA,NA,NA
8/1/2026,NA,NA,NA,NA,NA,21,5,5,0,0,0,0,8,0,0,0,0,0,0,0,1,0,0,0,0,715.5870971,2.75,NA,NA,NA,2964.013239,NA,NA,NA
9/1/2026,NA,NA,NA,NA,NA,21,4,5,0,0,0,0,9,0,0,0,0,0,0,0,0,1,0,0,0,715.9761376,2.75,NA,NA,NA,2965.221597,NA,NA,NA
10/1/2026,NA,NA,NA,NA,NA,21,4,6,0,0,0,0,10,0,0,0,0,0,0,0,0,0,1,0,0,716.3643038,2.75,NA,NA,NA,2966.427842,NA,NA,NA
11/1/2026,NA,NA,NA,NA,NA,18,5,7,0,0,0,0,11,0,0,0,0,0,0,0,0,0,0,1,0,716.7566777,2.75,NA,NA,NA,2967.649893,NA,NA,NA
12/1/2026,NA,NA,NA,NA,NA,22,4,5,0,0,0,0,12,0,0,0,0,0,0,0,0,0,0,0,1,717.1530679,2.75,NA,NA,NA,2968.890034,NA,NA,NA
1/1/2027,NA,NA,NA,NA,NA,19,5,7,0,0,0,0,1,1,0,0,0,0,0,0,0,0,0,0,0,717.5519645,2.75,NA,NA,NA,2970.146638,NA,NA,NA
2/1/2027,NA,NA,NA,NA,NA,19,4,5,0,0,0,0,2,0,1,0,0,0,0,0,0,0,0,0,0,717.952034,2.75,NA,NA,NA,2971.417032,NA,NA,NA
3/1/2027,NA,NA,NA,NA,NA,23,4,4,0,0,0,0,3,0,0,1,0,0,0,0,0,0,0,0,0,718.3526476,2.75,NA,NA,NA,2972.694353,NA,NA,NA
4/1/2027,NA,NA,NA,NA,NA,22,4,4,0,0,0,0,4,0,0,0,1,0,0,0,0,0,0,0,0,718.7533525,2.75,NA,NA,NA,2973.970694,NA,NA,NA
5/1/2027,NA,NA,NA,NA,NA,20,5,6,0,0,0,0,5,0,0,0,0,1,0,0,0,0,0,0,0,719.1534801,2.75,NA,NA,NA,2975.239469,NA,NA,NA
6/1/2027,NA,NA,NA,NA,NA,22,4,4,0,0,0,0,6,0,0,0,0,0,1,0,0,0,0,0,0,719.5514972,2.75,NA,NA,NA,2976.499391,NA,NA,NA
7/1/2027,NA,NA,NA,NA,NA,21,4,6,0,0,0,0,7,0,0,0,0,0,0,1,0,0,0,0,0,719.9456546,2.75,NA,NA,NA,2977.750498,NA,NA,NA
8/1/2027,NA,NA,NA,NA,NA,22,5,4,0,0,0,0,8,0,0,0,0,0,0,0,1,0,0,0,0,720.3349909,2.75,NA,NA,NA,2978.994087,NA,NA,NA
9/1/2027,NA,NA,NA,NA,NA,21,4,5,0,0,0,0,9,0,0,0,0,0,0,0,0,1,0,0,0,720.7216963,2.75,NA,NA,NA,2980.236495,NA,NA,NA
10/1/2027,NA,NA,NA,NA,NA,20,5,6,0,0,0,0,10,0,0,0,0,0,0,0,0,0,1,0,0,721.108749,2.75,NA,NA,NA,2981.485316,NA,NA,NA
11/1/2027,NA,NA,NA,NA,NA,19,4,7,0,0,0,0,11,0,0,0,0,0,0,0,0,0,0,1,0,721.4985349,2.75,NA,NA,NA,2982.74654,NA,NA,NA
12/1/2027,NA,NA,NA,NA,NA,21,4,6,0,0,0,0,12,0,0,0,0,0,0,0,0,0,0,0,1,721.891071,2.75,NA,NA,NA,2984.019726,NA,NA,NA
1/1/2028,NA,NA,NA,NA,NA,20,5,6,0,0,0,0,1,1,0,0,0,0,0,0,0,0,0,0,0,722.2857821,2.75,NA,NA,NA,2985.302826,NA,NA,NA
2/1/2028,NA,NA,NA,NA,NA,20,4,5,0,0,0,0,2,0,1,0,0,0,0,0,0,0,0,0,0,722.6820314,2.75,NA,NA,NA,2986.593507,NA,NA,NA
3/1/2028,NA,NA,NA,NA,NA,23,4,4,0,0,0,0,3,0,0,1,0,0,0,0,0,0,0,0,0,723.0789356,2.75,NA,NA,NA,2987.888295,NA,NA,NA
4/1/2028,NA,NA,NA,NA,NA,20,5,5,0,0,0,0,4,0,0,0,1,0,0,0,0,0,0,0,0,723.4755495,2.75,NA,NA,NA,2989.183429,NA,NA,NA
5/1/2028,NA,NA,NA,NA,NA,22,4,5,0,0,0,0,5,0,0,0,0,1,0,0,0,0,0,0,0,723.870895,2.75,NA,NA,NA,2990.47548,NA,NA,NA
6/1/2028,NA,NA,NA,NA,NA,22,4,4,0,0,0,0,6,0,0,0,0,0,1,0,0,0,0,0,0,724.2638612,2.75,NA,NA,NA,2991.762338,NA,NA,NA
7/1/2028,NA,NA,NA,NA,NA,20,5,6,0,0,0,0,7,0,0,0,0,0,0,1,0,0,0,0,0,724.653304,2.75,NA,NA,NA,2993.042224,NA,NA,NA
8/1/2028,NA,NA,NA,NA,NA,23,4,4,0,0,0,0,8,0,0,0,0,0,0,0,1,0,0,0,0,725.0387066,2.75,NA,NA,NA,2994.315998,NA,NA,NA
9/1/2028,NA,NA,NA,NA,NA,20,4,6,0,0,0,0,9,0,0,0,0,0,0,0,0,1,0,0,0,725.422061,2.75,NA,NA,NA,2995.595086,NA,NA,NA
10/1/2028,NA,NA,NA,NA,NA,21,5,5,0,0,0,0,10,0,0,0,0,0,0,0,0,0,1,0,0,725.8059866,2.75,NA,NA,NA,2996.893554,NA,NA,NA
11/1/2028,NA,NA,NA,NA,NA,19,4,7,0,0,0,0,11,0,0,0,0,0,0,0,0,0,0,1,0,726.1925487,2.75,NA,NA,NA,2998.221559,NA,NA,NA
12/1/2028,NA,NA,NA,NA,NA,20,5,6,0,0,0,0,12,0,0,0,0,0,0,0,0,0,0,0,1,726.5815977,2.75,NA,NA,NA,2999.573624,NA,NA,NA
1/1/2029,NA,NA,NA,NA,NA,21,4,6,0,0,0,0,1,1,0,0,0,0,0,0,0,0,0,0,0,726.97243,2.75,NA,NA,NA,3000.940362,NA,NA,NA
2/1/2029,NA,NA,NA,NA,NA,19,4,5,0,0,0,0,2,0,1,0,0,0,0,0,0,0,0,0,0,727.3644579,2.75,NA,NA,NA,3002.313499,NA,NA,NA
3/1/2029,NA,NA,NA,NA,NA,22,4,5,0,0,0,0,3,0,0,1,0,0,0,0,0,0,0,0,0,727.7575575,2.75,NA,NA,NA,3003.689205,NA,NA,NA
4/1/2029,NA,NA,NA,NA,NA,21,5,4,0,0,0,0,4,0,0,0,1,0,0,0,0,0,0,0,0,728.1517208,2.75,NA,NA,NA,3005.064762,NA,NA,NA
5/1/2029,NA,NA,NA,NA,NA,22,4,5,0,0,0,0,5,0,0,0,0,1,0,0,0,0,0,0,0,728.5461254,2.75,NA,NA,NA,3006.438007,NA,NA,NA
6/1/2029,NA,NA,NA,NA,NA,21,4,5,0,0,0,0,6,0,0,0,0,0,1,0,0,0,0,0,0,728.9366916,2.75,NA,NA,NA,3007.808993,NA,NA,NA
7/1/2029,NA,NA,NA,NA,NA,21,5,5,0,0,0,0,7,0,0,0,0,0,0,1,0,0,0,0,0,729.3185256,2.75,NA,NA,NA,3009.178329,NA,NA,NA
8/1/2029,NA,NA,NA,NA,NA,23,4,4,0,0,0,0,8,0,0,0,0,0,0,0,1,0,0,0,0,729.6886781,2.75,NA,NA,NA,3010.547529,NA,NA,NA
9/1/2029,NA,NA,NA,NA,NA,19,5,6,0,0,0,0,9,0,0,0,0,0,0,0,0,1,0,0,0,730.0519785,2.75,NA,NA,NA,3011.921736,NA,NA,NA
10/1/2029,NA,NA,NA,NA,NA,22,4,5,0,0,0,0,10,0,0,0,0,0,0,0,0,0,1,0,0,730.4152007,2.75,NA,NA,NA,3013.306998,NA,NA,NA
11/1/2029,NA,NA,NA,NA,NA,19,4,7,0,0,0,0,11,0,0,0,0,0,0,0,0,0,0,1,0,730.7833602,2.75,NA,NA,NA,3014.708302,NA,NA,NA
12/1/2029,NA,NA,NA,NA,NA,20,5,6,0,0,0,0,12,0,0,0,0,0,0,0,0,0,0,0,1,731.1544384,2.75,NA,NA,NA,3016.126382,NA,NA,NA
1/1/2030,NA,NA,NA,NA,NA,21,4,6,0,0,0,0,1,1,0,0,0,0,0,0,0,0,0,0,0,731.524658,2.75,NA,NA,NA,3017.56091,NA,NA,NA
2/1/2030,NA,NA,NA,NA,NA,19,4,5,0,0,0,0,2,0,1,0,0,0,0,0,0,0,0,0,0,731.8922307,2.75,NA,NA,NA,3019.008843,NA,NA,NA
3/1/2030,NA,NA,NA,NA,NA,21,5,5,0,0,0,0,3,0,0,1,0,0,0,0,0,0,0,0,0,732.2633232,2.75,NA,NA,NA,3020.456277,NA,NA,NA
4/1/2030,NA,NA,NA,NA,NA,22,4,4,0,0,0,0,4,0,0,0,1,0,0,0,0,0,0,0,0,732.6460909,2.75,NA,NA,NA,3021.88659,NA,NA,NA
5/1/2030,NA,NA,NA,NA,NA,22,4,5,0,0,0,0,5,0,0,0,0,1,0,0,0,0,0,0,0,733.0414834,2.75,NA,NA,NA,3023.290134,NA,NA,NA
6/1/2030,NA,NA,NA,NA,NA,20,5,5,0,0,0,0,6,0,0,0,0,0,1,0,0,0,0,0,0,733.4216265,2.75,NA,NA,NA,3024.685138,NA,NA,NA
7/1/2030,NA,NA,NA,NA,NA,22,4,5,0,0,0,0,7,0,0,0,0,0,0,1,0,0,0,0,0,733.7514401,2.75,NA,NA,NA,3026.096804,NA,NA,NA
8/1/2030,NA,NA,NA,NA,NA,22,4,5,0,0,0,0,8,0,0,0,0,0,0,0,1,0,0,0,0,734.0077406,2.75,NA,NA,NA,3027.542754,NA,NA,NA
9/1/2030,NA,NA,NA,NA,NA,20,5,5,0,0,0,0,9,0,0,0,0,0,0,0,0,1,0,0,0,734.2149295,2.75,NA,NA,NA,3029.010299,NA,NA,NA
10/1/2030,NA,NA,NA,NA,NA,22,4,5,0,0,0,0,10,0,0,0,0,0,0,0,0,0,1,0,0,734.4093047,2.75,NA,NA,NA,3030.479172,NA,NA,NA
11/1/2030,NA,NA,NA,NA,NA,18,4,8,0,0,0,0,11,0,0,0,0,0,0,0,0,0,0,1,0,734.6195605,2.75,NA,NA,NA,3031.934515,NA,NA,NA
12/1/2030,NA,NA,NA,NA,NA,21,5,5,0,0,0,0,12,0,0,0,0,0,0,0,0,0,0,0,1,734.8439764,2.75,NA,NA,NA,3033.3831,NA,NA,NA
1/1/2031,NA,NA,NA,NA,NA,21,4,6,0,0,0,0,1,1,0,0,0,0,0,0,0,0,0,0,0,735.0732284,2.75,NA,NA,NA,3034.837108,NA,NA,NA
2/1/2031,NA,NA,NA,NA,NA,19,4,5,0,0,0,0,2,0,1,0,0,0,0,0,0,0,0,0,0,735.2998142,2.75,NA,NA,NA,3036.306509,NA,NA,NA
3/1/2031,NA,NA,NA,NA,NA,21,5,5,0,0,0,0,3,0,0,1,0,0,0,0,0,0,0,0,0,735.5235192,2.75,NA,NA,NA,3037.792424,NA,NA,NA
4/1/2031,NA,NA,NA,NA,NA,22,4,4,0,0,0,0,4,0,0,0,1,0,0,0,0,0,0,0,0,735.7459506,2.75,NA,NA,NA,3039.293764,NA,NA,NA
5/1/2031,NA,NA,NA,NA,NA,22,4,5,0,0,0,0,5,0,0,0,0,1,0,0,0,0,0,0,0,735.9678495,2.75,NA,NA,NA,3040.809668,NA,NA,NA
6/1/2031,NA,NA,NA,NA,NA,20,5,5,0,0,0,0,6,0,0,0,0,0,1,0,0,0,0,0,0,736.186492,2.75,NA,NA,NA,3042.340191,NA,NA,NA
7/1/2031,NA,NA,NA,NA,NA,22,4,5,0,0,0,0,7,0,0,0,0,0,0,1,0,0,0,0,0,736.3982882,2.75,NA,NA,NA,3043.885616,NA,NA,NA
8/1/2031,NA,NA,NA,NA,NA,22,4,5,0,0,0,0,8,0,0,0,0,0,0,0,1,0,0,0,0,736.601031,2.75,NA,NA,NA,3045.446166,NA,NA,NA
9/1/2031,NA,NA,NA,NA,NA,20,5,5,0,0,0,0,9,0,0,0,0,0,0,0,0,1,0,0,0,736.7980457,2.75,NA,NA,NA,3047.021819,NA,NA,NA
10/1/2031,NA,NA,NA,NA,NA,22,4,5,0,0,0,0,10,0,0,0,0,0,0,0,0,0,1,0,0,736.9940408,2.75,NA,NA,NA,3048.61249,NA,NA,NA
11/1/2031,NA,NA,NA,NA,NA,18,4,8,0,0,0,0,11,0,0,0,0,0,0,0,0,0,0,1,0,737.19277,2.75,NA,NA,NA,3050.216947,NA,NA,NA
12/1/2031,NA,NA,NA,NA,NA,21,5,5,0,0,0,0,12,0,0,0,0,0,0,0,0,0,0,0,1,737.3941689,2.75,NA,NA,NA,3051.829362,NA,NA,NA
1/1/2032,NA,NA,NA,NA,NA,21,4,6,0,0,0,0,1,1,0,0,0,0,0,0,0,0,0,0,0,737.5972187,2.75,NA,NA,NA,3053.442759,NA,NA,NA
2/1/2032,NA,NA,NA,NA,NA,20,4,5,0,0,0,0,2,0,1,0,0,0,0,0,0,0,0,0,0,737.8010028,2.75,NA,NA,NA,3055.051446,NA,NA,NA
3/1/2032,NA,NA,NA,NA,NA,21,5,5,0,0,0,0,3,0,0,1,0,0,0,0,0,0,0,0,0,738.0050148,2.75,NA,NA,NA,3056.654867,NA,NA,NA
4/1/2032,NA,NA,NA,NA,NA,22,4,4,0,0,0,0,4,0,0,0,1,0,0,0,0,0,0,0,0,738.2088506,2.75,NA,NA,NA,3058.253751,NA,NA,NA
5/1/2032,NA,NA,NA,NA,NA,22,4,5,0,0,0,0,5,0,0,0,0,1,0,0,0,0,0,0,0,738.4114867,2.75,NA,NA,NA,3059.848824,NA,NA,NA
6/1/2032,NA,NA,NA,NA,NA,20,5,5,0,0,0,0,6,0,0,0,0,0,1,0,0,0,0,0,0,738.6094212,2.75,NA,NA,NA,3061.440812,NA,NA,NA
7/1/2032,NA,NA,NA,NA,NA,22,4,5,0,0,0,0,7,0,0,0,0,0,0,1,0,0,0,0,0,738.7985323,2.75,NA,NA,NA,3063.030436,NA,NA,NA
8/1/2032,NA,NA,NA,NA,NA,22,4,5,0,0,0,0,8,0,0,0,0,0,0,0,1,0,0,0,0,738.9763513,2.75,NA,NA,NA,3064.618513,NA,NA,NA
9/1/2032,NA,NA,NA,NA,NA,20,5,5,0,0,0,0,9,0,0,0,0,0,0,0,0,1,0,0,0,739.1470204,2.75,NA,NA,NA,3066.206225,NA,NA,NA
10/1/2032,NA,NA,NA,NA,NA,22,4,5,0,0,0,0,10,0,0,0,0,0,0,0,0,0,1,0,0,739.3163345,2.75,NA,NA,NA,3067.794848,NA,NA,NA
11/1/2032,NA,NA,NA,NA,NA,18,4,8,0,0,0,0,11,0,0,0,0,0,0,0,0,0,0,1,0,739.4888485,2.75,NA,NA,NA,3069.38518,NA,NA,NA
12/1/2032,NA,NA,NA,NA,NA,21,5,5,0,0,0,0,12,0,0,0,0,0,0,0,0,0,0,0,1,739.6641575,2.75,NA,NA,NA,3070.976114,NA,NA,NA
1/1/2033,NA,NA,NA,NA,NA,21,4,6,0,0,0,0,1,1,0,0,0,0,0,0,0,0,0,0,0,739.8406167,2.75,NA,NA,NA,3072.566068,NA,NA,NA
2/1/2033,NA,NA,NA,NA,NA,19,4,5,0,0,0,0,2,0,1,0,0,0,0,0,0,0,0,0,0,740.0169659,2.75,NA,NA,NA,3074.153896,NA,NA,NA
3/1/2033,NA,NA,NA,NA,NA,21,5,5,0,0,0,0,3,0,0,1,0,0,0,0,0,0,0,0,0,740.1934837,2.75,NA,NA,NA,3075.7402,NA,NA,NA
4/1/2033,NA,NA,NA,NA,NA,22,4,4,0,0,0,0,4,0,0,0,1,0,0,0,0,0,0,0,0,740.3708333,2.75,NA,NA,NA,3077.326021,NA,NA,NA
5/1/2033,NA,NA,NA,NA,NA,22,4,5,0,0,0,0,5,0,0,0,0,1,0,0,0,0,0,0,0,740.5483279,2.75,NA,NA,NA,3078.910962,NA,NA,NA
6/1/2033,NA,NA,NA,NA,NA,20,5,5,0,0,0,0,6,0,0,0,0,0,1,0,0,0,0,0,0,740.7198805,2.75,NA,NA,NA,3080.488876,NA,NA,NA
7/1/2033,NA,NA,NA,NA,NA,22,4,5,0,0,0,0,7,0,0,0,0,0,0,1,0,0,0,0,0,740.878054,2.75,NA,NA,NA,3082.052181,NA,NA,NA
8/1/2033,NA,NA,NA,NA,NA,22,4,5,0,0,0,0,8,0,0,0,0,0,0,0,1,0,0,0,0,741.0181415,2.75,NA,NA,NA,3083.596359,NA,NA,NA
9/1/2033,NA,NA,NA,NA,NA,20,5,5,0,0,0,0,9,0,0,0,0,0,0,0,0,1,0,0,0,741.1463568,2.75,NA,NA,NA,3085.129162,NA,NA,NA
10/1/2033,NA,NA,NA,NA,NA,22,4,5,0,0,0,0,10,0,0,0,0,0,0,0,0,0,1,0,0,741.271644,2.75,NA,NA,NA,3086.661407,NA,NA,NA
11/1/2033,NA,NA,NA,NA,NA,18,4,8,0,0,0,0,11,0,0,0,0,0,0,0,0,0,0,1,0,741.40108,2.75,NA,NA,NA,3088.201443,NA,NA,NA
12/1/2033,NA,NA,NA,NA,NA,21,5,5,0,0,0,0,12,0,0,0,0,0,0,0,0,0,0,0,1,741.5342723,2.75,NA,NA,NA,3089.747741,NA,NA,NA
1/1/2034,NA,NA,NA,NA,NA,21,4,6,0,0,0,0,1,1,0,0,0,0,0,0,0,0,0,0,0,741.6689614,2.75,NA,NA,NA,3091.296305,NA,NA,NA
2/1/2034,NA,NA,NA,NA,NA,19,4,5,0,0,0,0,2,0,1,0,0,0,0,0,0,0,0,0,0,741.8032837,2.75,NA,NA,NA,3092.843522,NA,NA,NA
3/1/2034,NA,NA,NA,NA,NA,21,5,5,0,0,0,0,3,0,0,1,0,0,0,0,0,0,0,0,0,741.9369595,2.75,NA,NA,NA,3094.387318,NA,NA,NA
4/1/2034,NA,NA,NA,NA,NA,22,4,4,0,0,0,0,4,0,0,0,1,0,0,0,0,0,0,0,0,742.0701052,2.75,NA,NA,NA,3095.926006,NA,NA,NA
5/1/2034,NA,NA,NA,NA,NA,22,4,5,0,0,0,0,5,0,0,0,0,1,0,0,0,0,0,0,0,742.2020843,2.75,NA,NA,NA,3097.457364,NA,NA,NA
6/1/2034,NA,NA,NA,NA,NA,20,5,5,0,0,0,0,6,0,0,0,0,0,1,0,0,0,0,0,0,742.3292482,2.75,NA,NA,NA,3098.977035,NA,NA,NA
7/1/2034,NA,NA,NA,NA,NA,22,4,5,0,0,0,0,7,0,0,0,0,0,0,1,0,0,0,0,0,742.4471957,2.75,NA,NA,NA,3100.480131,NA,NA,NA
8/1/2034,NA,NA,NA,NA,NA,22,4,5,0,0,0,0,8,0,0,0,0,0,0,0,1,0,0,0,0,742.5533216,2.75,NA,NA,NA,3101.964442,NA,NA,NA
9/1/2034,NA,NA,NA,NA,NA,20,5,5,0,0,0,0,9,0,0,0,0,0,0,0,0,1,0,0,0,742.6522064,2.75,NA,NA,NA,3103.438483,NA,NA,NA
10/1/2034,NA,NA,NA,NA,NA,22,4,5,0,0,0,0,10,0,0,0,0,0,0,0,0,0,1,0,0,742.7502268,2.75,NA,NA,NA,3104.91345,NA,NA,NA
11/1/2034,NA,NA,NA,NA,NA,18,4,8,0,0,0,0,11,0,0,0,0,0,0,0,0,0,0,1,0,742.8519928,2.75,NA,NA,NA,3106.398321,NA,NA,NA
12/1/2034,NA,NA,NA,NA,NA,21,5,5,0,0,0,0,12,0,0,0,0,0,0,0,0,0,0,0,1,742.9550479,2.75,NA,NA,NA,3107.893206,NA,NA,NA
1/1/2035,NA,NA,NA,NA,NA,21,4,6,0,0,0,0,1,1,0,0,0,0,0,0,0,0,0,0,0,743.0551686,2.75,NA,NA,NA,3109.395997,NA,NA,NA
2/1/2035,NA,NA,NA,NA,NA,19,4,5,0,0,0,0,2,0,1,0,0,0,0,0,0,0,0,0,0,743.1505734,2.75,NA,NA,NA,3110.902211,NA,NA,NA
3/1/2035,NA,NA,NA,NA,NA,21,5,5,0,0,0,0,3,0,0,1,0,0,0,0,0,0,0,0,0,743.2492471,2.75,NA,NA,NA,3112.39787,NA,NA,NA
4/1/2035,NA,NA,NA,NA,NA,22,4,4,0,0,0,0,4,0,0,0,1,0,0,0,0,0,0,0,0,743.3616163,2.75,NA,NA,NA,3113.866621,NA,NA,NA
5/1/2035,NA,NA,NA,NA,NA,22,4,5,0,0,0,0,5,0,0,0,0,1,0,0,0,0,0,0,0,743.4891253,2.75,NA,NA,NA,3115.303834,NA,NA,NA
6/1/2035,NA,NA,NA,NA,NA,20,5,5,0,0,0,0,6,0,0,0,0,0,1,0,0,0,0,0,0,743.5972897,2.75,NA,NA,NA,3116.751771,NA,NA,NA
7/1/2035,NA,NA,NA,NA,NA,22,4,5,0,0,0,0,7,0,0,0,0,0,0,1,0,0,0,0,0,743.6426431,2.75,NA,NA,NA,3118.264413,NA,NA,NA
8/1/2035,NA,NA,NA,NA,NA,22,4,5,0,0,0,0,8,0,0,0,0,0,0,0,1,0,0,0,0,743.6184756,2.75,NA,NA,NA,3119.853248,NA,NA,NA
9/1/2035,NA,NA,NA,NA,NA,20,5,5,0,0,0,0,9,0,0,0,0,0,0,0,0,1,0,0,0,743.6651048,2.75,NA,NA,NA,3121.359772,NA,NA,NA
10/1/2035,NA,NA,NA,NA,NA,22,4,5,0,0,0,0,10,0,0,0,0,0,0,0,0,0,1,0,0,743.9596048,2.75,NA,NA,NA,3122.582985,NA,NA,NA
11/1/2035,NA,NA,NA,NA,NA,18,4,8,0,0,0,0,11,0,0,0,0,0,0,0,0,0,0,1,0,744.6022468,2.75,NA,NA,NA,3123.410784,NA,NA,NA
12/1/2035,NA,NA,NA,NA,NA,21,5,5,0,0,0,0,12,0,0,0,0,0,0,0,0,0,0,0,1,745.3860897,2.75,NA,NA,NA,3124.086654,NA,NA,NA
1/1/2036,NA,NA,NA,NA,NA,21,4,6,0,0,0,0,1,1,0,0,0,0,0,0,0,0,0,0,0,746.0273893,2.75,NA,NA,NA,3124.942977,NA,NA,NA
2/1/2036,NA,NA,NA,NA,NA,20,4,5,0,0,0,0,2,0,1,0,0,0,0,0,0,0,0,0,0,746.3193079,2.75,NA,NA,NA,3126.22019,NA,NA,NA
3/1/2036,NA,NA,NA,NA,NA,21,5,5,0,0,0,0,3,0,0,1,0,0,0,0,0,0,0,0,0,746.3626341,2.75,NA,NA,NA,3127.790947,NA,NA,NA
4/1/2036,NA,NA,NA,NA,NA,22,4,4,0,0,0,0,4,0,0,0,1,0,0,0,0,0,0,0,0,746.3350628,2.75,NA,NA,NA,3129.435954,NA,NA,NA
5/1/2036,NA,NA,NA,NA,NA,22,4,5,0,0,0,0,5,0,0,0,0,1,0,0,0,0,0,0,0,746.3777446,2.75,NA,NA,NA,3130.981555,NA,NA,NA
6/1/2036,NA,NA,NA,NA,NA,20,5,5,0,0,0,0,6,0,0,0,0,0,1,0,0,0,0,0,0,746.4856522,2.75,NA,NA,NA,3132.43664,NA,NA,NA
7/1/2036,NA,NA,NA,NA,NA,22,4,5,0,0,0,0,7,0,0,0,0,0,0,1,0,0,0,0,0,746.6172136,2.75,NA,NA,NA,3133.855735,NA,NA,NA
8/1/2036,NA,NA,NA,NA,NA,22,4,5,0,0,0,0,8,0,0,0,0,0,0,0,1,0,0,0,0,746.738166,2.75,NA,NA,NA,3135.284238,NA,NA,NA
9/1/2036,NA,NA,NA,NA,NA,20,5,5,0,0,0,0,9,0,0,0,0,0,0,0,0,1,0,0,0,746.843482,2.75,NA,NA,NA,3136.731039,NA,NA,NA
10/1/2036,NA,NA,NA,NA,NA,22,4,5,0,0,0,0,10,0,0,0,0,0,0,0,0,0,1,0,0,746.9354432,2.75,NA,NA,NA,3138.1959,NA,NA,NA
11/1/2036,NA,NA,NA,NA,NA,18,4,8,0,0,0,0,11,0,0,0,0,0,0,0,0,0,0,1,0,746.9354432,2.75,NA,NA,NA,3138.1959,NA,NA,NA
12/1/2036,NA,NA,NA,NA,NA,21,5,5,0,0,0,0,12,0,0,0,0,0,0,0,0,0,0,0,1,746.9354432,2.75,NA,NA,NA,3138.1959,NA,NA,NA
